QB,RB,RB,WR,WR,WR,TE,FLEX,DST
Josh Allen,Devin Singletary,Aaron Jones,Marquise Brown,Stefon Diggs,Robert Woods,Mark Andrews,Cole Beasley,Buffalo Bills
Josh Allen,Devin Singletary,Cam Akers,Stefon Diggs,Allen Lazard,Cole Beasley,Mark Andrews,Davante Adams,Los Angeles Rams
Lamar Jackson,Devin Singletary,Cam Akers,Marquise Brown,Stefon Diggs,Cooper Kupp,Mark Andrews,Aaron Jones,Los Angeles Rams
Jared Goff,Devin Singletary,Cam Akers,Stefon Diggs,Robert Woods,Davante Adams,Tyler Higbee,Aaron Jones,Buffalo Bills
Josh Allen,Devin Singletary,Cam Akers,Marquise Brown,Stefon Diggs,Cooper Kupp,Dawson Knox,Davante Adams,Buffalo Bills
Lamar Jackson,Devin Singletary,Cam Akers,Marquise Brown,Robert Woods,Davante Adams,Mark Andrews,John Brown,Baltimore Ravens
Aaron Rodgers,Cam Akers,Aaron Jones,Stefon Diggs,Allen Lazard,Davante Adams,Mark Andrews,Tyler Higbee,Baltimore Ravens
Josh Allen,Devin Singletary,Aaron Jones,Marquise Brown,Stefon Diggs,Davante Adams,Tyler Higbee,John Brown,Los Angeles Rams
Jared Goff,Cam Akers,Aaron Jones,Robert Woods,Cole Beasley,Cooper Kupp,Mark Andrews,Davante Adams,Los Angeles Rams
Aaron Rodgers,Devin Singletary,Aaron Jones,Allen Lazard,Robert Woods,Cooper Kupp,Mark Andrews,Davante Adams,Buffalo Bills
Josh Allen,Devin Singletary,Cam Akers,Stefon Diggs,Robert Woods,Cooper Kupp,Mark Andrews,John Brown,Green Bay Packers
Josh Allen,Cam Akers,Aaron Jones,Robert Woods,Davante Adams,John Brown,Mark Andrews,Dawson Knox,Buffalo Bills
Aaron Rodgers,Devin Singletary,Cam Akers,Marquise Brown,Cooper Kupp,Davante Adams,Robert Tonyan,Aaron Jones,Baltimore Ravens
Josh Allen,Cam Akers,Aaron Jones,Marquise Brown,Stefon Diggs,Cole Beasley,Tyler Higbee,Cooper Kupp,Green Bay Packers
Aaron Rodgers,Devin Singletary,Gus Edwards,Marquise Brown,Stefon Diggs,Robert Woods,Robert Tonyan,Davante Adams,Buffalo Bills
Aaron Rodgers,Devin Singletary,Cam Akers,Robert Woods,Cole Beasley,Davante Adams,Mark Andrews,Robert Tonyan,Green Bay Packers
Lamar Jackson,Cam Akers,Gus Edwards,Marquise Brown,Stefon Diggs,Robert Woods,Mark Andrews,Cole Beasley,Green Bay Packers
Aaron Rodgers,Cam Akers,Aaron Jones,Stefon Diggs,Cole Beasley,Davante Adams,Robert Tonyan,Gerald Everett,Buffalo Bills
Lamar Jackson,Devin Singletary,Aaron Jones,Marquise Brown,Cole Beasley,Davante Adams,Mark Andrews,Tyler Higbee,Green Bay Packers
Jared Goff,Devin Singletary,Gus Edwards,Stefon Diggs,Robert Woods,Cooper Kupp,Mark Andrews,Davante Adams,Baltimore Ravens
