Entry ID,Contest Name,Contest ID,Entry Fee,P,P,C,1B,2B,3B,SS,OF,OF,OF,,Instructions,,,,,,,,,,,
1566226124,MLB $6K Quarter Jukebox [Just $0.25!],74820096,$0.25 ,James Paxton (13089606),Joey Lucchesi (13089607),Austin Hedges (13089858),Mitch Moreland (13089680),Luis Urias (13089917),Rafael Devers (13089615),Manny Machado (13089664),Wil Myers (13089716),Hunter Renfroe (13089670),Aaron Judge (13089634),,1. Column A lists all of your contest entries for this draftgroup,,,,,,,,,,,
1566226125,MLB $6K Quarter Jukebox [Just $0.25!],74820096,$0.25 ,James Paxton (13089606),Eduardo Rodriguez (13089604),Francisco Mejia (13089789),Christian Walker (13089683),Luis Urias (13089917),Colin Moran (13089721),Manny Machado (13089664),Wil Myers (13089716),Hunter Renfroe (13089670),Aaron Judge (13089634),,2. Your current lineup is listed next to each entry (blank for reservations),,,,,,,,,,,
1566226126,MLB $6K Quarter Jukebox [Just $0.25!],74820096,$0.25 ,James Paxton (13089606),Eduardo Rodriguez (13089604),Austin Hedges (13089858),Mitch Moreland (13089680),Brock Holt (13089766),Gio Urshela (13089631),Manny Machado (13089664),Wil Myers (13089716),Hunter Renfroe (13089670),Manuel Margot (13089734),,3. You can change the lineup for an entry by entering the IDs of the players in the row next to that entry,,,,,,,,,,,
1566226127,MLB $6K Quarter Jukebox [Just $0.25!],74820096,$0.25 ,James Paxton (13089606),Joey Lucchesi (13089607),Francisco Mejia (13089789),Ryan O'Hearn (13089905),Ketel Marte (13089624),Rafael Devers (13089615),Manny Machado (13089664),Wil Myers (13089716),Hunter Renfroe (13089670),Manuel Margot (13089734),,4. Use data from the Name+ID column or the ID column; you cannot use just the player's name,,,,,,,,,,,
1566226128,MLB $6K Quarter Jukebox [Just $0.25!],74820096,$0.25 ,James Paxton (13089606),Joey Lucchesi (13089607),Francisco Mejia (13089789),Rhys Hoskins (13089663),Luis Urias (13089917),Gio Urshela (13089631),Manny Machado (13089664),Wil Myers (13089716),Hunter Renfroe (13089670),Mookie Betts (13089622),,5. For faster processing only include entries you are changing in the file you upload,,,,,,,,,,,
1566226129,MLB $6K Quarter Jukebox [Just $0.25!],74820096,$0.25 ,James Paxton (13089606),Eduardo Rodriguez (13089604),Austin Hedges (13089858),Eric Hosmer (13089682),Tim Lopes (13089893),Colin Moran (13089721),Manny Machado (13089664),Wil Myers (13089716),Hunter Renfroe (13089670),Mookie Betts (13089622),,,,,,,,,,,,,
1566226130,MLB $6K Quarter Jukebox [Just $0.25!],74820096,$0.25 ,James Paxton (13089606),Joey Lucchesi (13089607),Meibrys Viloria (13089833),Eric Hosmer (13089682),Eduardo Escobar (13089642),Gio Urshela (13089631),Manny Machado (13089664),Wil Myers (13089716),Hunter Renfroe (13089670),Manuel Margot (13089734),,Position,Name + ID,Name,ID,Roster Position,Salary,Game Info,TeamAbbrev,AvgPointsPerGame,,Name,Name + ID
1566226131,MLB $6K Quarter Jukebox [Just $0.25!],74820096,$0.25 ,James Paxton (13089606),Joey Lucchesi (13089607),Francisco Mejia (13089789),Mitch Moreland (13089680),Eduardo Escobar (13089642),Colin Moran (13089721),Fernando Tatis Jr. (13089623),Wil Myers (13089716),Hunter Renfroe (13089670),Manuel Margot (13089734),,SP,Chris Sale (13089992),Chris Sale,13089992,P,11300,KC@BOS 08/07/2019 07:10PM ET,BOS,20.57,,Chris Sale,Chris Sale (13089992)
1566226132,MLB $6K Quarter Jukebox [Just $0.25!],74820096,$0.25 ,James Paxton (13089606),Joey Lucchesi (13089607),Francisco Mejia (13089789),Eric Hosmer (13089682),Brock Holt (13089766),Hunter Dozier (13089671),Manny Machado (13089664),Wil Myers (13089716),Hunter Renfroe (13089670),Aaron Judge (13089634),,SP,Robbie Ray (13089993),Robbie Ray,13089993,P,10400,PHI@ARI 08/07/2019 09:40PM ET,ARI,19.64,,Robbie Ray,Robbie Ray (13089993)
1566226133,MLB $6K Quarter Jukebox [Just $0.25!],74820096,$0.25 ,James Paxton (13089606),Eduardo Rodriguez (13089604),Francisco Mejia (13089789),Mitch Moreland (13089680),Luis Urias (13089917),Gio Urshela (13089631),Fernando Tatis Jr. (13089623),Wil Myers (13089716),Hunter Renfroe (13089670),Trent Grisham (13089786),,SP,Aaron Nola (13089994),Aaron Nola,13089994,P,10100,PHI@ARI 08/07/2019 09:40PM ET,PHI,19.09,,Aaron Nola,Aaron Nola (13089994)
1566226134,MLB $6K Quarter Jukebox [Just $0.25!],74820096,$0.25 ,James Paxton (13089606),Joey Lucchesi (13089607),Meibrys Viloria (13089833),Mitch Moreland (13089680),Brock Holt (13089766),Rafael Devers (13089615),Manny Machado (13089664),Billy Hamilton (13089906),Mookie Betts (13089622),Jackie Bradley Jr. (13089705),,SP,Eduardo Rodriguez (13089604),Eduardo Rodriguez,13089604,P,10000,KC@BOS 08/07/2019 07:10PM ET,BOS,17.36,,Eduardo Rodriguez,Eduardo Rodriguez (13089604)
1566226135,MLB $6K Quarter Jukebox [Just $0.25!],74820096,$0.25 ,James Paxton (13089606),Joey Lucchesi (13089607),Meibrys Viloria (13089833),Christian Walker (13089683),Luis Urias (13089917),Rafael Devers (13089615),Fernando Tatis Jr. (13089623),Wil Myers (13089716),Hunter Renfroe (13089670),Manuel Margot (13089734),,SP,Luis Severino (13089995),Luis Severino,13089995,P,10000,NYY@BAL 08/07/2019 07:05PM ET,NYY,0,,Luis Severino,Luis Severino (13089995)
1566226136,MLB $6K Quarter Jukebox [Just $0.25!],74820096,$0.25 ,James Paxton (13089606),Joey Lucchesi (13089607),Yasmani Grandal (13089699),Eric Hosmer (13089682),Luis Urias (13089917),Colin Moran (13089721),Fernando Tatis Jr. (13089623),Wil Myers (13089716),Hunter Renfroe (13089670),Aaron Judge (13089634),,SP,Brandon Woodruff (13089996),Brandon Woodruff,13089996,P,10000,MIL@PIT 08/07/2019 07:05PM ET,MIL,15.88,,Brandon Woodruff,Brandon Woodruff (13089996)
1566226137,MLB $6K Quarter Jukebox [Just $0.25!],74820096,$0.25 ,James Paxton (13089606),Joey Lucchesi (13089607),Austin Hedges (13089858),Christian Walker (13089683),DJ LeMahieu (13089616),Colin Moran (13089721),Manny Machado (13089664),Wil Myers (13089716),Hunter Renfroe (13089670),Manuel Margot (13089734),,SP,Garrett Richards (13089997),Garrett Richards,13089997,P,9900,SD@SEA 08/07/2019 06:40PM ET,SD,0,,Garrett Richards,Garrett Richards (13089997)
,,,,,,,,,,,,,,,SP,Domingo German (13089998),Domingo German,13089998,P,9700,NYY@BAL 08/07/2019 07:05PM ET,NYY,18.76,,Domingo German,Domingo German (13089998)
,,,,,,,,,,,,,,,SP,Chris Paddack (13089999),Chris Paddack,13089999,P,9600,SD@SEA 08/07/2019 06:40PM ET,SD,18.26,,Chris Paddack,Chris Paddack (13089999)
,,,,,,,,,,,,,,,SP,Jameson Taillon (13090000),Jameson Taillon,13090000,P,9500,MIL@PIT 08/07/2019 07:05PM ET,PIT,13.44,,Jameson Taillon,Jameson Taillon (13090000)
,,,,,,,,,,,,,,,SP,Freddy Peralta (13090001),Freddy Peralta,13090001,P,9200,MIL@PIT 08/07/2019 07:05PM ET,MIL,7.7,,Freddy Peralta,Freddy Peralta (13090001)
,,,,,,,,,,,,,,,SP,Zac Gallen (13089605),Zac Gallen,13089605,P,9200,PHI@ARI 08/07/2019 09:40PM ET,ARI,17.54,,Zac Gallen,Zac Gallen (13089605)
,,,,,,,,,,,,,,,SP,David Price (13090002),David Price,13090002,P,9000,KC@BOS 08/07/2019 07:10PM ET,BOS,15.7,,David Price,David Price (13090002)
,,,,,,,,,,,,,,,RP,Richard Lovelady (13090003),Richard Lovelady,13090003,P,9000,KC@BOS 08/07/2019 07:10PM ET,KC,1.67,,Richard Lovelady,Richard Lovelady (13090003)
,,,,,,,,,,,,,,,SP,James Paxton (13089606),James Paxton,13089606,P,9000,NYY@BAL 08/07/2019 07:05PM ET,NYY,15.93,,James Paxton,James Paxton (13089606)
,,,,,,,,,,,,,,,SP,Masahiro Tanaka (13090004),Masahiro Tanaka,13090004,P,8900,NYY@BAL 08/07/2019 07:05PM ET,NYY,13,,Masahiro Tanaka,Masahiro Tanaka (13090004)
,,,,,,,,,,,,,,,SP,Taylor Widener (13090005),Taylor Widener,13090005,P,8700,PHI@ARI 08/07/2019 09:40PM ET,ARI,0,,Taylor Widener,Taylor Widener (13090005)
,,,,,,,,,,,,,,,SP,Joey Lucchesi (13089607),Joey Lucchesi,13089607,P,8600,SD@SEA 08/07/2019 06:40PM ET,SD,15.23,,Joey Lucchesi,Joey Lucchesi (13089607)
,,,,,,,,,,,,,,,SP,Jordan Montgomery (13090008),Jordan Montgomery,13090008,P,8500,NYY@BAL 08/07/2019 07:05PM ET,NYY,0,,Jordan Montgomery,Jordan Montgomery (13090008)
,,,,,,,,,,,,,,,SP,Luke Weaver (13090007),Luke Weaver,13090007,P,8500,PHI@ARI 08/07/2019 09:40PM ET,ARI,17.25,,Luke Weaver,Luke Weaver (13090007)
,,,,,,,,,,,,,,,SP,Dinelson Lamet (13090006),Dinelson Lamet,13090006,P,8500,SD@SEA 08/07/2019 06:40PM ET,SD,17.68,,Dinelson Lamet,Dinelson Lamet (13090006)
,,,,,,,,,,,,,,,SP,Jonathan Loaisiga (13090009),Jonathan Loaisiga,13090009,P,8400,NYY@BAL 08/07/2019 07:05PM ET,NYY,8.72,,Jonathan Loaisiga,Jonathan Loaisiga (13090009)
,,,,,,,,,,,,,,,SP,Mike Leake (13090010),Mike Leake,13090010,P,8400,PHI@ARI 08/07/2019 09:40PM ET,ARI,14.04,,Mike Leake,Mike Leake (13090010)
,,,,,,,,,,,,,,,SP,Taijuan Walker (13090011),Taijuan Walker,13090011,P,8400,PHI@ARI 08/07/2019 09:40PM ET,ARI,0,,Taijuan Walker,Taijuan Walker (13090011)
,,,,,,,,,,,,,,,RP,Josh Staumont (13090014),Josh Staumont,13090014,P,8300,KC@BOS 08/07/2019 07:10PM ET,KC,1.12,,Josh Staumont,Josh Staumont (13090014)
,,,,,,,,,,,,,,,SP,Brent Suter (13090013),Brent Suter,13090013,P,8300,MIL@PIT 08/07/2019 07:05PM ET,MIL,0,,Brent Suter,Brent Suter (13090013)
,,,,,,,,,,,,,,,SP,Jacob Nix (13090012),Jacob Nix,13090012,P,8300,SD@SEA 08/07/2019 06:40PM ET,SD,0,,Jacob Nix,Jacob Nix (13090012)
,,,,,,,,,,,,,,,SP,Chad Kuhl (13090015),Chad Kuhl,13090015,P,8200,MIL@PIT 08/07/2019 07:05PM ET,PIT,0,,Chad Kuhl,Chad Kuhl (13090015)
,,,,,,,,,,,,,,,SP,Stephen Tarpley (13090017),Stephen Tarpley,13090017,P,8100,NYY@BAL 08/07/2019 07:05PM ET,NYY,1.65,,Stephen Tarpley,Stephen Tarpley (13090017)
,,,,,,,,,,,,,,,SP,Zach Eflin (13090018),Zach Eflin,13090018,P,8100,PHI@ARI 08/07/2019 09:40PM ET,PHI,12.08,,Zach Eflin,Zach Eflin (13090018)
,,,,,,,,,,,,,,,SP,Brett Kennedy (13090016),Brett Kennedy,13090016,P,8100,SD@SEA 08/07/2019 06:40PM ET,SD,0,,Brett Kennedy,Brett Kennedy (13090016)
,,,,,,,,,,,,,,,SP,Travis Lakins (13090021),Travis Lakins,13090021,P,8000,KC@BOS 08/07/2019 07:10PM ET,BOS,1.26,,Travis Lakins,Travis Lakins (13090021)
,,,,,,,,,,,,,,,SP,Jason Vargas (13089608),Jason Vargas,13089608,P,8000,PHI@ARI 08/07/2019 09:40PM ET,PHI,13.16,,Jason Vargas,Jason Vargas (13089608)
,,,,,,,,,,,,,,,SP,Joel Payamps (13090020),Joel Payamps,13090020,P,8000,PHI@ARI 08/07/2019 09:40PM ET,ARI,0,,Joel Payamps,Joel Payamps (13090020)
,,,,,,,,,,,,,,,SP,Tommy Milone (13090019),Tommy Milone,13090019,P,8000,SD@SEA 08/07/2019 06:40PM ET,SEA,13.2,,Tommy Milone,Tommy Milone (13090019)
,,,,,,,,,,,,,,,SP,JoJo Romero (13090022),JoJo Romero,13090022,P,7900,PHI@ARI 08/07/2019 09:40PM ET,PHI,0,,JoJo Romero,JoJo Romero (13090022)
,,,,,,,,,,,,,,,SP,Vince Velasquez (13090024),Vince Velasquez,13090024,P,7800,PHI@ARI 08/07/2019 09:40PM ET,PHI,9.18,,Vince Velasquez,Vince Velasquez (13090024)
,,,,,,,,,,,,,,,SP,Pedro Avila (13090023),Pedro Avila,13090023,P,7800,SD@SEA 08/07/2019 06:40PM ET,SD,15.8,,Pedro Avila,Pedro Avila (13090023)
,,,,,,,,,,,,,,,SP,Jimmy Nelson (13090025),Jimmy Nelson,13090025,P,7700,MIL@PIT 08/07/2019 07:05PM ET,MIL,3.92,,Jimmy Nelson,Jimmy Nelson (13090025)
,,,,,,,,,,,,,,,SP,Trey Supak (13090028),Trey Supak,13090028,P,7700,MIL@PIT 08/07/2019 07:05PM ET,MIL,0,,Trey Supak,Trey Supak (13090028)
,,,,,,,,,,,,,,,SP,Chris Archer (13090029),Chris Archer,13090029,P,7700,MIL@PIT 08/07/2019 07:05PM ET,PIT,13.8,,Chris Archer,Chris Archer (13090029)
,,,,,,,,,,,,,,,SP,Archie Bradley (13090030),Archie Bradley,13090030,P,7700,PHI@ARI 08/07/2019 09:40PM ET,ARI,3.65,,Archie Bradley,Archie Bradley (13090030)
,,,,,,,,,,,,,,,SP,Ariel Miranda (13090026),Ariel Miranda,13090026,P,7700,SD@SEA 08/07/2019 06:40PM ET,SEA,0,,Ariel Miranda,Ariel Miranda (13090026)
,,,,,,,,,,,,,,,SP,Justin Dunn (13090027),Justin Dunn,13090027,P,7700,SD@SEA 08/07/2019 06:40PM ET,SEA,0,,Justin Dunn,Justin Dunn (13090027)
,,,,,,,,,,,,,,,SP,Brian Johnson (13090033),Brian Johnson,13090033,P,7600,KC@BOS 08/07/2019 07:10PM ET,BOS,2.74,,Brian Johnson,Brian Johnson (13090033)
,,,,,,,,,,,,,,,SP,Trevor Stephan (13090031),Trevor Stephan,13090031,P,7600,NYY@BAL 08/07/2019 07:05PM ET,NYY,0,,Trevor Stephan,Trevor Stephan (13090031)
,,,,,,,,,,,,,,,SP,Trevor Williams (13089609),Trevor Williams,13089609,P,7600,MIL@PIT 08/07/2019 07:05PM ET,PIT,12.81,,Trevor Williams,Trevor Williams (13089609)
,,,,,,,,,,,,,,,SP,Adonis Medina (13090032),Adonis Medina,13090032,P,7600,PHI@ARI 08/07/2019 09:40PM ET,PHI,0,,Adonis Medina,Adonis Medina (13090032)
,,,,,,,,,,,,,,,RP,Matt Andriese (13090034),Matt Andriese,13090034,P,7600,PHI@ARI 08/07/2019 09:40PM ET,ARI,3.18,,Matt Andriese,Matt Andriese (13090034)
,,,,,,,,,,,,,,,RP,Mike Shawaryn (13090035),Mike Shawaryn,13090035,P,7500,KC@BOS 08/07/2019 07:10PM ET,BOS,3.84,,Mike Shawaryn,Mike Shawaryn (13090035)
,,,,,,,,,,,,,,,SP,Steven Wright (13090036),Steven Wright,13090036,P,7400,KC@BOS 08/07/2019 07:10PM ET,BOS,0.44,,Steven Wright,Steven Wright (13090036)
,,,,,,,,,,,,,,,SP,Danny Duffy (13090037),Danny Duffy,13090037,P,7400,KC@BOS 08/07/2019 07:10PM ET,KC,12.64,,Danny Duffy,Danny Duffy (13090037)
,,,,,,,,,,,,,,,SP,Kyle Zimmer (13090038),Kyle Zimmer,13090038,P,7400,KC@BOS 08/07/2019 07:10PM ET,KC,0.52,,Kyle Zimmer,Kyle Zimmer (13090038)
,,,,,,,,,,,,,,,RP,Luis Cessa (13090039),Luis Cessa,13090039,P,7400,NYY@BAL 08/07/2019 07:05PM ET,NYY,5.2,,Luis Cessa,Luis Cessa (13090039)
,,,,,,,,,,,,,,,SP,Drew Pomeranz (13089610),Drew Pomeranz,13089610,P,7400,MIL@PIT 08/07/2019 07:05PM ET,MIL,8.9,,Drew Pomeranz,Drew Pomeranz (13089610)
,,,,,,,,,,,,,,,SP,J.A. Happ (13090041),J.A. Happ,13090041,P,7300,NYY@BAL 08/07/2019 07:05PM ET,NYY,10.75,,J.A. Happ,J.A. Happ (13090041)
,,,,,,,,,,,,,,,SP,Gio Gonzalez (13090040),Gio Gonzalez,13090040,P,7300,MIL@PIT 08/07/2019 07:05PM ET,MIL,13.82,,Gio Gonzalez,Gio Gonzalez (13090040)
,,,,,,,,,,,,,,,SP,Jordan Lyles (13090044),Jordan Lyles,13090044,P,7200,MIL@PIT 08/07/2019 07:05PM ET,MIL,12.9,,Jordan Lyles,Jordan Lyles (13090044)
,,,,,,,,,,,,,,,SP,Clay Holmes (13090045),Clay Holmes,13090045,P,7200,MIL@PIT 08/07/2019 07:05PM ET,PIT,2.89,,Clay Holmes,Clay Holmes (13090045)
,,,,,,,,,,,,,,,SP,J.B. Bukauskas (13090043),J.B. Bukauskas,13090043,P,7200,PHI@ARI 08/07/2019 09:40PM ET,ARI,0,,J.B. Bukauskas,J.B. Bukauskas (13090043)
,,,,,,,,,,,,,,,SP,Marco Gonzales (13090042),Marco Gonzales,13090042,P,7200,SD@SEA 08/07/2019 06:40PM ET,SEA,13.15,,Marco Gonzales,Marco Gonzales (13090042)
,,,,,,,,,,,,,,,SP,Jake Faria (13090046),Jake Faria,13090046,P,7100,MIL@PIT 08/07/2019 07:05PM ET,MIL,4.2,,Jake Faria,Jake Faria (13090046)
,,,,,,,,,,,,,,,RP,Burch Smith (13090051),Burch Smith,13090051,P,7100,MIL@PIT 08/07/2019 07:05PM ET,MIL,2.61,,Burch Smith,Burch Smith (13090051)
,,,,,,,,,,,,,,,SP,Corbin Martin (13090047),Corbin Martin,13090047,P,7100,PHI@ARI 08/07/2019 09:40PM ET,ARI,8.1,,Corbin Martin,Corbin Martin (13090047)
,,,,,,,,,,,,,,,SP,Ranger Suarez (13090049),Ranger Suarez,13090049,P,7100,PHI@ARI 08/07/2019 09:40PM ET,PHI,4.54,,Ranger Suarez,Ranger Suarez (13090049)
,,,,,,,,,,,,,,,SP,Jerad Eickhoff (13090050),Jerad Eickhoff,13090050,P,7100,PHI@ARI 08/07/2019 09:40PM ET,PHI,10.37,,Jerad Eickhoff,Jerad Eickhoff (13090050)
,,,,,,,,,,,,,,,SP,Erik Swanson (13090048),Erik Swanson,13090048,P,7100,SD@SEA 08/07/2019 06:40PM ET,SEA,5.11,,Erik Swanson,Erik Swanson (13090048)
,,,,,,,,,,,,,,,SP,Nathan Eovaldi (13090053),Nathan Eovaldi,13090053,P,7000,KC@BOS 08/07/2019 07:10PM ET,BOS,4.24,,Nathan Eovaldi,Nathan Eovaldi (13090053)
,,,,,,,,,,,,,,,SP,Zack Brown (13090056),Zack Brown,13090056,P,7000,MIL@PIT 08/07/2019 07:05PM ET,MIL,0,,Zack Brown,Zack Brown (13090056)
,,,,,,,,,,,,,,,SP,Alex Young (13090052),Alex Young,13090052,P,7000,PHI@ARI 08/07/2019 09:40PM ET,ARI,16.11,,Alex Young,Alex Young (13090052)
,,,,,,,,,,,,,,,SP,Enyel De Los Santos (13090054),Enyel De Los Santos,13090054,P,7000,PHI@ARI 08/07/2019 09:40PM ET,PHI,2.79,,Enyel De Los Santos,Enyel De Los Santos (13090054)
,,,,,,,,,,,,,,,SP,Bo Takahashi (13090057),Bo Takahashi,13090057,P,7000,PHI@ARI 08/07/2019 09:40PM ET,ARI,0,,Bo Takahashi,Bo Takahashi (13090057)
,,,,,,,,,,,,,,,SP,Dietrich Enns (13090055),Dietrich Enns,13090055,P,7000,SD@SEA 08/07/2019 06:40PM ET,SD,0,,Dietrich Enns,Dietrich Enns (13090055)
,,,,,,,,,,,,,,,SP,Brad Keller (13090059),Brad Keller,13090059,P,6900,KC@BOS 08/07/2019 07:10PM ET,KC,13.28,,Brad Keller,Brad Keller (13090059)
,,,,,,,,,,,,,,,SP,Darwinzon Hernandez (13090060),Darwinzon Hernandez,13090060,P,6900,KC@BOS 08/07/2019 07:10PM ET,BOS,5.82,,Darwinzon Hernandez,Darwinzon Hernandez (13090060)
,,,,,,,,,,,,,,,SP,Jakob Junis (13090061),Jakob Junis,13090061,P,6900,KC@BOS 08/07/2019 07:10PM ET,KC,13.69,,Jakob Junis,Jakob Junis (13090061)
,,,,,,,,,,,,,,,SP,Dylan Bundy (13090062),Dylan Bundy,13090062,P,6900,NYY@BAL 08/07/2019 07:05PM ET,BAL,12.92,,Dylan Bundy,Dylan Bundy (13090062)
,,,,,,,,,,,,,,,SP,Drew Hutchison (13090063),Drew Hutchison,13090063,P,6900,NYY@BAL 08/07/2019 07:05PM ET,NYY,0,,Drew Hutchison,Drew Hutchison (13090063)
,,,,,,,,,,,,,,,SP,Chance Adams (13090064),Chance Adams,13090064,P,6900,NYY@BAL 08/07/2019 07:05PM ET,NYY,4.22,,Chance Adams,Chance Adams (13090064)
,,,,,,,,,,,,,,,SP,CC Sabathia (13090065),CC Sabathia,13090065,P,6900,NYY@BAL 08/07/2019 07:05PM ET,NYY,12.68,,CC Sabathia,CC Sabathia (13090065)
,,,,,,,,,,,,,,,SP,Mitch Keller (13090058),Mitch Keller,13090058,P,6900,MIL@PIT 08/07/2019 07:05PM ET,PIT,4.27,,Mitch Keller,Mitch Keller (13090058)
,,,,,,,,,,,,,,,SP,Zack Godley (13090067),Zack Godley,13090067,P,6900,PHI@ARI 08/07/2019 09:40PM ET,ARI,4.41,,Zack Godley,Zack Godley (13090067)
,,,,,,,,,,,,,,,SP,Matt Strahm (13090066),Matt Strahm,13090066,P,6900,SD@SEA 08/07/2019 06:40PM ET,SD,9.39,,Matt Strahm,Matt Strahm (13090066)
,,,,,,,,,,,,,,,SP,Corbin Burnes (13090070),Corbin Burnes,13090070,P,6800,MIL@PIT 08/07/2019 07:05PM ET,MIL,3.26,,Corbin Burnes,Corbin Burnes (13090070)
,,,,,,,,,,,,,,,SP,Eric Lauer (13090068),Eric Lauer,13090068,P,6800,SD@SEA 08/07/2019 06:40PM ET,SD,11.66,,Eric Lauer,Eric Lauer (13090068)
,,,,,,,,,,,,,,,SP,Robbie Erlin (13090069),Robbie Erlin,13090069,P,6800,SD@SEA 08/07/2019 06:40PM ET,SD,3.35,,Robbie Erlin,Robbie Erlin (13090069)
,,,,,,,,,,,,,,,SP,John Means (13089611),John Means,13089611,P,6700,NYY@BAL 08/07/2019 07:05PM ET,BAL,12.87,,John Means,John Means (13089611)
,,,,,,,,,,,,,,,SP,Felix Hernandez (13090071),Felix Hernandez,13090071,P,6700,SD@SEA 08/07/2019 06:40PM ET,SEA,8.22,,Felix Hernandez,Felix Hernandez (13090071)
,,,,,,,,,,,,,,,SP,Phil Hughes (13090072),Phil Hughes,13090072,P,6700,SD@SEA 08/07/2019 06:40PM ET,SD,0,,Phil Hughes,Phil Hughes (13090072)
,,,,,,,,,,,,,,,SP,Asher Wojciechowski (13090073),Asher Wojciechowski,13090073,P,6600,NYY@BAL 08/07/2019 07:05PM ET,BAL,14.78,,Asher Wojciechowski,Asher Wojciechowski (13090073)
,,,,,,,,,,,,,,,SP,Merrill Kelly (13090074),Merrill Kelly,13090074,P,6600,PHI@ARI 08/07/2019 09:40PM ET,ARI,12.94,,Merrill Kelly,Merrill Kelly (13090074)
,,,,,,,,,,,,,,,SP,Drew Smyly (13090075),Drew Smyly,13090075,P,6600,PHI@ARI 08/07/2019 09:40PM ET,PHI,8.19,,Drew Smyly,Drew Smyly (13090075)
,,,,,,,,,,,,,,,SP,Rick Porcello (13090078),Rick Porcello,13090078,P,6400,KC@BOS 08/07/2019 07:10PM ET,BOS,11.56,,Rick Porcello,Rick Porcello (13090078)
,,,,,,,,,,,,,,,SP,Jimmy Yacabonis (13090079),Jimmy Yacabonis,13090079,P,6400,NYY@BAL 08/07/2019 07:05PM ET,BAL,1.87,,Jimmy Yacabonis,Jimmy Yacabonis (13090079)
,,,,,,,,,,,,,,,SP,Adrian Morejon (13090076),Adrian Morejon,13090076,P,6400,SD@SEA 08/07/2019 06:40PM ET,SD,1.44,,Adrian Morejon,Adrian Morejon (13090076)
,,,,,,,,,,,,,,,SP,Cal Quantrill (13090077),Cal Quantrill,13090077,P,6400,SD@SEA 08/07/2019 06:40PM ET,SD,11,,Cal Quantrill,Cal Quantrill (13090077)
,,,,,,,,,,,,,,,SP,Ryan Weber (13090083),Ryan Weber,13090083,P,6300,KC@BOS 08/07/2019 07:10PM ET,BOS,6.02,,Ryan Weber,Ryan Weber (13090083)
,,,,,,,,,,,,,,,SP,Yefry Ramirez (13090081),Yefry Ramirez,13090081,P,6300,MIL@PIT 08/07/2019 07:05PM ET,PIT,3.9,,Yefry Ramirez,Yefry Ramirez (13090081)
,,,,,,,,,,,,,,,SP,Jon Duplantier (13090080),Jon Duplantier,13090080,P,6300,PHI@ARI 08/07/2019 09:40PM ET,ARI,7.76,,Jon Duplantier,Jon Duplantier (13090080)
,,,,,,,,,,,,,,,SP,Bryan Mitchell (13090082),Bryan Mitchell,13090082,P,6300,SD@SEA 08/07/2019 06:40PM ET,SD,0,,Bryan Mitchell,Bryan Mitchell (13090082)
,,,,,,,,,,,,,,,SP,Nick Margevicius (13090084),Nick Margevicius,13090084,P,6300,SD@SEA 08/07/2019 06:40PM ET,SD,6.32,,Nick Margevicius,Nick Margevicius (13090084)
,,,,,,,,,,,,,,,SP,Ty Blach (13090086),Ty Blach,13090086,P,6200,NYY@BAL 08/07/2019 07:05PM ET,BAL,-5.28,,Ty Blach,Ty Blach (13090086)
,,,,,,,,,,,,,,,SP,Dario Agrazal (13090087),Dario Agrazal,13090087,P,6200,MIL@PIT 08/07/2019 07:05PM ET,PIT,8.06,,Dario Agrazal,Dario Agrazal (13090087)
,,,,,,,,,,,,,,,SP,Joe Musgrove (13090088),Joe Musgrove,13090088,P,6200,MIL@PIT 08/07/2019 07:05PM ET,PIT,8.65,,Joe Musgrove,Joe Musgrove (13090088)
,,,,,,,,,,,,,,,SP,Jake Arrieta (13090085),Jake Arrieta,13090085,P,6200,PHI@ARI 08/07/2019 09:40PM ET,PHI,12.66,,Jake Arrieta,Jake Arrieta (13090085)
,,,,,,,,,,,,,,,SP,Eric Skoglund (13090090),Eric Skoglund,13090090,P,6100,KC@BOS 08/07/2019 07:10PM ET,KC,0,,Eric Skoglund,Eric Skoglund (13090090)
,,,,,,,,,,,,,,,SP,Trevor Oaks (13090091),Trevor Oaks,13090091,P,6100,KC@BOS 08/07/2019 07:10PM ET,KC,0,,Trevor Oaks,Trevor Oaks (13090091)
,,,,,,,,,,,,,,,SP,J.T. Brubaker (13090089),J.T. Brubaker,13090089,P,6100,MIL@PIT 08/07/2019 07:05PM ET,PIT,0,,J.T. Brubaker,J.T. Brubaker (13090089)
,,,,,,,,,,,,,,,SP,Chase Anderson (13090092),Chase Anderson,13090092,P,6000,MIL@PIT 08/07/2019 07:05PM ET,MIL,11.94,,Chase Anderson,Chase Anderson (13090092)
,,,,,,,,,,,,,,,SP,Jhoulys Chacin (13090094),Jhoulys Chacin,13090094,P,6000,MIL@PIT 08/07/2019 07:05PM ET,MIL,9.04,,Jhoulys Chacin,Jhoulys Chacin (13090094)
,,,,,,,,,,,,,,,RP,Ray Black (13090095),Ray Black,13090095,P,6000,MIL@PIT 08/07/2019 07:05PM ET,MIL,4.75,,Ray Black,Ray Black (13090095)
,,,,,,,,,,,,,,,SP,Francisco Liriano (13090096),Francisco Liriano,13090096,P,6000,MIL@PIT 08/07/2019 07:05PM ET,PIT,2.84,,Francisco Liriano,Francisco Liriano (13090096)
,,,,,,,,,,,,,,,SP,Kris Medlen (13090093),Kris Medlen,13090093,P,6000,PHI@ARI 08/07/2019 09:40PM ET,ARI,0,,Kris Medlen,Kris Medlen (13090093)
,,,,,,,,,,,,,,,SP,Marcos Diplan (13090098),Marcos Diplan,13090098,P,5900,MIL@PIT 08/07/2019 07:05PM ET,MIL,0,,Marcos Diplan,Marcos Diplan (13090098)
,,,,,,,,,,,,,,,SP,Ricardo Sanchez (13090097),Ricardo Sanchez,13090097,P,5900,SD@SEA 08/07/2019 06:40PM ET,SEA,0,,Ricardo Sanchez,Ricardo Sanchez (13090097)
,,,,,,,,,,,,,,,SP,Andrew Cashner (13090099),Andrew Cashner,13090099,P,5800,KC@BOS 08/07/2019 07:10PM ET,BOS,11.93,,Andrew Cashner,Andrew Cashner (13090099)
,,,,,,,,,,,,,,,SP,Arnaldo Hernandez (13090102),Arnaldo Hernandez,13090102,P,5800,KC@BOS 08/07/2019 07:10PM ET,KC,0,,Arnaldo Hernandez,Arnaldo Hernandez (13090102)
,,,,,,,,,,,,,,,SP,Albert Abreu (13090101),Albert Abreu,13090101,P,5800,NYY@BAL 08/07/2019 07:05PM ET,NYY,0,,Albert Abreu,Albert Abreu (13090101)
,,,,,,,,,,,,,,,SP,Chris Stratton (13090103),Chris Stratton,13090103,P,5800,MIL@PIT 08/07/2019 07:05PM ET,PIT,4.44,,Chris Stratton,Chris Stratton (13090103)
,,,,,,,,,,,,,,,RP,Luis Escobar (13090104),Luis Escobar,13090104,P,5800,MIL@PIT 08/07/2019 07:05PM ET,PIT,-0.56,,Luis Escobar,Luis Escobar (13090104)
,,,,,,,,,,,,,,,SP,Braden Shipley (13090100),Braden Shipley,13090100,P,5800,PHI@ARI 08/07/2019 09:40PM ET,ARI,0,,Braden Shipley,Braden Shipley (13090100)
,,,,,,,,,,,,,,,RP,Matt Barnes (13090106),Matt Barnes,13090106,P,5700,KC@BOS 08/07/2019 07:10PM ET,BOS,3.85,,Matt Barnes,Matt Barnes (13090106)
,,,,,,,,,,,,,,,OF,Christian Yelich (13089614),Christian Yelich,13089614,OF,5700,MIL@PIT 08/07/2019 07:05PM ET,MIL,12.62,,Christian Yelich,Christian Yelich (13089614)
,,,,,,,,,,,,,,,SP,Rookie Davis (13090105),Rookie Davis,13090105,P,5700,MIL@PIT 08/07/2019 07:05PM ET,PIT,3.2,,Rookie Davis,Rookie Davis (13090105)
,,,,,,,,,,,,,,,3B,Rafael Devers (13089615),Rafael Devers,13089615,3B,5600,KC@BOS 08/07/2019 07:10PM ET,BOS,10.31,,Rafael Devers,Rafael Devers (13089615)
,,,,,,,,,,,,,,,SP,Aaron Slegers (13090109),Aaron Slegers,13090109,P,5600,MIL@PIT 08/07/2019 07:05PM ET,PIT,0,,Aaron Slegers,Aaron Slegers (13090109)
,,,,,,,,,,,,,,,RP,Keone Kela (13090110),Keone Kela,13090110,P,5600,MIL@PIT 08/07/2019 07:05PM ET,PIT,2.77,,Keone Kela,Keone Kela (13090110)
,,,,,,,,,,,,,,,SP,Nick Pivetta (13090108),Nick Pivetta,13090108,P,5600,PHI@ARI 08/07/2019 09:40PM ET,PHI,9.6,,Nick Pivetta,Nick Pivetta (13090108)
,,,,,,,,,,,,,,,SP,Wade LeBlanc (13090107),Wade LeBlanc,13090107,P,5600,SD@SEA 08/07/2019 06:40PM ET,SEA,10.17,,Wade LeBlanc,Wade LeBlanc (13090107)
,,,,,,,,,,,,,,,SP,Foster Griffin (13090112),Foster Griffin,13090112,P,5500,KC@BOS 08/07/2019 07:10PM ET,KC,0,,Foster Griffin,Foster Griffin (13090112)
,,,,,,,,,,,,,,,2B/3B,DJ LeMahieu (13089616),DJ LeMahieu,13089616,2B/3B,5500,NYY@BAL 08/07/2019 07:05PM ET,NYY,9.89,,DJ LeMahieu,DJ LeMahieu (13089616)
,,,,,,,,,,,,,,,RP,Silvino Bracho (13090111),Silvino Bracho,13090111,P,5500,PHI@ARI 08/07/2019 09:40PM ET,ARI,0,,Silvino Bracho,Silvino Bracho (13090111)
,,,,,,,,,,,,,,,SS,Xander Bogaerts (13089619),Xander Bogaerts,13089619,SS,5400,KC@BOS 08/07/2019 07:10PM ET,BOS,10.22,,Xander Bogaerts,Xander Bogaerts (13089619)
,,,,,,,,,,,,,,,OF,Starling Marte (13089618),Starling Marte,13089618,OF,5400,MIL@PIT 08/07/2019 07:05PM ET,PIT,9.92,,Starling Marte,Starling Marte (13089618)
,,,,,,,,,,,,,,,RP,Yoan Lopez (13090113),Yoan Lopez,13090113,P,5400,PHI@ARI 08/07/2019 09:40PM ET,ARI,2.2,,Yoan Lopez,Yoan Lopez (13090113)
,,,,,,,,,,,,,,,OF,Andrew Benintendi (13089620),Andrew Benintendi,13089620,OF,5300,KC@BOS 08/07/2019 07:10PM ET,BOS,8.93,,Andrew Benintendi,Andrew Benintendi (13089620)
,,,,,,,,,,,,,,,OF,J.D. Martinez (13089621),J.D. Martinez,13089621,OF,5300,KC@BOS 08/07/2019 07:10PM ET,BOS,9.35,,J.D. Martinez,J.D. Martinez (13089621)
,,,,,,,,,,,,,,,SP,Zach Davies (13090115),Zach Davies,13090115,P,5300,MIL@PIT 08/07/2019 07:05PM ET,MIL,9.56,,Zach Davies,Zach Davies (13090115)
,,,,,,,,,,,,,,,SP,Cole Irvin (13090114),Cole Irvin,13090114,P,5300,PHI@ARI 08/07/2019 09:40PM ET,PHI,5.58,,Cole Irvin,Cole Irvin (13090114)
,,,,,,,,,,,,,,,OF,Mookie Betts (13089622),Mookie Betts,13089622,OF,5200,KC@BOS 08/07/2019 07:10PM ET,BOS,9.97,,Mookie Betts,Mookie Betts (13089622)
,,,,,,,,,,,,,,,SP,Alex Cobb (13090116),Alex Cobb,13090116,P,5200,NYY@BAL 08/07/2019 07:05PM ET,BAL,-0.02,,Alex Cobb,Alex Cobb (13090116)
,,,,,,,,,,,,,,,RP,Shawn Armstrong (13090117),Shawn Armstrong,13090117,P,5200,NYY@BAL 08/07/2019 07:05PM ET,BAL,2.8,,Shawn Armstrong,Shawn Armstrong (13090117)
,,,,,,,,,,,,,,,RP,Tommy Kahnle (13090120),Tommy Kahnle,13090120,P,5100,NYY@BAL 08/07/2019 07:05PM ET,NYY,3.7,,Tommy Kahnle,Tommy Kahnle (13090120)
,,,,,,,,,,,,,,,RP,Felipe Vazquez (13090118),Felipe Vazquez,13090118,P,5100,MIL@PIT 08/07/2019 07:05PM ET,PIT,4.84,,Felipe Vazquez,Felipe Vazquez (13090118)
,,,,,,,,,,,,,,,RP,Jimmie Sherfy (13090119),Jimmie Sherfy,13090119,P,5100,PHI@ARI 08/07/2019 09:40PM ET,ARI,5.63,,Jimmie Sherfy,Jimmie Sherfy (13090119)
,,,,,,,,,,,,,,,SS,Fernando Tatis Jr. (13089623),Fernando Tatis Jr.,13089623,SS,5100,SD@SEA 08/07/2019 06:40PM ET,SD,10.74,,Fernando Tatis Jr.,Fernando Tatis Jr. (13089623)
,,,,,,,,,,,,,,,SP,Heath Fillmyer (13090122),Heath Fillmyer,13090122,P,5000,KC@BOS 08/07/2019 07:10PM ET,KC,0.24,,Heath Fillmyer,Heath Fillmyer (13090122)
,,,,,,,,,,,,,,,SP,Hector Velazquez (13090124),Hector Velazquez,13090124,P,5000,KC@BOS 08/07/2019 07:10PM ET,BOS,4.03,,Hector Velazquez,Hector Velazquez (13090124)
,,,,,,,,,,,,,,,SP,Conner Greene (13090125),Conner Greene,13090125,P,5000,KC@BOS 08/07/2019 07:10PM ET,KC,0,,Conner Greene,Conner Greene (13090125)
,,,,,,,,,,,,,,,SP,Jorge Lopez (13090128),Jorge Lopez,13090128,P,5000,KC@BOS 08/07/2019 07:10PM ET,KC,5.45,,Jorge Lopez,Jorge Lopez (13090128)
,,,,,,,,,,,,,,,OF,Mike Tauchman (13089626),Mike Tauchman,13089626,OF,5000,NYY@BAL 08/07/2019 07:05PM ET,NYY,7.72,,Mike Tauchman,Mike Tauchman (13089626)
,,,,,,,,,,,,,,,SP,Dillon Tate (13090123),Dillon Tate,13090123,P,5000,NYY@BAL 08/07/2019 07:05PM ET,BAL,2.5,,Dillon Tate,Dillon Tate (13090123)
,,,,,,,,,,,,,,,RP,Adam Ottavino (13090127),Adam Ottavino,13090127,P,5000,NYY@BAL 08/07/2019 07:05PM ET,NYY,4.06,,Adam Ottavino,Adam Ottavino (13090127)
,,,,,,,,,,,,,,,SP,Adrian Houser (13090126),Adrian Houser,13090126,P,5000,MIL@PIT 08/07/2019 07:05PM ET,MIL,6.99,,Adrian Houser,Adrian Houser (13090126)
,,,,,,,,,,,,,,,2B/OF,Ketel Marte (13089624),Ketel Marte,13089624,2B/OF,5000,PHI@ARI 08/07/2019 09:40PM ET,ARI,9.81,,Ketel Marte,Ketel Marte (13089624)
,,,,,,,,,,,,,,,SP,Matt Koch (13090121),Matt Koch,13090121,P,5000,PHI@ARI 08/07/2019 09:40PM ET,ARI,-0.03,,Matt Koch,Matt Koch (13090121)
,,,,,,,,,,,,,,,RP,Juan Nicasio (13090129),Juan Nicasio,13090129,P,5000,PHI@ARI 08/07/2019 09:40PM ET,PHI,2.17,,Juan Nicasio,Juan Nicasio (13090129)
,,,,,,,,,,,,,,,SP,Yusei Kikuchi (13089612),Yusei Kikuchi,13089612,P,5000,SD@SEA 08/07/2019 06:40PM ET,SEA,8.61,,Yusei Kikuchi,Yusei Kikuchi (13089612)
,,,,,,,,,,,,,,,SS,Didi Gregorius (13089629),Didi Gregorius,13089629,SS,4900,NYY@BAL 08/07/2019 07:05PM ET,NYY,8.17,,Didi Gregorius,Didi Gregorius (13089629)
,,,,,,,,,,,,,,,RP,Tanner Scott (13090130),Tanner Scott,13090130,P,4900,NYY@BAL 08/07/2019 07:05PM ET,BAL,3.03,,Tanner Scott,Tanner Scott (13090130)
,,,,,,,,,,,,,,,1B/3B,Jose Osuna (13089627),Jose Osuna,13089627,1B/3B,4900,MIL@PIT 08/07/2019 07:05PM ET,PIT,5.36,,Jose Osuna,Jose Osuna (13089627)
,,,,,,,,,,,,,,,OF,Bryan Reynolds (13089630),Bryan Reynolds,13089630,OF,4900,MIL@PIT 08/07/2019 07:05PM ET,PIT,8.13,,Bryan Reynolds,Bryan Reynolds (13089630)
,,,,,,,,,,,,,,,SP,Mike Montgomery (13090134),Mike Montgomery,13090134,P,4800,KC@BOS 08/07/2019 07:10PM ET,KC,2.41,,Mike Montgomery,Mike Montgomery (13090134)
,,,,,,,,,,,,,,,3B,Gio Urshela (13089631),Gio Urshela,13089631,3B,4800,NYY@BAL 08/07/2019 07:05PM ET,NYY,7.18,,Gio Urshela,Gio Urshela (13089631)
,,,,,,,,,,,,,,,2B/SS,Gleyber Torres (13089632),Gleyber Torres,13089632,2B/SS,4800,NYY@BAL 08/07/2019 07:05PM ET,NYY,8.54,,Gleyber Torres,Gleyber Torres (13089632)
,,,,,,,,,,,,,,,OF,Aaron Judge (13089634),Aaron Judge,13089634,OF,4800,NYY@BAL 08/07/2019 07:05PM ET,NYY,8.91,,Aaron Judge,Aaron Judge (13089634)
,,,,,,,,,,,,,,,2B/SS,Jonathan Villar (13089636),Jonathan Villar,13089636,2B/SS,4800,NYY@BAL 08/07/2019 07:05PM ET,BAL,8.76,,Jonathan Villar,Jonathan Villar (13089636)
,,,,,,,,,,,,,,,RP,Mychal Givens (13090135),Mychal Givens,13090135,P,4800,NYY@BAL 08/07/2019 07:05PM ET,BAL,4.04,,Mychal Givens,Mychal Givens (13090135)
,,,,,,,,,,,,,,,SP,Aaron Brooks (13090136),Aaron Brooks,13090136,P,4800,NYY@BAL 08/07/2019 07:05PM ET,BAL,6.63,,Aaron Brooks,Aaron Brooks (13090136)
,,,,,,,,,,,,,,,RP,David Hale (13090138),David Hale,13090138,P,4800,NYY@BAL 08/07/2019 07:05PM ET,NYY,4.72,,David Hale,David Hale (13090138)
,,,,,,,,,,,,,,,SP,Montana DuRapau (13090131),Montana DuRapau,13090131,P,4800,MIL@PIT 08/07/2019 07:05PM ET,PIT,2.05,,Montana DuRapau,Montana DuRapau (13090131)
,,,,,,,,,,,,,,,SP,Steven Brault (13090133),Steven Brault,13090133,P,4800,MIL@PIT 08/07/2019 07:05PM ET,PIT,8.25,,Steven Brault,Steven Brault (13090133)
,,,,,,,,,,,,,,,OF,Corey Dickerson (13089635),Corey Dickerson,13089635,OF,4800,PHI@ARI 08/07/2019 09:40PM ET,PHI,7.15,,Corey Dickerson,Corey Dickerson (13089635)
,,,,,,,,,,,,,,,SP,Taylor Clarke (13090132),Taylor Clarke,13090132,P,4800,PHI@ARI 08/07/2019 09:40PM ET,ARI,8.57,,Taylor Clarke,Taylor Clarke (13090132)
,,,,,,,,,,,,,,,SP,Dan Straily (13090137),Dan Straily,13090137,P,4800,PHI@ARI 08/07/2019 09:40PM ET,PHI,1.36,,Dan Straily,Dan Straily (13090137)
,,,,,,,,,,,,,,,OF,Giancarlo Stanton (13089638),Giancarlo Stanton,13089638,OF,4700,NYY@BAL 08/07/2019 07:05PM ET,NYY,8,,Giancarlo Stanton,Giancarlo Stanton (13089638)
,,,,,,,,,,,,,,,OF,Aaron Hicks (13089639),Aaron Hicks,13089639,OF,4700,NYY@BAL 08/07/2019 07:05PM ET,NYY,8.15,,Aaron Hicks,Aaron Hicks (13089639)
,,,,,,,,,,,,,,,C,Gary Sanchez (13089640),Gary Sanchez,13089640,C,4700,NYY@BAL 08/07/2019 07:05PM ET,NYY,8.53,,Gary Sanchez,Gary Sanchez (13089640)
,,,,,,,,,,,,,,,RP,Andrew Chafin (13090139),Andrew Chafin,13090139,P,4700,PHI@ARI 08/07/2019 09:40PM ET,ARI,2.12,,Andrew Chafin,Andrew Chafin (13090139)
,,,,,,,,,,,,,,,SP,Scott Blewett (13090140),Scott Blewett,13090140,P,4600,KC@BOS 08/07/2019 07:10PM ET,KC,0,,Scott Blewett,Scott Blewett (13090140)
,,,,,,,,,,,,,,,OF,Brett Gardner (13089644),Brett Gardner,13089644,OF,4600,NYY@BAL 08/07/2019 07:05PM ET,NYY,7.83,,Brett Gardner,Brett Gardner (13089644)
,,,,,,,,,,,,,,,OF,Cameron Maybin (13089645),Cameron Maybin,13089645,OF,4600,NYY@BAL 08/07/2019 07:05PM ET,NYY,7.5,,Cameron Maybin,Cameron Maybin (13089645)
,,,,,,,,,,,,,,,1B,Josh Bell (13089641),Josh Bell,13089641,1B,4600,MIL@PIT 08/07/2019 07:05PM ET,PIT,9.64,,Josh Bell,Josh Bell (13089641)
,,,,,,,,,,,,,,,2B,Keston Hiura (13089646),Keston Hiura,13089646,2B,4600,MIL@PIT 08/07/2019 07:05PM ET,MIL,8.98,,Keston Hiura,Keston Hiura (13089646)
,,,,,,,,,,,,,,,2B/3B,Eduardo Escobar (13089642),Eduardo Escobar,13089642,2B/3B,4600,PHI@ARI 08/07/2019 09:40PM ET,ARI,9.51,,Eduardo Escobar,Eduardo Escobar (13089642)
,,,,,,,,,,,,,,,RP,Austin Davis (13090141),Austin Davis,13090141,P,4600,PHI@ARI 08/07/2019 09:40PM ET,PHI,1.95,,Austin Davis,Austin Davis (13090141)
,,,,,,,,,,,,,,,SP,Glenn Sparkman (13089613),Glenn Sparkman,13089613,P,4500,KC@BOS 08/07/2019 07:10PM ET,KC,6.16,,Glenn Sparkman,Glenn Sparkman (13089613)
,,,,,,,,,,,,,,,SS,Adalberto Mondesi (13089647),Adalberto Mondesi,13089647,SS,4500,KC@BOS 08/07/2019 07:10PM ET,KC,9.54,,Adalberto Mondesi,Adalberto Mondesi (13089647)
,,,,,,,,,,,,,,,1B/OF,Trey Mancini (13089648),Trey Mancini,13089648,1B/OF,4500,NYY@BAL 08/07/2019 07:05PM ET,BAL,8.94,,Trey Mancini,Trey Mancini (13089648)
,,,,,,,,,,,,,,,SP,Gabriel Ynoa (13090146),Gabriel Ynoa,13090146,P,4500,NYY@BAL 08/07/2019 07:05PM ET,BAL,4.41,,Gabriel Ynoa,Gabriel Ynoa (13090146)
,,,,,,,,,,,,,,,RP,Josh Hader (13090145),Josh Hader,13090145,P,4500,MIL@PIT 08/07/2019 07:05PM ET,MIL,6.26,,Josh Hader,Josh Hader (13090145)
,,,,,,,,,,,,,,,1B/OF,Jay Bruce (13089650),Jay Bruce,13089650,1B/OF,4500,PHI@ARI 08/07/2019 09:40PM ET,PHI,7.98,,Jay Bruce,Jay Bruce (13089650)
,,,,,,,,,,,,,,,RP,Joey Krehbiel (13090143),Joey Krehbiel,13090143,P,4500,PHI@ARI 08/07/2019 09:40PM ET,ARI,0,,Joey Krehbiel,Joey Krehbiel (13090143)
,,,,,,,,,,,,,,,RP,Edward Paredes (13090144),Edward Paredes,13090144,P,4500,PHI@ARI 08/07/2019 09:40PM ET,PHI,0,,Edward Paredes,Edward Paredes (13090144)
,,,,,,,,,,,,,,,SP,Austin Adams (13090142),Austin Adams,13090142,P,4500,SD@SEA 08/07/2019 06:40PM ET,SEA,4.93,,Austin Adams,Austin Adams (13090142)
,,,,,,,,,,,,,,,1B/2B,Michael Chavis (13089653),Michael Chavis,13089653,1B/2B,4400,KC@BOS 08/07/2019 07:10PM ET,BOS,7.68,,Michael Chavis,Michael Chavis (13089653)
,,,,,,,,,,,,,,,2B/OF,Whit Merrifield (13089658),Whit Merrifield,13089658,2B/OF,4400,KC@BOS 08/07/2019 07:10PM ET,KC,9.16,,Whit Merrifield,Whit Merrifield (13089658)
,,,,,,,,,,,,,,,1B,Luke Voit (13089652),Luke Voit,13089652,1B,4400,NYY@BAL 08/07/2019 07:05PM ET,NYY,8.73,,Luke Voit,Luke Voit (13089652)
,,,,,,,,,,,,,,,SP,Tom Eshelman (13090148),Tom Eshelman,13090148,P,4400,NYY@BAL 08/07/2019 07:05PM ET,BAL,6.21,,Tom Eshelman,Tom Eshelman (13090148)
,,,,,,,,,,,,,,,3B/OF,Scott Kingery (13089655),Scott Kingery,13089655,3B/OF,4400,PHI@ARI 08/07/2019 09:40PM ET,PHI,8.22,,Scott Kingery,Scott Kingery (13089655)
,,,,,,,,,,,,,,,C,J.T. Realmuto (13089657),J.T. Realmuto,13089657,C,4400,PHI@ARI 08/07/2019 09:40PM ET,PHI,7.59,,J.T. Realmuto,J.T. Realmuto (13089657)
,,,,,,,,,,,,,,,3B,Ryon Healy (13089660),Ryon Healy,13089660,3B,4400,SD@SEA 08/07/2019 06:40PM ET,SEA,7,,Ryon Healy,Ryon Healy (13089660)
,,,,,,,,,,,,,,,SP,Gerson Bautista (13090147),Gerson Bautista,13090147,P,4400,SD@SEA 08/07/2019 06:40PM ET,SEA,-0.12,,Gerson Bautista,Gerson Bautista (13090147)
,,,,,,,,,,,,,,,3B,Hunter Dozier (13089671),Hunter Dozier,13089671,3B,4300,KC@BOS 08/07/2019 07:10PM ET,KC,8.71,,Hunter Dozier,Hunter Dozier (13089671)
,,,,,,,,,,,,,,,1B,Edwin Encarnacion (13089661),Edwin Encarnacion,13089661,1B,4300,NYY@BAL 08/07/2019 07:05PM ET,NYY,9.41,,Edwin Encarnacion,Edwin Encarnacion (13089661)
,,,,,,,,,,,,,,,SP,Chad Green (13090150),Chad Green,13090150,P,4300,NYY@BAL 08/07/2019 07:05PM ET,NYY,3.45,,Chad Green,Chad Green (13090150)
,,,,,,,,,,,,,,,SP,Josh Rogers (13090151),Josh Rogers,13090151,P,4300,NYY@BAL 08/07/2019 07:05PM ET,BAL,-0.51,,Josh Rogers,Josh Rogers (13090151)
,,,,,,,,,,,,,,,OF,Ryan Braun (13089666),Ryan Braun,13089666,OF,4300,MIL@PIT 08/07/2019 07:05PM ET,MIL,6.98,,Ryan Braun,Ryan Braun (13089666)
,,,,,,,,,,,,,,,2B/3B,Mike Moustakas (13089667),Mike Moustakas,13089667,2B/3B,4300,MIL@PIT 08/07/2019 07:05PM ET,MIL,8.65,,Mike Moustakas,Mike Moustakas (13089667)
,,,,,,,,,,,,,,,OF,Lonnie Chisenhall (13089672),Lonnie Chisenhall,13089672,OF,4300,MIL@PIT 08/07/2019 07:05PM ET,PIT,0,,Lonnie Chisenhall,Lonnie Chisenhall (13089672)
,,,,,,,,,,,,,,,SP,Michael Feliz (13090149),Michael Feliz,13090149,P,4300,MIL@PIT 08/07/2019 07:05PM ET,PIT,3.32,,Michael Feliz,Michael Feliz (13090149)
,,,,,,,,,,,,,,,OF,Bryce Harper (13089662),Bryce Harper,13089662,OF,4300,PHI@ARI 08/07/2019 09:40PM ET,PHI,8.66,,Bryce Harper,Bryce Harper (13089662)
,,,,,,,,,,,,,,,1B,Rhys Hoskins (13089663),Rhys Hoskins,13089663,1B,4300,PHI@ARI 08/07/2019 09:40PM ET,PHI,8.75,,Rhys Hoskins,Rhys Hoskins (13089663)
,,,,,,,,,,,,,,,OF,Jarrod Dyson (13089669),Jarrod Dyson,13089669,OF,4300,PHI@ARI 08/07/2019 09:40PM ET,ARI,6.92,,Jarrod Dyson,Jarrod Dyson (13089669)
,,,,,,,,,,,,,,,RP,James Pazos (13090152),James Pazos,13090152,P,4300,PHI@ARI 08/07/2019 09:40PM ET,PHI,0,,James Pazos,James Pazos (13090152)
,,,,,,,,,,,,,,,RP,Blake Parker (13090154),Blake Parker,13090154,P,4300,PHI@ARI 08/07/2019 09:40PM ET,PHI,2.54,,Blake Parker,Blake Parker (13090154)
,,,,,,,,,,,,,,,3B/SS,Manny Machado (13089664),Manny Machado,13089664,3B/SS,4300,SD@SEA 08/07/2019 06:40PM ET,SD,8.62,,Manny Machado,Manny Machado (13089664)
,,,,,,,,,,,,,,,OF,Hunter Renfroe (13089670),Hunter Renfroe,13089670,OF,4300,SD@SEA 08/07/2019 06:40PM ET,SD,7.62,,Hunter Renfroe,Hunter Renfroe (13089670)
,,,,,,,,,,,,,,,RP,Dan Altavilla (13090153),Dan Altavilla,13090153,P,4300,SD@SEA 08/07/2019 06:40PM ET,SEA,0.42,,Dan Altavilla,Dan Altavilla (13090153)
,,,,,,,,,,,,,,,OF,Jorge Soler (13089675),Jorge Soler,13089675,OF,4200,KC@BOS 08/07/2019 07:10PM ET,KC,8.43,,Jorge Soler,Jorge Soler (13089675)
,,,,,,,,,,,,,,,OF,Anthony Santander (13089674),Anthony Santander,13089674,OF,4200,NYY@BAL 08/07/2019 07:05PM ET,BAL,8.52,,Anthony Santander,Anthony Santander (13089674)
,,,,,,,,,,,,,,,SP,Shelby Miller (13090158),Shelby Miller,13090158,P,4200,MIL@PIT 08/07/2019 07:05PM ET,MIL,1.32,,Shelby Miller,Shelby Miller (13090158)
,,,,,,,,,,,,,,,RP,Deolis Guerra (13090159),Deolis Guerra,13090159,P,4200,MIL@PIT 08/07/2019 07:05PM ET,MIL,-8.9,,Deolis Guerra,Deolis Guerra (13090159)
,,,,,,,,,,,,,,,1B,Kevin Cron (13089676),Kevin Cron,13089676,1B,4200,PHI@ARI 08/07/2019 09:40PM ET,ARI,5.15,,Kevin Cron,Kevin Cron (13089676)
,,,,,,,,,,,,,,,SP,Jose Alvarez (13090157),Jose Alvarez,13090157,P,4200,PHI@ARI 08/07/2019 09:40PM ET,PHI,2.54,,Jose Alvarez,Jose Alvarez (13090157)
,,,,,,,,,,,,,,,RP,Greg Holland (13090160),Greg Holland,13090160,P,4200,PHI@ARI 08/07/2019 09:40PM ET,ARI,2.52,,Greg Holland,Greg Holland (13090160)
,,,,,,,,,,,,,,,1B,Daniel Vogelbach (13089673),Daniel Vogelbach,13089673,1B,4200,SD@SEA 08/07/2019 06:40PM ET,SEA,8.02,,Daniel Vogelbach,Daniel Vogelbach (13089673)
,,,,,,,,,,,,,,,OF,Franchy Cordero (13089677),Franchy Cordero,13089677,OF,4200,SD@SEA 08/07/2019 06:40PM ET,SD,4,,Franchy Cordero,Franchy Cordero (13089677)
,,,,,,,,,,,,,,,SP,Sam Tuivailala (13090155),Sam Tuivailala,13090155,P,4200,SD@SEA 08/07/2019 06:40PM ET,SEA,3.72,,Sam Tuivailala,Sam Tuivailala (13090155)
,,,,,,,,,,,,,,,SP,Matt Wisler (13090156),Matt Wisler,13090156,P,4200,SD@SEA 08/07/2019 06:40PM ET,SEA,3.82,,Matt Wisler,Matt Wisler (13090156)
,,,,,,,,,,,,,,,1B,Mitch Moreland (13089680),Mitch Moreland,13089680,1B,4100,KC@BOS 08/07/2019 07:10PM ET,BOS,7.4,,Mitch Moreland,Mitch Moreland (13089680)
,,,,,,,,,,,,,,,C,Christian Vazquez (13089681),Christian Vazquez,13089681,C,4100,KC@BOS 08/07/2019 07:10PM ET,BOS,7.11,,Christian Vazquez,Christian Vazquez (13089681)
,,,,,,,,,,,,,,,RP,Brandon Workman (13090163),Brandon Workman,13090163,P,4100,KC@BOS 08/07/2019 07:10PM ET,BOS,4.44,,Brandon Workman,Brandon Workman (13090163)
,,,,,,,,,,,,,,,SP,David Hess (13090161),David Hess,13090161,P,4100,NYY@BAL 08/07/2019 07:05PM ET,BAL,5.49,,David Hess,David Hess (13090161)
,,,,,,,,,,,,,,,RP,Jonathan Holder (13090165),Jonathan Holder,13090165,P,4100,NYY@BAL 08/07/2019 07:05PM ET,NYY,3.34,,Jonathan Holder,Jonathan Holder (13090165)
,,,,,,,,,,,,,,,2B/SS,Kevin Newman (13089678),Kevin Newman,13089678,2B/SS,4100,MIL@PIT 08/07/2019 07:05PM ET,PIT,7.08,,Kevin Newman,Kevin Newman (13089678)
,,,,,,,,,,,,,,,1B,Christian Walker (13089683),Christian Walker,13089683,1B,4100,PHI@ARI 08/07/2019 09:40PM ET,ARI,7.92,,Christian Walker,Christian Walker (13089683)
,,,,,,,,,,,,,,,SS,Jean Segura (13089684),Jean Segura,13089684,SS,4100,PHI@ARI 08/07/2019 09:40PM ET,PHI,7.94,,Jean Segura,Jean Segura (13089684)
,,,,,,,,,,,,,,,RP,Robby Scott (13090162),Robby Scott,13090162,P,4100,PHI@ARI 08/07/2019 09:40PM ET,ARI,0.92,,Robby Scott,Robby Scott (13090162)
,,,,,,,,,,,,,,,RP,Yoshihisa Hirano (13090164),Yoshihisa Hirano,13090164,P,4100,PHI@ARI 08/07/2019 09:40PM ET,ARI,2.6,,Yoshihisa Hirano,Yoshihisa Hirano (13090164)
,,,,,,,,,,,,,,,1B,Eric Hosmer (13089682),Eric Hosmer,13089682,1B,4100,SD@SEA 08/07/2019 06:40PM ET,SD,7.83,,Eric Hosmer,Eric Hosmer (13089682)
,,,,,,,,,,,,,,,SP,Kutter Crawford (13090177),Kutter Crawford,13090177,P,4000,KC@BOS 08/07/2019 07:10PM ET,BOS,0,,Kutter Crawford,Kutter Crawford (13090177)
,,,,,,,,,,,,,,,SP,Jhonathan Diaz (13090178),Jhonathan Diaz,13090178,P,4000,KC@BOS 08/07/2019 07:10PM ET,BOS,0,,Jhonathan Diaz,Jhonathan Diaz (13090178)
,,,,,,,,,,,,,,,SP,Jake Thompson (13090179),Jake Thompson,13090179,P,4000,KC@BOS 08/07/2019 07:10PM ET,BOS,0,,Jake Thompson,Jake Thompson (13090179)
,,,,,,,,,,,,,,,SP,Josh Smith (13090180),Josh Smith,13090180,P,4000,KC@BOS 08/07/2019 07:10PM ET,BOS,4.3,,Josh Smith,Josh Smith (13090180)
,,,,,,,,,,,,,,,SP,Ian Kennedy (13090184),Ian Kennedy,13090184,P,4000,KC@BOS 08/07/2019 07:10PM ET,KC,3.15,,Ian Kennedy,Ian Kennedy (13090184)
,,,,,,,,,,,,,,,SP,Brian Flynn (13090188),Brian Flynn,13090188,P,4000,KC@BOS 08/07/2019 07:10PM ET,KC,4.47,,Brian Flynn,Brian Flynn (13090188)
,,,,,,,,,,,,,,,RP,Brian Ellington (13090202),Brian Ellington,13090202,P,4000,KC@BOS 08/07/2019 07:10PM ET,BOS,0,,Brian Ellington,Brian Ellington (13090202)
,,,,,,,,,,,,,,,RP,Dan Runzler (13090203),Dan Runzler,13090203,P,4000,KC@BOS 08/07/2019 07:10PM ET,BOS,0,,Dan Runzler,Dan Runzler (13090203)
,,,,,,,,,,,,,,,RP,Durbin Feltman (13090204),Durbin Feltman,13090204,P,4000,KC@BOS 08/07/2019 07:10PM ET,BOS,0,,Durbin Feltman,Durbin Feltman (13090204)
,,,,,,,,,,,,,,,RP,William Cuevas (13090211),William Cuevas,13090211,P,4000,KC@BOS 08/07/2019 07:10PM ET,BOS,0,,William Cuevas,William Cuevas (13090211)
,,,,,,,,,,,,,,,RP,Denyi Reyes (13090234),Denyi Reyes,13090234,P,4000,KC@BOS 08/07/2019 07:10PM ET,BOS,0,,Denyi Reyes,Denyi Reyes (13090234)
,,,,,,,,,,,,,,,RP,Marcus Walden (13090241),Marcus Walden,13090241,P,4000,KC@BOS 08/07/2019 07:10PM ET,BOS,3.93,,Marcus Walden,Marcus Walden (13090241)
,,,,,,,,,,,,,,,RP,Bobby Poyner (13090245),Bobby Poyner,13090245,P,4000,KC@BOS 08/07/2019 07:10PM ET,BOS,-2.93,,Bobby Poyner,Bobby Poyner (13090245)
,,,,,,,,,,,,,,,RP,Josh Taylor (13090247),Josh Taylor,13090247,P,4000,KC@BOS 08/07/2019 07:10PM ET,BOS,3.26,,Josh Taylor,Josh Taylor (13090247)
,,,,,,,,,,,,,,,RP,Scott Barlow (13090251),Scott Barlow,13090251,P,4000,KC@BOS 08/07/2019 07:10PM ET,KC,3.59,,Scott Barlow,Scott Barlow (13090251)
,,,,,,,,,,,,,,,RP,Andres Machado (13090253),Andres Machado,13090253,P,4000,KC@BOS 08/07/2019 07:10PM ET,KC,0,,Andres Machado,Andres Machado (13090253)
,,,,,,,,,,,,,,,RP,Erasmo Ramirez (13090254),Erasmo Ramirez,13090254,P,4000,KC@BOS 08/07/2019 07:10PM ET,BOS,-2.85,,Erasmo Ramirez,Erasmo Ramirez (13090254)
,,,,,,,,,,,,,,,RP,Tim Hill (13090255),Tim Hill,13090255,P,4000,KC@BOS 08/07/2019 07:10PM ET,KC,1.64,,Tim Hill,Tim Hill (13090255)
,,,,,,,,,,,,,,,RP,Jake Newberry (13090257),Jake Newberry,13090257,P,4000,KC@BOS 08/07/2019 07:10PM ET,KC,3.03,,Jake Newberry,Jake Newberry (13090257)
,,,,,,,,,,,,,,,RP,Kevin McCarthy (13090271),Kevin McCarthy,13090271,P,4000,KC@BOS 08/07/2019 07:10PM ET,KC,1.46,,Kevin McCarthy,Kevin McCarthy (13090271)
,,,,,,,,,,,,,,,OF,Clint Frazier (13089685),Clint Frazier,13089685,OF,4000,NYY@BAL 08/07/2019 07:05PM ET,NYY,7.81,,Clint Frazier,Clint Frazier (13089685)
,,,,,,,,,,,,,,,1B/3B,Renato Nunez (13089688),Renato Nunez,13089688,1B/3B,4000,NYY@BAL 08/07/2019 07:05PM ET,BAL,7.63,,Renato Nunez,Renato Nunez (13089688)
,,,,,,,,,,,,,,,1B,Mike Ford (13089692),Mike Ford,13089692,1B,4000,NYY@BAL 08/07/2019 07:05PM ET,NYY,6.64,,Mike Ford,Mike Ford (13089692)
,,,,,,,,,,,,,,,SP,Nate Karns (13090181),Nate Karns,13090181,P,4000,NYY@BAL 08/07/2019 07:05PM ET,BAL,3.85,,Nate Karns,Nate Karns (13090181)
,,,,,,,,,,,,,,,SP,Tayler Scott (13090182),Tayler Scott,13090182,P,4000,NYY@BAL 08/07/2019 07:05PM ET,BAL,-0.33,,Tayler Scott,Tayler Scott (13090182)
,,,,,,,,,,,,,,,SP,Sean Gilmartin (13090185),Sean Gilmartin,13090185,P,4000,NYY@BAL 08/07/2019 07:05PM ET,BAL,-8.15,,Sean Gilmartin,Sean Gilmartin (13090185)
,,,,,,,,,,,,,,,SP,Luis Ortiz (13090187),Luis Ortiz,13090187,P,4000,NYY@BAL 08/07/2019 07:05PM ET,BAL,0.1,,Luis Ortiz,Luis Ortiz (13090187)
,,,,,,,,,,,,,,,RP,Rex Brothers (13090191),Rex Brothers,13090191,P,4000,NYY@BAL 08/07/2019 07:05PM ET,NYY,0,,Rex Brothers,Rex Brothers (13090191)
,,,,,,,,,,,,,,,RP,Danny Coulombe (13090192),Danny Coulombe,13090192,P,4000,NYY@BAL 08/07/2019 07:05PM ET,NYY,0,,Danny Coulombe,Danny Coulombe (13090192)
,,,,,,,,,,,,,,,RP,Danny Farquhar (13090194),Danny Farquhar,13090194,P,4000,NYY@BAL 08/07/2019 07:05PM ET,NYY,0,,Danny Farquhar,Danny Farquhar (13090194)
,,,,,,,,,,,,,,,RP,Cody Carroll (13090196),Cody Carroll,13090196,P,4000,NYY@BAL 08/07/2019 07:05PM ET,BAL,0,,Cody Carroll,Cody Carroll (13090196)
,,,,,,,,,,,,,,,RP,Aroldis Chapman (13090208),Aroldis Chapman,13090208,P,4000,NYY@BAL 08/07/2019 07:05PM ET,NYY,3.9,,Aroldis Chapman,Aroldis Chapman (13090208)
,,,,,,,,,,,,,,,RP,Kieran Lovegrove (13090215),Kieran Lovegrove,13090215,P,4000,NYY@BAL 08/07/2019 07:05PM ET,BAL,0,,Kieran Lovegrove,Kieran Lovegrove (13090215)
,,,,,,,,,,,,,,,RP,Domingo Acevedo (13090216),Domingo Acevedo,13090216,P,4000,NYY@BAL 08/07/2019 07:05PM ET,NYY,0,,Domingo Acevedo,Domingo Acevedo (13090216)
,,,,,,,,,,,,,,,RP,Chandler Shepherd (13090218),Chandler Shepherd,13090218,P,4000,NYY@BAL 08/07/2019 07:05PM ET,BAL,0,,Chandler Shepherd,Chandler Shepherd (13090218)
,,,,,,,,,,,,,,,RP,Hunter Harvey (13090219),Hunter Harvey,13090219,P,4000,NYY@BAL 08/07/2019 07:05PM ET,BAL,0,,Hunter Harvey,Hunter Harvey (13090219)
,,,,,,,,,,,,,,,RP,D.J. Snelten (13090220),D.J. Snelten,13090220,P,4000,NYY@BAL 08/07/2019 07:05PM ET,BAL,0,,D.J. Snelten,D.J. Snelten (13090220)
,,,,,,,,,,,,,,,RP,Jake Barrett (13090224),Jake Barrett,13090224,P,4000,NYY@BAL 08/07/2019 07:05PM ET,NYY,-0.28,,Jake Barrett,Jake Barrett (13090224)
,,,,,,,,,,,,,,,RP,Evan Phillips (13090233),Evan Phillips,13090233,P,4000,NYY@BAL 08/07/2019 07:05PM ET,BAL,2.2,,Evan Phillips,Evan Phillips (13090233)
,,,,,,,,,,,,,,,RP,Bo Schultz (13090236),Bo Schultz,13090236,P,4000,NYY@BAL 08/07/2019 07:05PM ET,BAL,0,,Bo Schultz,Bo Schultz (13090236)
,,,,,,,,,,,,,,,RP,Nestor Cortes Jr. (13090246),Nestor Cortes Jr.,13090246,P,4000,NYY@BAL 08/07/2019 07:05PM ET,NYY,6.67,,Nestor Cortes Jr.,Nestor Cortes Jr. (13090246)
,,,,,,,,,,,,,,,RP,Dan Jennings (13090249),Dan Jennings,13090249,P,4000,NYY@BAL 08/07/2019 07:05PM ET,NYY,1.11,,Dan Jennings,Dan Jennings (13090249)
,,,,,,,,,,,,,,,RP,Josh Lucas (13090256),Josh Lucas,13090256,P,4000,NYY@BAL 08/07/2019 07:05PM ET,BAL,3.85,,Josh Lucas,Josh Lucas (13090256)
,,,,,,,,,,,,,,,RP,Chris Lee (13090258),Chris Lee,13090258,P,4000,NYY@BAL 08/07/2019 07:05PM ET,BAL,0,,Chris Lee,Chris Lee (13090258)
,,,,,,,,,,,,,,,RP,Branden Kline (13090259),Branden Kline,13090259,P,4000,NYY@BAL 08/07/2019 07:05PM ET,BAL,2.68,,Branden Kline,Branden Kline (13090259)
,,,,,,,,,,,,,,,RP,Zack Britton (13090260),Zack Britton,13090260,P,4000,NYY@BAL 08/07/2019 07:05PM ET,NYY,2.69,,Zack Britton,Zack Britton (13090260)
,,,,,,,,,,,,,,,RP,Miguel Castro (13090264),Miguel Castro,13090264,P,4000,NYY@BAL 08/07/2019 07:05PM ET,BAL,2.72,,Miguel Castro,Miguel Castro (13090264)
,,,,,,,,,,,,,,,RP,Paul Fry (13090268),Paul Fry,13090268,P,4000,NYY@BAL 08/07/2019 07:05PM ET,BAL,2.14,,Paul Fry,Paul Fry (13090268)
,,,,,,,,,,,,,,,RP,Richard Bleier (13090272),Richard Bleier,13090272,P,4000,NYY@BAL 08/07/2019 07:05PM ET,BAL,1.1,,Richard Bleier,Richard Bleier (13090272)
,,,,,,,,,,,,,,,1B,Eric Thames (13089690),Eric Thames,13089690,1B,4000,MIL@PIT 08/07/2019 07:05PM ET,MIL,5.78,,Eric Thames,Eric Thames (13089690)
,,,,,,,,,,,,,,,RP,Devin Williams (13090166),Devin Williams,13090166,P,4000,MIL@PIT 08/07/2019 07:05PM ET,MIL,0,,Devin Williams,Devin Williams (13090166)
,,,,,,,,,,,,,,,SP,Jacob Barnes (13090168),Jacob Barnes,13090168,P,4000,MIL@PIT 08/07/2019 07:05PM ET,MIL,2.36,,Jacob Barnes,Jacob Barnes (13090168)
,,,,,,,,,,,,,,,SP,Alex McRae (13090186),Alex McRae,13090186,P,4000,MIL@PIT 08/07/2019 07:05PM ET,PIT,1.78,,Alex McRae,Alex McRae (13090186)
,,,,,,,,,,,,,,,RP,Brandon Maurer (13090197),Brandon Maurer,13090197,P,4000,MIL@PIT 08/07/2019 07:05PM ET,PIT,0,,Brandon Maurer,Brandon Maurer (13090197)
,,,,,,,,,,,,,,,RP,Jesus Liranzo (13090213),Jesus Liranzo,13090213,P,4000,MIL@PIT 08/07/2019 07:05PM ET,PIT,0,,Jesus Liranzo,Jesus Liranzo (13090213)
,,,,,,,,,,,,,,,RP,Tyler Lyons (13090217),Tyler Lyons,13090217,P,4000,MIL@PIT 08/07/2019 07:05PM ET,PIT,2.53,,Tyler Lyons,Tyler Lyons (13090217)
,,,,,,,,,,,,,,,RP,Aaron Wilkerson (13090232),Aaron Wilkerson,13090232,P,4000,MIL@PIT 08/07/2019 07:05PM ET,MIL,1.98,,Aaron Wilkerson,Aaron Wilkerson (13090232)
,,,,,,,,,,,,,,,RP,Kyle Crick (13090235),Kyle Crick,13090235,P,4000,MIL@PIT 08/07/2019 07:05PM ET,PIT,2.96,,Kyle Crick,Kyle Crick (13090235)
,,,,,,,,,,,,,,,RP,Parker Markel (13090242),Parker Markel,13090242,P,4000,MIL@PIT 08/07/2019 07:05PM ET,PIT,0.33,,Parker Markel,Parker Markel (13090242)
,,,,,,,,,,,,,,,RP,Geoff Hartlieb (13090244),Geoff Hartlieb,13090244,P,4000,MIL@PIT 08/07/2019 07:05PM ET,PIT,2.28,,Geoff Hartlieb,Geoff Hartlieb (13090244)
,,,,,,,,,,,,,,,RP,Matt Albers (13090252),Matt Albers,13090252,P,4000,MIL@PIT 08/07/2019 07:05PM ET,MIL,3.01,,Matt Albers,Matt Albers (13090252)
,,,,,,,,,,,,,,,RP,Jeremy Jeffress (13090267),Jeremy Jeffress,13090267,P,4000,MIL@PIT 08/07/2019 07:05PM ET,MIL,2.58,,Jeremy Jeffress,Jeremy Jeffress (13090267)
,,,,,,,,,,,,,,,SP,Junior Guerra (13090270),Junior Guerra,13090270,P,4000,MIL@PIT 08/07/2019 07:05PM ET,MIL,3.27,,Junior Guerra,Junior Guerra (13090270)
,,,,,,,,,,,,,,,RP,Alex Claudio (13090273),Alex Claudio,13090273,P,4000,MIL@PIT 08/07/2019 07:05PM ET,MIL,1.65,,Alex Claudio,Alex Claudio (13090273)
,,,,,,,,,,,,,,,OF,Tim Locastro (13089686),Tim Locastro,13089686,OF,4000,PHI@ARI 08/07/2019 09:40PM ET,ARI,5.13,,Tim Locastro,Tim Locastro (13089686)
,,,,,,,,,,,,,,,OF,David Peralta (13089691),David Peralta,13089691,OF,4000,PHI@ARI 08/07/2019 09:40PM ET,ARI,7.94,,David Peralta,David Peralta (13089691)
,,,,,,,,,,,,,,,2B/3B,Ildemaro Vargas (13089694),Ildemaro Vargas,13089694,2B/3B,4000,PHI@ARI 08/07/2019 09:40PM ET,ARI,4.14,,Ildemaro Vargas,Ildemaro Vargas (13089694)
,,,,,,,,,,,,,,,RP,Kevin Ginkel (13090167),Kevin Ginkel,13090167,P,4000,PHI@ARI 08/07/2019 09:40PM ET,ARI,2.3,,Kevin Ginkel,Kevin Ginkel (13090167)
,,,,,,,,,,,,,,,SP,Daniel Gibson (13090173),Daniel Gibson,13090173,P,4000,PHI@ARI 08/07/2019 09:40PM ET,ARI,0,,Daniel Gibson,Daniel Gibson (13090173)
,,,,,,,,,,,,,,,SP,Rubby De La Rosa (13090174),Rubby De La Rosa,13090174,P,4000,PHI@ARI 08/07/2019 09:40PM ET,ARI,0,,Rubby De La Rosa,Rubby De La Rosa (13090174)
,,,,,,,,,,,,,,,SP,Ricky Nolasco (13090175),Ricky Nolasco,13090175,P,4000,PHI@ARI 08/07/2019 09:40PM ET,ARI,0,,Ricky Nolasco,Ricky Nolasco (13090175)
,,,,,,,,,,,,,,,SP,Nick Green (13090176),Nick Green,13090176,P,4000,PHI@ARI 08/07/2019 09:40PM ET,ARI,0,,Nick Green,Nick Green (13090176)
,,,,,,,,,,,,,,,RP,Pedro Beato (13090199),Pedro Beato,13090199,P,4000,PHI@ARI 08/07/2019 09:40PM ET,PHI,0,,Pedro Beato,Pedro Beato (13090199)
,,,,,,,,,,,,,,,RP,Brad Goldberg (13090201),Brad Goldberg,13090201,P,4000,PHI@ARI 08/07/2019 09:40PM ET,ARI,0,,Brad Goldberg,Brad Goldberg (13090201)
,,,,,,,,,,,,,,,RP,Artie Lewicki (13090205),Artie Lewicki,13090205,P,4000,PHI@ARI 08/07/2019 09:40PM ET,ARI,0,,Artie Lewicki,Artie Lewicki (13090205)
,,,,,,,,,,,,,,,RP,Emilio Vargas (13090206),Emilio Vargas,13090206,P,4000,PHI@ARI 08/07/2019 09:40PM ET,ARI,0,,Emilio Vargas,Emilio Vargas (13090206)
,,,,,,,,,,,,,,,RP,Jeremy Bleich (13090207),Jeremy Bleich,13090207,P,4000,PHI@ARI 08/07/2019 09:40PM ET,PHI,0,,Jeremy Bleich,Jeremy Bleich (13090207)
,,,,,,,,,,,,,,,RP,Marc Rzepczynski (13090209),Marc Rzepczynski,13090209,P,4000,PHI@ARI 08/07/2019 09:40PM ET,ARI,0,,Marc Rzepczynski,Marc Rzepczynski (13090209)
,,,,,,,,,,,,,,,RP,Troy Scribner (13090214),Troy Scribner,13090214,P,4000,PHI@ARI 08/07/2019 09:40PM ET,ARI,0,,Troy Scribner,Troy Scribner (13090214)
,,,,,,,,,,,,,,,RP,Hector Neris (13090227),Hector Neris,13090227,P,4000,PHI@ARI 08/07/2019 09:40PM ET,PHI,3.64,,Hector Neris,Hector Neris (13090227)
,,,,,,,,,,,,,,,RP,Victor Arano (13090230),Victor Arano,13090230,P,4000,PHI@ARI 08/07/2019 09:40PM ET,PHI,7.37,,Victor Arano,Victor Arano (13090230)
,,,,,,,,,,,,,,,RP,Stefan Crichton (13090243),Stefan Crichton,13090243,P,4000,PHI@ARI 08/07/2019 09:40PM ET,ARI,3.53,,Stefan Crichton,Stefan Crichton (13090243)
,,,,,,,,,,,,,,,RP,Ben Lively (13090248),Ben Lively,13090248,P,4000,PHI@ARI 08/07/2019 09:40PM ET,ARI,-3.55,,Ben Lively,Ben Lively (13090248)
,,,,,,,,,,,,,,,RP,Yacksel Rios (13090250),Yacksel Rios,13090250,P,4000,PHI@ARI 08/07/2019 09:40PM ET,PHI,-1,,Yacksel Rios,Yacksel Rios (13090250)
,,,,,,,,,,,,,,,RP,Mike Morin (13090261),Mike Morin,13090261,P,4000,PHI@ARI 08/07/2019 09:40PM ET,PHI,2.01,,Mike Morin,Mike Morin (13090261)
,,,,,,,,,,,,,,,RP,Edgar Garcia (13090262),Edgar Garcia,13090262,P,4000,PHI@ARI 08/07/2019 09:40PM ET,PHI,2.31,,Edgar Garcia,Edgar Garcia (13090262)
,,,,,,,,,,,,,,,RP,Drew Anderson (13090263),Drew Anderson,13090263,P,4000,PHI@ARI 08/07/2019 09:40PM ET,PHI,4.15,,Drew Anderson,Drew Anderson (13090263)
,,,,,,,,,,,,,,,RP,T.J. McFarland (13090269),T.J. McFarland,13090269,P,4000,PHI@ARI 08/07/2019 09:40PM ET,ARI,2.31,,T.J. McFarland,T.J. McFarland (13090269)
,,,,,,,,,,,,,,,OF,Domingo Santana (13089687),Domingo Santana,13089687,OF,4000,SD@SEA 08/07/2019 06:40PM ET,SEA,8.54,,Domingo Santana,Domingo Santana (13089687)
,,,,,,,,,,,,,,,OF,Mitch Haniger (13089693),Mitch Haniger,13089693,OF,4000,SD@SEA 08/07/2019 06:40PM ET,SEA,8.64,,Mitch Haniger,Mitch Haniger (13089693)
,,,,,,,,,,,,,,,SP,Anderson Espinoza (13090169),Anderson Espinoza,13090169,P,4000,SD@SEA 08/07/2019 06:40PM ET,SD,0,,Anderson Espinoza,Anderson Espinoza (13090169)
,,,,,,,,,,,,,,,SP,Matt Carasiti (13090170),Matt Carasiti,13090170,P,4000,SD@SEA 08/07/2019 06:40PM ET,SEA,2.01,,Matt Carasiti,Matt Carasiti (13090170)
,,,,,,,,,,,,,,,SP,Logan Gilbert (13090171),Logan Gilbert,13090171,P,4000,SD@SEA 08/07/2019 06:40PM ET,SEA,0,,Logan Gilbert,Logan Gilbert (13090171)
,,,,,,,,,,,,,,,SP,Cory Gearrin (13090172),Cory Gearrin,13090172,P,4000,SD@SEA 08/07/2019 06:40PM ET,SEA,1.93,,Cory Gearrin,Cory Gearrin (13090172)
,,,,,,,,,,,,,,,SP,Andrew Moore (13090183),Andrew Moore,13090183,P,4000,SD@SEA 08/07/2019 06:40PM ET,SEA,2.3,,Andrew Moore,Andrew Moore (13090183)
,,,,,,,,,,,,,,,SP,Luis Perdomo (13090189),Luis Perdomo,13090189,P,4000,SD@SEA 08/07/2019 06:40PM ET,SD,3.75,,Luis Perdomo,Luis Perdomo (13090189)
,,,,,,,,,,,,,,,RP,Wyatt Mills (13090190),Wyatt Mills,13090190,P,4000,SD@SEA 08/07/2019 06:40PM ET,SEA,0,,Wyatt Mills,Wyatt Mills (13090190)
,,,,,,,,,,,,,,,RP,Kyle McGrath (13090193),Kyle McGrath,13090193,P,4000,SD@SEA 08/07/2019 06:40PM ET,SD,0,,Kyle McGrath,Kyle McGrath (13090193)
,,,,,,,,,,,,,,,RP,Kazuhisa Makita (13090195),Kazuhisa Makita,13090195,P,4000,SD@SEA 08/07/2019 06:40PM ET,SD,0,,Kazuhisa Makita,Kazuhisa Makita (13090195)
,,,,,,,,,,,,,,,RP,Kirby Yates (13090198),Kirby Yates,13090198,P,4000,SD@SEA 08/07/2019 06:40PM ET,SD,4.81,,Kirby Yates,Kirby Yates (13090198)
,,,,,,,,,,,,,,,RP,Art Warren (13090200),Art Warren,13090200,P,4000,SD@SEA 08/07/2019 06:40PM ET,SEA,0,,Art Warren,Art Warren (13090200)
,,,,,,,,,,,,,,,RP,Eric Stout (13090210),Eric Stout,13090210,P,4000,SD@SEA 08/07/2019 06:40PM ET,SD,0,,Eric Stout,Eric Stout (13090210)
,,,,,,,,,,,,,,,RP,Ryan Bollinger (13090212),Ryan Bollinger,13090212,P,4000,SD@SEA 08/07/2019 06:40PM ET,SD,0,,Ryan Bollinger,Ryan Bollinger (13090212)
,,,,,,,,,,,,,,,RP,Matt Festa (13090221),Matt Festa,13090221,P,4000,SD@SEA 08/07/2019 06:40PM ET,SEA,2.19,,Matt Festa,Matt Festa (13090221)
,,,,,,,,,,,,,,,RP,Ryan Garton (13090222),Ryan Garton,13090222,P,4000,SD@SEA 08/07/2019 06:40PM ET,SEA,-1.12,,Ryan Garton,Ryan Garton (13090222)
,,,,,,,,,,,,,,,RP,Trey Wingenter (13090223),Trey Wingenter,13090223,P,4000,SD@SEA 08/07/2019 06:40PM ET,SD,3.34,,Trey Wingenter,Trey Wingenter (13090223)
,,,,,,,,,,,,,,,RP,Tyler Danish (13090225),Tyler Danish,13090225,P,4000,SD@SEA 08/07/2019 06:40PM ET,SEA,0,,Tyler Danish,Tyler Danish (13090225)
,,,,,,,,,,,,,,,RP,Justus Sheffield (13090226),Justus Sheffield,13090226,P,4000,SD@SEA 08/07/2019 06:40PM ET,SEA,5.15,,Justus Sheffield,Justus Sheffield (13090226)
,,,,,,,,,,,,,,,RP,Andres Munoz (13090228),Andres Munoz,13090228,P,4000,SD@SEA 08/07/2019 06:40PM ET,SD,4.29,,Andres Munoz,Andres Munoz (13090228)
,,,,,,,,,,,,,,,RP,Connor Sadzeck (13090229),Connor Sadzeck,13090229,P,4000,SD@SEA 08/07/2019 06:40PM ET,SEA,3.61,,Connor Sadzeck,Connor Sadzeck (13090229)
,,,,,,,,,,,,,,,RP,Michel Baez (13090231),Michel Baez,13090231,P,4000,SD@SEA 08/07/2019 06:40PM ET,SD,4.6,,Michel Baez,Michel Baez (13090231)
,,,,,,,,,,,,,,,RP,Reggie McClain (13090237),Reggie McClain,13090237,P,4000,SD@SEA 08/07/2019 06:40PM ET,SEA,-1.55,,Reggie McClain,Reggie McClain (13090237)
,,,,,,,,,,,,,,,RP,Zac Grotz (13090238),Zac Grotz,13090238,P,4000,SD@SEA 08/07/2019 06:40PM ET,SEA,2.25,,Zac Grotz,Zac Grotz (13090238)
,,,,,,,,,,,,,,,RP,Anthony Bass (13090239),Anthony Bass,13090239,P,4000,SD@SEA 08/07/2019 06:40PM ET,SEA,3.2,,Anthony Bass,Anthony Bass (13090239)
,,,,,,,,,,,,,,,RP,Matt Magill (13090240),Matt Magill,13090240,P,4000,SD@SEA 08/07/2019 06:40PM ET,SEA,3.04,,Matt Magill,Matt Magill (13090240)
,,,,,,,,,,,,,,,RP,Mike Wright (13090265),Mike Wright,13090265,P,4000,SD@SEA 08/07/2019 06:40PM ET,SEA,2.06,,Mike Wright,Mike Wright (13090265)
,,,,,,,,,,,,,,,RP,Craig Stammen (13090266),Craig Stammen,13090266,P,4000,SD@SEA 08/07/2019 06:40PM ET,SD,3.05,,Craig Stammen,Craig Stammen (13090266)
,,,,,,,,,,,,,,,C,Austin Romine (13089700),Austin Romine,13089700,C,3900,NYY@BAL 08/07/2019 07:05PM ET,NYY,5.88,,Austin Romine,Austin Romine (13089700)
,,,,,,,,,,,,,,,2B/SS,Thairo Estrada (13089703),Thairo Estrada,13089703,2B/SS,3900,NYY@BAL 08/07/2019 07:05PM ET,NYY,5.08,,Thairo Estrada,Thairo Estrada (13089703)
,,,,,,,,,,,,,,,OF,Gregory Polanco (13089696),Gregory Polanco,13089696,OF,3900,MIL@PIT 08/07/2019 07:05PM ET,PIT,7.02,,Gregory Polanco,Gregory Polanco (13089696)
,,,,,,,,,,,,,,,C,Yasmani Grandal (13089699),Yasmani Grandal,13089699,C,3900,MIL@PIT 08/07/2019 07:05PM ET,MIL,7.7,,Yasmani Grandal,Yasmani Grandal (13089699)
,,,,,,,,,,,,,,,OF,Lorenzo Cain (13089701),Lorenzo Cain,13089701,OF,3900,MIL@PIT 08/07/2019 07:05PM ET,MIL,7.2,,Lorenzo Cain,Lorenzo Cain (13089701)
,,,,,,,,,,,,,,,C,Carson Kelly (13089697),Carson Kelly,13089697,C,3900,PHI@ARI 08/07/2019 09:40PM ET,ARI,6.36,,Carson Kelly,Carson Kelly (13089697)
,,,,,,,,,,,,,,,OF,Roman Quinn (13089698),Roman Quinn,13089698,OF,3900,PHI@ARI 08/07/2019 09:40PM ET,PHI,4.64,,Roman Quinn,Roman Quinn (13089698)
,,,,,,,,,,,,,,,OF,Adam Jones (13089702),Adam Jones,13089702,OF,3900,PHI@ARI 08/07/2019 09:40PM ET,ARI,7.07,,Adam Jones,Adam Jones (13089702)
,,,,,,,,,,,,,,,OF,Jackie Bradley Jr. (13089705),Jackie Bradley Jr.,13089705,OF,3800,KC@BOS 08/07/2019 07:10PM ET,BOS,6.61,,Jackie Bradley Jr.,Jackie Bradley Jr. (13089705)
,,,,,,,,,,,,,,,2B,Marco Hernandez (13089711),Marco Hernandez,13089711,2B,3800,KC@BOS 08/07/2019 07:10PM ET,BOS,4.86,,Marco Hernandez,Marco Hernandez (13089711)
,,,,,,,,,,,,,,,SS,Nick Ahmed (13089706),Nick Ahmed,13089706,SS,3800,PHI@ARI 08/07/2019 09:40PM ET,ARI,7.12,,Nick Ahmed,Nick Ahmed (13089706)
,,,,,,,,,,,,,,,C,Alex Avila (13089710),Alex Avila,13089710,C,3800,PHI@ARI 08/07/2019 09:40PM ET,ARI,7.08,,Alex Avila,Alex Avila (13089710)
,,,,,,,,,,,,,,,2B/3B,Greg Garcia (13089707),Greg Garcia,13089707,2B/3B,3800,SD@SEA 08/07/2019 06:40PM ET,SD,4.63,,Greg Garcia,Greg Garcia (13089707)
,,,,,,,,,,,,,,,C,Omar Narvaez (13089709),Omar Narvaez,13089709,C,3800,SD@SEA 08/07/2019 06:40PM ET,SEA,6.99,,Omar Narvaez,Omar Narvaez (13089709)
,,,,,,,,,,,,,,,OF,Mallex Smith (13089712),Mallex Smith,13089712,OF,3800,SD@SEA 08/07/2019 06:40PM ET,SEA,7.8,,Mallex Smith,Mallex Smith (13089712)
,,,,,,,,,,,,,,,1B/3B,Cheslor Cuthbert (13089718),Cheslor Cuthbert,13089718,1B/3B,3700,KC@BOS 08/07/2019 07:10PM ET,KC,6.8,,Cheslor Cuthbert,Cheslor Cuthbert (13089718)
,,,,,,,,,,,,,,,OF,Alex Gordon (13089720),Alex Gordon,13089720,OF,3700,KC@BOS 08/07/2019 07:10PM ET,KC,7.65,,Alex Gordon,Alex Gordon (13089720)
,,,,,,,,,,,,,,,2B/3B,Brandon Phillips (13089727),Brandon Phillips,13089727,2B/3B,3700,KC@BOS 08/07/2019 07:10PM ET,BOS,0,,Brandon Phillips,Brandon Phillips (13089727)
,,,,,,,,,,,,,,,C,Chance Sisco (13089726),Chance Sisco,13089726,C,3700,NYY@BAL 08/07/2019 07:05PM ET,BAL,6.86,,Chance Sisco,Chance Sisco (13089726)
,,,,,,,,,,,,,,,OF,Ben Gamel (13089717),Ben Gamel,13089717,OF,3700,MIL@PIT 08/07/2019 07:05PM ET,MIL,4.42,,Ben Gamel,Ben Gamel (13089717)
,,,,,,,,,,,,,,,3B,Colin Moran (13089721),Colin Moran,13089721,3B,3700,MIL@PIT 08/07/2019 07:05PM ET,PIT,5.75,,Colin Moran,Colin Moran (13089721)
,,,,,,,,,,,,,,,OF,Melky Cabrera (13089725),Melky Cabrera,13089725,OF,3700,MIL@PIT 08/07/2019 07:05PM ET,PIT,5.36,,Melky Cabrera,Melky Cabrera (13089725)
,,,,,,,,,,,,,,,2B/3B,Kevin Kramer (13089729),Kevin Kramer,13089729,2B/3B,3700,MIL@PIT 08/07/2019 07:05PM ET,PIT,4,,Kevin Kramer,Kevin Kramer (13089729)
,,,,,,,,,,,,,,,1B/3B,Jake Lamb (13089713),Jake Lamb,13089713,1B/3B,3700,PHI@ARI 08/07/2019 09:40PM ET,ARI,6.14,,Jake Lamb,Jake Lamb (13089713)
,,,,,,,,,,,,,,,2B,Cesar Hernandez (13089715),Cesar Hernandez,13089715,2B,3700,PHI@ARI 08/07/2019 09:40PM ET,PHI,6.83,,Cesar Hernandez,Cesar Hernandez (13089715)
,,,,,,,,,,,,,,,OF,Wil Myers (13089716),Wil Myers,13089716,OF,3700,SD@SEA 08/07/2019 06:40PM ET,SD,5.65,,Wil Myers,Wil Myers (13089716)
,,,,,,,,,,,,,,,SS,J.P. Crawford (13089722),J.P. Crawford,13089722,SS,3700,SD@SEA 08/07/2019 06:40PM ET,SEA,7.56,,J.P. Crawford,J.P. Crawford (13089722)
,,,,,,,,,,,,,,,1B/2B,Austin Nola (13089723),Austin Nola,13089723,1B/2B,3700,SD@SEA 08/07/2019 06:40PM ET,SEA,5.14,,Austin Nola,Austin Nola (13089723)
,,,,,,,,,,,,,,,OF,Dwight Smith Jr. (13089731),Dwight Smith Jr.,13089731,OF,3600,NYY@BAL 08/07/2019 07:05PM ET,BAL,7.16,,Dwight Smith Jr.,Dwight Smith Jr. (13089731)
,,,,,,,,,,,,,,,C,Pedro Severino (13089737),Pedro Severino,13089737,C,3600,NYY@BAL 08/07/2019 07:05PM ET,BAL,6.65,,Pedro Severino,Pedro Severino (13089737)
,,,,,,,,,,,,,,,C,Kyle Higashioka (13089738),Kyle Higashioka,13089738,C,3600,NYY@BAL 08/07/2019 07:05PM ET,NYY,6.33,,Kyle Higashioka,Kyle Higashioka (13089738)
,,,,,,,,,,,,,,,2B,Breyvic Valera (13089739),Breyvic Valera,13089739,2B,3600,NYY@BAL 08/07/2019 07:05PM ET,NYY,4.83,,Breyvic Valera,Breyvic Valera (13089739)
,,,,,,,,,,,,,,,2B,Adam Frazier (13089736),Adam Frazier,13089736,2B,3600,MIL@PIT 08/07/2019 07:05PM ET,PIT,6.32,,Adam Frazier,Adam Frazier (13089736)
,,,,,,,,,,,,,,,3B/OF,Sean Rodriguez (13089732),Sean Rodriguez,13089732,3B/OF,3600,PHI@ARI 08/07/2019 09:40PM ET,PHI,3.56,,Sean Rodriguez,Sean Rodriguez (13089732)
,,,,,,,,,,,,,,,OF,Adam Haseley (13089740),Adam Haseley,13089740,OF,3600,PHI@ARI 08/07/2019 09:40PM ET,PHI,6.96,,Adam Haseley,Adam Haseley (13089740)
,,,,,,,,,,,,,,,OF,Manuel Margot (13089734),Manuel Margot,13089734,OF,3600,SD@SEA 08/07/2019 06:40PM ET,SD,5.35,,Manuel Margot,Manuel Margot (13089734)
,,,,,,,,,,,,,,,3B,Kyle Seager (13089735),Kyle Seager,13089735,3B,3600,SD@SEA 08/07/2019 06:40PM ET,SEA,6.78,,Kyle Seager,Kyle Seager (13089735)
,,,,,,,,,,,,,,,C,Salvador Perez (13089742),Salvador Perez,13089742,C,3500,KC@BOS 08/07/2019 07:10PM ET,KC,0,,Salvador Perez,Salvador Perez (13089742)
,,,,,,,,,,,,,,,OF,Rusney Castillo (13089745),Rusney Castillo,13089745,OF,3500,KC@BOS 08/07/2019 07:10PM ET,BOS,0,,Rusney Castillo,Rusney Castillo (13089745)
,,,,,,,,,,,,,,,1B/OF,Sam Travis (13089746),Sam Travis,13089746,1B/OF,3500,KC@BOS 08/07/2019 07:10PM ET,BOS,4.79,,Sam Travis,Sam Travis (13089746)
,,,,,,,,,,,,,,,OF,Estevan Florial (13089741),Estevan Florial,13089741,OF,3500,NYY@BAL 08/07/2019 07:05PM ET,NYY,0,,Estevan Florial,Estevan Florial (13089741)
,,,,,,,,,,,,,,,2B/3B,Hanser Alberto (13089743),Hanser Alberto,13089743,2B/3B,3500,NYY@BAL 08/07/2019 07:05PM ET,BAL,6.04,,Hanser Alberto,Hanser Alberto (13089743)
,,,,,,,,,,,,,,,3B,Miguel Andujar (13089751),Miguel Andujar,13089751,3B,3500,NYY@BAL 08/07/2019 07:05PM ET,NYY,2,,Miguel Andujar,Miguel Andujar (13089751)
,,,,,,,,,,,,,,,2B/3B,Brad Miller (13089748),Brad Miller,13089748,2B/3B,3500,PHI@ARI 08/07/2019 09:40PM ET,PHI,4.07,,Brad Miller,Brad Miller (13089748)
,,,,,,,,,,,,,,,OF,Jose Pirela (13089750),Jose Pirela,13089750,OF,3500,PHI@ARI 08/07/2019 09:40PM ET,PHI,0,,Jose Pirela,Jose Pirela (13089750)
,,,,,,,,,,,,,,,OF,Gorkys Hernandez (13089752),Gorkys Hernandez,13089752,OF,3400,KC@BOS 08/07/2019 07:10PM ET,BOS,0,,Gorkys Hernandez,Gorkys Hernandez (13089752)
,,,,,,,,,,,,,,,1B,Mark Trumbo (13089753),Mark Trumbo,13089753,1B,3400,NYY@BAL 08/07/2019 07:05PM ET,BAL,0,,Mark Trumbo,Mark Trumbo (13089753)
,,,,,,,,,,,,,,,2B/3B,Cory Spangenberg (13089754),Cory Spangenberg,13089754,2B/3B,3400,MIL@PIT 08/07/2019 07:05PM ET,MIL,0,,Cory Spangenberg,Cory Spangenberg (13089754)
,,,,,,,,,,,,,,,OF,Yasmany Tomas (13089759),Yasmany Tomas,13089759,OF,3400,PHI@ARI 08/07/2019 09:40PM ET,ARI,0,,Yasmany Tomas,Yasmany Tomas (13089759)
,,,,,,,,,,,,,,,3B,Maikel Franco (13089761),Maikel Franco,13089761,3B,3400,PHI@ARI 08/07/2019 09:40PM ET,PHI,5.9,,Maikel Franco,Maikel Franco (13089761)
,,,,,,,,,,,,,,,C,Tom Murphy (13089756),Tom Murphy,13089756,C,3400,SD@SEA 08/07/2019 06:40PM ET,SEA,6.62,,Tom Murphy,Tom Murphy (13089756)
,,,,,,,,,,,,,,,OF/SS,Tim Beckham (13089757),Tim Beckham,13089757,SS/OF,3400,SD@SEA 08/07/2019 06:40PM ET,SEA,6.74,,Tim Beckham,Tim Beckham (13089757)
,,,,,,,,,,,,,,,2B,Dee Gordon (13089760),Dee Gordon,13089760,2B,3400,SD@SEA 08/07/2019 06:40PM ET,SEA,6.29,,Dee Gordon,Dee Gordon (13089760)
,,,,,,,,,,,,,,,OF,Shane Peterson (13089762),Shane Peterson,13089762,OF,3400,SD@SEA 08/07/2019 06:40PM ET,SD,0,,Shane Peterson,Shane Peterson (13089762)
,,,,,,,,,,,,,,,2B,Brock Holt (13089766),Brock Holt,13089766,2B,3300,KC@BOS 08/07/2019 07:10PM ET,BOS,5.58,,Brock Holt,Brock Holt (13089766)
,,,,,,,,,,,,,,,SS,Tzu-Wei Lin (13089768),Tzu-Wei Lin,13089768,SS,3300,KC@BOS 08/07/2019 07:10PM ET,BOS,2.54,,Tzu-Wei Lin,Tzu-Wei Lin (13089768)
,,,,,,,,,,,,,,,3B/OF,Jace Peterson (13089764),Jace Peterson,13089764,3B/OF,3300,NYY@BAL 08/07/2019 07:05PM ET,BAL,6.42,,Jace Peterson,Jace Peterson (13089764)
,,,,,,,,,,,,,,,OF,Stevie Wilkerson (13089767),Stevie Wilkerson,13089767,OF,3300,NYY@BAL 08/07/2019 07:05PM ET,BAL,5.16,,Stevie Wilkerson,Stevie Wilkerson (13089767)
,,,,,,,,,,,,,,,3B,Will Craig (13089770),Will Craig,13089770,3B,3300,MIL@PIT 08/07/2019 07:05PM ET,PIT,0,,Will Craig,Will Craig (13089770)
,,,,,,,,,,,,,,,2B,Wilmer Flores (13089771),Wilmer Flores,13089771,2B,3300,PHI@ARI 08/07/2019 09:40PM ET,ARI,4.53,,Wilmer Flores,Wilmer Flores (13089771)
,,,,,,,,,,,,,,,OF,Travis Jankowski (13089763),Travis Jankowski,13089763,OF,3300,SD@SEA 08/07/2019 06:40PM ET,SD,0,,Travis Jankowski,Travis Jankowski (13089763)
,,,,,,,,,,,,,,,OF,Josh Naylor (13089769),Josh Naylor,13089769,OF,3300,SD@SEA 08/07/2019 06:40PM ET,SD,4.61,,Josh Naylor,Josh Naylor (13089769)
,,,,,,,,,,,,,,,2B/SS,Mike Miller (13089781),Mike Miller,13089781,2B/SS,3200,KC@BOS 08/07/2019 07:10PM ET,BOS,0,,Mike Miller,Mike Miller (13089781)
,,,,,,,,,,,,,,,C,Daniel Butler (13089790),Daniel Butler,13089790,C,3200,KC@BOS 08/07/2019 07:10PM ET,BOS,0,,Daniel Butler,Daniel Butler (13089790)
,,,,,,,,,,,,,,,C,MJ Melendez (13089792),MJ Melendez,13089792,C,3200,KC@BOS 08/07/2019 07:10PM ET,KC,0,,MJ Melendez,MJ Melendez (13089792)
,,,,,,,,,,,,,,,1B,Greg Bird (13089773),Greg Bird,13089773,1B,3200,NYY@BAL 08/07/2019 07:05PM ET,NYY,5.1,,Greg Bird,Greg Bird (13089773)
,,,,,,,,,,,,,,,C,Jacob Nottingham (13089776),Jacob Nottingham,13089776,C,3200,MIL@PIT 08/07/2019 07:05PM ET,MIL,3.83,,Jacob Nottingham,Jacob Nottingham (13089776)
,,,,,,,,,,,,,,,3B,Ke'Bryan Hayes (13089778),Ke'Bryan Hayes,13089778,3B,3200,MIL@PIT 08/07/2019 07:05PM ET,PIT,0,,Ke'Bryan Hayes,Ke'Bryan Hayes (13089778)
,,,,,,,,,,,,,,,C,Manny Pina (13089785),Manny Pina,13089785,C,3200,MIL@PIT 08/07/2019 07:05PM ET,MIL,3.66,,Manny Pina,Manny Pina (13089785)
,,,,,,,,,,,,,,,OF,Trent Grisham (13089786),Trent Grisham,13089786,OF,3200,MIL@PIT 08/07/2019 07:05PM ET,MIL,8,,Trent Grisham,Trent Grisham (13089786)
,,,,,,,,,,,,,,,OF,Dylan Cozens (13089772),Dylan Cozens,13089772,OF,3200,PHI@ARI 08/07/2019 09:40PM ET,PHI,0,,Dylan Cozens,Dylan Cozens (13089772)
,,,,,,,,,,,,,,,3B,Trevor Plouffe (13089777),Trevor Plouffe,13089777,3B,3200,PHI@ARI 08/07/2019 09:40PM ET,PHI,0,,Trevor Plouffe,Trevor Plouffe (13089777)
,,,,,,,,,,,,,,,3B/SS,Mitch Walding (13089779),Mitch Walding,13089779,3B/SS,3200,PHI@ARI 08/07/2019 09:40PM ET,PHI,0,,Mitch Walding,Mitch Walding (13089779)
,,,,,,,,,,,,,,,2B/OF,Rob Refsnyder (13089783),Rob Refsnyder,13089783,2B/OF,3200,PHI@ARI 08/07/2019 09:40PM ET,ARI,0,,Rob Refsnyder,Rob Refsnyder (13089783)
,,,,,,,,,,,,,,,OF,Odubel Herrera (13089791),Odubel Herrera,13089791,OF,3200,PHI@ARI 08/07/2019 09:40PM ET,PHI,5.28,,Odubel Herrera,Odubel Herrera (13089791)
,,,,,,,,,,,,,,,C/OF,Blake Swihart (13089793),Blake Swihart,13089793,C/OF,3200,PHI@ARI 08/07/2019 09:40PM ET,ARI,3.36,,Blake Swihart,Blake Swihart (13089793)
,,,,,,,,,,,,,,,2B/3B,Christian Villanueva (13089774),Christian Villanueva,13089774,2B/3B,3200,SD@SEA 08/07/2019 06:40PM ET,SD,0,,Christian Villanueva,Christian Villanueva (13089774)
,,,,,,,,,,,,,,,OF/SS,Dylan Moore (13089787),Dylan Moore,13089787,SS/OF,3200,SD@SEA 08/07/2019 06:40PM ET,SEA,3.92,,Dylan Moore,Dylan Moore (13089787)
,,,,,,,,,,,,,,,C,Francisco Mejia (13089789),Francisco Mejia,13089789,C,3200,SD@SEA 08/07/2019 06:40PM ET,SD,4.58,,Francisco Mejia,Francisco Mejia (13089789)
,,,,,,,,,,,,,,,SS,C.J. Chatham (13089803),C.J. Chatham,13089803,SS,3100,KC@BOS 08/07/2019 07:10PM ET,BOS,0,,C.J. Chatham,C.J. Chatham (13089803)
,,,,,,,,,,,,,,,C,Juan Centeno (13089805),Juan Centeno,13089805,C,3100,KC@BOS 08/07/2019 07:10PM ET,BOS,0,,Juan Centeno,Juan Centeno (13089805)
,,,,,,,,,,,,,,,OF,Bubba Starling (13089806),Bubba Starling,13089806,OF,3100,KC@BOS 08/07/2019 07:10PM ET,KC,5.95,,Bubba Starling,Bubba Starling (13089806)
,,,,,,,,,,,,,,,1B/OF,Steve Pearce (13089807),Steve Pearce,13089807,1B/OF,3100,KC@BOS 08/07/2019 07:10PM ET,BOS,3.97,,Steve Pearce,Steve Pearce (13089807)
,,,,,,,,,,,,,,,OF,Billy Burns (13089799),Billy Burns,13089799,OF,3100,NYY@BAL 08/07/2019 07:05PM ET,NYY,0,,Billy Burns,Billy Burns (13089799)
,,,,,,,,,,,,,,,SS,Ryan Mountcastle (13089800),Ryan Mountcastle,13089800,SS,3100,NYY@BAL 08/07/2019 07:05PM ET,BAL,0,,Ryan Mountcastle,Ryan Mountcastle (13089800)
,,,,,,,,,,,,,,,OF,Cedric Mullins (13089813),Cedric Mullins,13089813,OF,3100,NYY@BAL 08/07/2019 07:05PM ET,BAL,3.14,,Cedric Mullins,Cedric Mullins (13089813)
,,,,,,,,,,,,,,,OF,Jason Martin (13089797),Jason Martin,13089797,OF,3100,MIL@PIT 08/07/2019 07:05PM ET,PIT,3.1,,Jason Martin,Jason Martin (13089797)
,,,,,,,,,,,,,,,SS,Orlando Arcia (13089804),Orlando Arcia,13089804,SS,3100,MIL@PIT 08/07/2019 07:05PM ET,MIL,5.73,,Orlando Arcia,Orlando Arcia (13089804)
,,,,,,,,,,,,,,,OF/SS,Tyler Saladino (13089811),Tyler Saladino,13089811,SS/OF,3100,MIL@PIT 08/07/2019 07:05PM ET,MIL,3.21,,Tyler Saladino,Tyler Saladino (13089811)
,,,,,,,,,,,,,,,OF,Lane Adams (13089795),Lane Adams,13089795,OF,3100,PHI@ARI 08/07/2019 09:40PM ET,PHI,0,,Lane Adams,Lane Adams (13089795)
,,,,,,,,,,,,,,,SS,Domingo Leyba (13089802),Domingo Leyba,13089802,SS,3100,PHI@ARI 08/07/2019 09:40PM ET,ARI,1.7,,Domingo Leyba,Domingo Leyba (13089802)
,,,,,,,,,,,,,,,2B,Shed Long (13089796),Shed Long,13089796,2B,3100,SD@SEA 08/07/2019 06:40PM ET,SEA,6.95,,Shed Long,Shed Long (13089796)
,,,,,,,,,,,,,,,OF,Denard Span (13089798),Denard Span,13089798,OF,3100,SD@SEA 08/07/2019 06:40PM ET,SEA,0,,Denard Span,Denard Span (13089798)
,,,,,,,,,,,,,,,OF,Dom Thompson-Williams (13089801),Dom Thompson-Williams,13089801,OF,3100,SD@SEA 08/07/2019 06:40PM ET,SEA,0,,Dom Thompson-Williams,Dom Thompson-Williams (13089801)
,,,,,,,,,,,,,,,OF,Jake Fraley (13089809),Jake Fraley,13089809,OF,3100,SD@SEA 08/07/2019 06:40PM ET,SEA,0,,Jake Fraley,Jake Fraley (13089809)
,,,,,,,,,,,,,,,C,Mike Marjama (13089810),Mike Marjama,13089810,C,3100,SD@SEA 08/07/2019 06:40PM ET,SEA,0,,Mike Marjama,Mike Marjama (13089810)
,,,,,,,,,,,,,,,3B,Bobby Dalbec (13089814),Bobby Dalbec,13089814,3B,3000,KC@BOS 08/07/2019 07:10PM ET,BOS,0,,Bobby Dalbec,Bobby Dalbec (13089814)
,,,,,,,,,,,,,,,2B/OF,Tony Renda (13089818),Tony Renda,13089818,2B/OF,3000,KC@BOS 08/07/2019 07:10PM ET,BOS,0,,Tony Renda,Tony Renda (13089818)
,,,,,,,,,,,,,,,OF,Jorge Bonifacio (13089823),Jorge Bonifacio,13089823,OF,3000,KC@BOS 08/07/2019 07:10PM ET,KC,8.2,,Jorge Bonifacio,Jorge Bonifacio (13089823)
,,,,,,,,,,,,,,,OF,Khalil Lee (13089825),Khalil Lee,13089825,OF,3000,KC@BOS 08/07/2019 07:10PM ET,KC,0,,Khalil Lee,Khalil Lee (13089825)
,,,,,,,,,,,,,,,OF,Brett Phillips (13089826),Brett Phillips,13089826,OF,3000,KC@BOS 08/07/2019 07:10PM ET,KC,0,,Brett Phillips,Brett Phillips (13089826)
,,,,,,,,,,,,,,,2B,Dustin Pedroia (13089827),Dustin Pedroia,13089827,2B,3000,KC@BOS 08/07/2019 07:10PM ET,BOS,2,,Dustin Pedroia,Dustin Pedroia (13089827)
,,,,,,,,,,,,,,,C,Meibrys Viloria (13089833),Meibrys Viloria,13089833,C,3000,KC@BOS 08/07/2019 07:10PM ET,KC,5.7,,Meibrys Viloria,Meibrys Viloria (13089833)
,,,,,,,,,,,,,,,C,Cam Gallagher (13089836),Cam Gallagher,13089836,C,3000,KC@BOS 08/07/2019 07:10PM ET,KC,4.56,,Cam Gallagher,Cam Gallagher (13089836)
,,,,,,,,,,,,,,,2B/OF,Tyler Wade (13089815),Tyler Wade,13089815,2B/OF,3000,NYY@BAL 08/07/2019 07:05PM ET,NYY,5.29,,Tyler Wade,Tyler Wade (13089815)
,,,,,,,,,,,,,,,OF,Austin Hays (13089820),Austin Hays,13089820,OF,3000,NYY@BAL 08/07/2019 07:05PM ET,BAL,0,,Austin Hays,Austin Hays (13089820)
,,,,,,,,,,,,,,,1B/3B,Danny Valencia (13089821),Danny Valencia,13089821,1B/3B,3000,NYY@BAL 08/07/2019 07:05PM ET,BAL,0,,Danny Valencia,Danny Valencia (13089821)
,,,,,,,,,,,,,,,OF,Eric Young Jr. (13089828),Eric Young Jr.,13089828,OF,3000,NYY@BAL 08/07/2019 07:05PM ET,BAL,0,,Eric Young Jr.,Eric Young Jr. (13089828)
,,,,,,,,,,,,,,,OF,Troy Stokes Jr. (13089817),Troy Stokes Jr.,13089817,OF,3000,MIL@PIT 08/07/2019 07:05PM ET,MIL,0,,Troy Stokes Jr.,Troy Stokes Jr. (13089817)
,,,,,,,,,,,,,,,3B,Lucas Erceg (13089829),Lucas Erceg,13089829,3B,3000,MIL@PIT 08/07/2019 07:05PM ET,MIL,0,,Lucas Erceg,Lucas Erceg (13089829)
,,,,,,,,,,,,,,,SS,Erik Gonzalez (13089832),Erik Gonzalez,13089832,SS,3000,MIL@PIT 08/07/2019 07:05PM ET,PIT,4.32,,Erik Gonzalez,Erik Gonzalez (13089832)
,,,,,,,,,,,,,,,2B/OF,Pablo Reyes (13089834),Pablo Reyes,13089834,2B/OF,3000,MIL@PIT 08/07/2019 07:05PM ET,PIT,2.5,,Pablo Reyes,Pablo Reyes (13089834)
,,,,,,,,,,,,,,,C,David Freitas (13089839),David Freitas,13089839,C,3000,MIL@PIT 08/07/2019 07:05PM ET,MIL,6,,David Freitas,David Freitas (13089839)
,,,,,,,,,,,,,,,2B,Hernan Perez (13089841),Hernan Perez,13089841,2B,3000,MIL@PIT 08/07/2019 07:05PM ET,MIL,4.3,,Hernan Perez,Hernan Perez (13089841)
,,,,,,,,,,,,,,,OF,JB Shuck (13089843),JB Shuck,13089843,OF,3000,MIL@PIT 08/07/2019 07:05PM ET,PIT,2.59,,JB Shuck,JB Shuck (13089843)
,,,,,,,,,,,,,,,OF,Matt Szczur (13089824),Matt Szczur,13089824,OF,3000,PHI@ARI 08/07/2019 09:40PM ET,ARI,0,,Matt Szczur,Matt Szczur (13089824)
,,,,,,,,,,,,,,,2B/3B,Jesmuel Valentin (13089830),Jesmuel Valentin,13089830,2B/3B,3000,PHI@ARI 08/07/2019 09:40PM ET,PHI,0,,Jesmuel Valentin,Jesmuel Valentin (13089830)
,,,,,,,,,,,,,,,C,Austin Allen (13089837),Austin Allen,13089837,C,3000,SD@SEA 08/07/2019 06:40PM ET,SD,2.81,,Austin Allen,Austin Allen (13089837)
,,,,,,,,,,,,,,,OF,Keon Broxton (13089838),Keon Broxton,13089838,OF,3000,SD@SEA 08/07/2019 06:40PM ET,SEA,3.68,,Keon Broxton,Keon Broxton (13089838)
,,,,,,,,,,,,,,,3B,Ty France (13089840),Ty France,13089840,3B,3000,SD@SEA 08/07/2019 06:40PM ET,SD,4.35,,Ty France,Ty France (13089840)
,,,,,,,,,,,,,,,C,Luis Torrens (13089842),Luis Torrens,13089842,C,3000,SD@SEA 08/07/2019 06:40PM ET,SD,0,,Luis Torrens,Luis Torrens (13089842)
,,,,,,,,,,,,,,,1B,Josh Ockimey (13089846),Josh Ockimey,13089846,1B,2900,KC@BOS 08/07/2019 07:10PM ET,BOS,0,,Josh Ockimey,Josh Ockimey (13089846)
,,,,,,,,,,,,,,,1B,Joey Curletta (13089847),Joey Curletta,13089847,1B,2900,KC@BOS 08/07/2019 07:10PM ET,BOS,0,,Joey Curletta,Joey Curletta (13089847)
,,,,,,,,,,,,,,,3B,Kelvin Gutierrez (13089853),Kelvin Gutierrez,13089853,3B,2900,KC@BOS 08/07/2019 07:10PM ET,KC,5.9,,Kelvin Gutierrez,Kelvin Gutierrez (13089853)
,,,,,,,,,,,,,,,OF,DJ Stewart (13089849),DJ Stewart,13089849,OF,2900,NYY@BAL 08/07/2019 07:05PM ET,BAL,2.38,,DJ Stewart,DJ Stewart (13089849)
,,,,,,,,,,,,,,,SS,Alcides Escobar (13089854),Alcides Escobar,13089854,SS,2900,NYY@BAL 08/07/2019 07:05PM ET,BAL,0,,Alcides Escobar,Alcides Escobar (13089854)
,,,,,,,,,,,,,,,1B,Chris Davis (13089855),Chris Davis,13089855,1B,2900,NYY@BAL 08/07/2019 07:05PM ET,BAL,4.53,,Chris Davis,Chris Davis (13089855)
,,,,,,,,,,,,,,,2B/OF,Nick Franklin (13089844),Nick Franklin,13089844,2B/OF,2900,MIL@PIT 08/07/2019 07:05PM ET,PIT,0,,Nick Franklin,Nick Franklin (13089844)
,,,,,,,,,,,,,,,2B/OF,Nate Orf (13089850),Nate Orf,13089850,2B/OF,2900,MIL@PIT 08/07/2019 07:05PM ET,MIL,0,,Nate Orf,Nate Orf (13089850)
,,,,,,,,,,,,,,,C,Elias Diaz (13089857),Elias Diaz,13089857,C,2900,MIL@PIT 08/07/2019 07:05PM ET,PIT,4.62,,Elias Diaz,Elias Diaz (13089857)
,,,,,,,,,,,,,,,SS,Cole Tucker (13089860),Cole Tucker,13089860,SS,2900,MIL@PIT 08/07/2019 07:05PM ET,PIT,3.95,,Cole Tucker,Cole Tucker (13089860)
,,,,,,,,,,,,,,,OF,Abraham Almonte (13089848),Abraham Almonte,13089848,OF,2900,PHI@ARI 08/07/2019 09:40PM ET,ARI,0,,Abraham Almonte,Abraham Almonte (13089848)
,,,,,,,,,,,,,,,3B,Chase Headley (13089852),Chase Headley,13089852,3B,2900,SD@SEA 08/07/2019 06:40PM ET,SD,0,,Chase Headley,Chase Headley (13089852)
,,,,,,,,,,,,,,,2B,Ian Kinsler (13089856),Ian Kinsler,13089856,2B,2900,SD@SEA 08/07/2019 06:40PM ET,SD,4.74,,Ian Kinsler,Ian Kinsler (13089856)
,,,,,,,,,,,,,,,C,Austin Hedges (13089858),Austin Hedges,13089858,C,2900,SD@SEA 08/07/2019 06:40PM ET,SD,4.78,,Austin Hedges,Austin Hedges (13089858)
,,,,,,,,,,,,,,,1B,Evan White (13089859),Evan White,13089859,1B,2900,SD@SEA 08/07/2019 06:40PM ET,SEA,0,,Evan White,Evan White (13089859)
,,,,,,,,,,,,,,,3B,Emmanuel Rivera (13089866),Emmanuel Rivera,13089866,3B,2800,KC@BOS 08/07/2019 07:10PM ET,KC,0,,Emmanuel Rivera,Emmanuel Rivera (13089866)
,,,,,,,,,,,,,,,2B/3B,Eduardo Nunez (13089871),Eduardo Nunez,13089871,2B/3B,2800,KC@BOS 08/07/2019 07:10PM ET,BOS,4.02,,Eduardo Nunez,Eduardo Nunez (13089871)
,,,,,,,,,,,,,,,OF,Terrance Gore (13089861),Terrance Gore,13089861,OF,2800,NYY@BAL 08/07/2019 07:05PM ET,NYY,4.27,,Terrance Gore,Terrance Gore (13089861)
,,,,,,,,,,,,,,,C,Andrew Susac (13089867),Andrew Susac,13089867,C,2800,NYY@BAL 08/07/2019 07:05PM ET,BAL,0,,Andrew Susac,Andrew Susac (13089867)
,,,,,,,,,,,,,,,C,Austin Wynns (13089877),Austin Wynns,13089877,C,2800,NYY@BAL 08/07/2019 07:05PM ET,BAL,3.12,,Austin Wynns,Austin Wynns (13089877)
,,,,,,,,,,,,,,,OF,Corey Ray (13089862),Corey Ray,13089862,OF,2800,MIL@PIT 08/07/2019 07:05PM ET,MIL,0,,Corey Ray,Corey Ray (13089862)
,,,,,,,,,,,,,,,OF,Tyrone Taylor (13089864),Tyrone Taylor,13089864,OF,2800,MIL@PIT 08/07/2019 07:05PM ET,MIL,0,,Tyrone Taylor,Tyrone Taylor (13089864)
,,,,,,,,,,,,,,,OF,Jared Oliva (13089865),Jared Oliva,13089865,OF,2800,MIL@PIT 08/07/2019 07:05PM ET,PIT,0,,Jared Oliva,Jared Oliva (13089865)
,,,,,,,,,,,,,,,C,Steven Baron (13089878),Steven Baron,13089878,C,2800,MIL@PIT 08/07/2019 07:05PM ET,PIT,0,,Steven Baron,Steven Baron (13089878)
,,,,,,,,,,,,,,,C,Daulton Varsho (13089863),Daulton Varsho,13089863,C,2800,PHI@ARI 08/07/2019 09:40PM ET,ARI,0,,Daulton Varsho,Daulton Varsho (13089863)
,,,,,,,,,,,,,,,OF,Marcus Wilson (13089868),Marcus Wilson,13089868,OF,2800,PHI@ARI 08/07/2019 09:40PM ET,ARI,0,,Marcus Wilson,Marcus Wilson (13089868)
,,,,,,,,,,,,,,,3B/SS,Juniel Querecuto (13089869),Juniel Querecuto,13089869,3B/SS,2800,PHI@ARI 08/07/2019 09:40PM ET,ARI,0,,Juniel Querecuto,Juniel Querecuto (13089869)
,,,,,,,,,,,,,,,OF/SS,Phil Gosselin (13089875),Phil Gosselin,13089875,SS/OF,2800,PHI@ARI 08/07/2019 09:40PM ET,PHI,1.94,,Phil Gosselin,Phil Gosselin (13089875)
,,,,,,,,,,,,,,,OF,Kyle Lewis (13089873),Kyle Lewis,13089873,OF,2800,SD@SEA 08/07/2019 06:40PM ET,SEA,0,,Kyle Lewis,Kyle Lewis (13089873)
,,,,,,,,,,,,,,,C,Jose Lobaton (13089874),Jose Lobaton,13089874,C,2800,SD@SEA 08/07/2019 06:40PM ET,SEA,0,,Jose Lobaton,Jose Lobaton (13089874)
,,,,,,,,,,,,,,,2B/3B,Ramon Torres (13089897),Ramon Torres,13089897,2B/3B,2700,KC@BOS 08/07/2019 07:10PM ET,KC,0,,Ramon Torres,Ramon Torres (13089897)
,,,,,,,,,,,,,,,C,Sandy Leon (13089904),Sandy Leon,13089904,C,2700,KC@BOS 08/07/2019 07:10PM ET,BOS,3.85,,Sandy Leon,Sandy Leon (13089904)
,,,,,,,,,,,,,,,1B,Ryan O'Hearn (13089905),Ryan O'Hearn,13089905,1B,2700,KC@BOS 08/07/2019 07:10PM ET,KC,4.88,,Ryan O'Hearn,Ryan O'Hearn (13089905)
,,,,,,,,,,,,,,,OF,Billy Hamilton (13089906),Billy Hamilton,13089906,OF,2700,KC@BOS 08/07/2019 07:10PM ET,KC,4.6,,Billy Hamilton,Billy Hamilton (13089906)
,,,,,,,,,,,,,,,C,Carlos Perez (13089885),Carlos Perez,13089885,C,2700,NYY@BAL 08/07/2019 07:05PM ET,BAL,0,,Carlos Perez,Carlos Perez (13089885)
,,,,,,,,,,,,,,,3B/SS,Jack Reinheimer (13089886),Jack Reinheimer,13089886,3B/SS,2700,NYY@BAL 08/07/2019 07:05PM ET,BAL,0,,Jack Reinheimer,Jack Reinheimer (13089886)
,,,,,,,,,,,,,,,3B,Rio Ruiz (13089899),Rio Ruiz,13089899,3B,2700,NYY@BAL 08/07/2019 07:05PM ET,BAL,4.43,,Rio Ruiz,Rio Ruiz (13089899)
,,,,,,,,,,,,,,,1B/OF,Patrick Kivlehan (13089879),Patrick Kivlehan,13089879,1B/OF,2700,MIL@PIT 08/07/2019 07:05PM ET,PIT,0,,Patrick Kivlehan,Patrick Kivlehan (13089879)
,,,,,,,,,,,,,,,3B/SS,Jung Ho Kang (13089894),Jung Ho Kang,13089894,3B/SS,2700,MIL@PIT 08/07/2019 07:05PM ET,PIT,4.28,,Jung Ho Kang,Jung Ho Kang (13089894)
,,,,,,,,,,,,,,,C,Jacob Stallings (13089900),Jacob Stallings,13089900,C,2700,MIL@PIT 08/07/2019 07:05PM ET,PIT,3.63,,Jacob Stallings,Jacob Stallings (13089900)
,,,,,,,,,,,,,,,C,Francisco Cervelli (13089907),Francisco Cervelli,13089907,C,2700,MIL@PIT 08/07/2019 07:05PM ET,PIT,4.09,,Francisco Cervelli,Francisco Cervelli (13089907)
,,,,,,,,,,,,,,,3B,Andy Young (13089881),Andy Young,13089881,3B,2700,PHI@ARI 08/07/2019 09:40PM ET,ARI,0,,Andy Young,Andy Young (13089881)
,,,,,,,,,,,,,,,3B,Drew Ellis (13089884),Drew Ellis,13089884,3B,2700,PHI@ARI 08/07/2019 09:40PM ET,ARI,0,,Drew Ellis,Drew Ellis (13089884)
,,,,,,,,,,,,,,,C,Rob Brantly (13089888),Rob Brantly,13089888,C,2700,PHI@ARI 08/07/2019 09:40PM ET,PHI,0,,Rob Brantly,Rob Brantly (13089888)
,,,,,,,,,,,,,,,OF,Shane Robinson (13089889),Shane Robinson,13089889,OF,2700,PHI@ARI 08/07/2019 09:40PM ET,PHI,0,,Shane Robinson,Shane Robinson (13089889)
,,,,,,,,,,,,,,,OF,Seth Beer (13089890),Seth Beer,13089890,OF,2700,PHI@ARI 08/07/2019 09:40PM ET,ARI,0,,Seth Beer,Seth Beer (13089890)
,,,,,,,,,,,,,,,2B/SS,Kelby Tomlinson (13089891),Kelby Tomlinson,13089891,2B/SS,2700,PHI@ARI 08/07/2019 09:40PM ET,ARI,0,,Kelby Tomlinson,Kelby Tomlinson (13089891)
,,,,,,,,,,,,,,,OF,Edward Olivares (13089882),Edward Olivares,13089882,OF,2700,SD@SEA 08/07/2019 06:40PM ET,SD,0,,Edward Olivares,Edward Olivares (13089882)
,,,,,,,,,,,,,,,OF,Boog Powell (13089883),Boog Powell,13089883,OF,2700,SD@SEA 08/07/2019 06:40PM ET,SD,0,,Boog Powell,Boog Powell (13089883)
,,,,,,,,,,,,,,,2B,Tim Lopes (13089893),Tim Lopes,13089893,2B,2700,SD@SEA 08/07/2019 06:40PM ET,SEA,9.67,,Tim Lopes,Tim Lopes (13089893)
,,,,,,,,,,,,,,,C,A.J. Ellis (13089896),A.J. Ellis,13089896,C,2700,SD@SEA 08/07/2019 06:40PM ET,SD,0,,A.J. Ellis,A.J. Ellis (13089896)
,,,,,,,,,,,,,,,1B/OF,Ryan Court (13089901),Ryan Court,13089901,1B/OF,2700,SD@SEA 08/07/2019 06:40PM ET,SEA,2.67,,Ryan Court,Ryan Court (13089901)
,,,,,,,,,,,,,,,OF,Dustin Ackley (13089903),Dustin Ackley,13089903,OF,2700,SD@SEA 08/07/2019 06:40PM ET,SEA,0,,Dustin Ackley,Dustin Ackley (13089903)
,,,,,,,,,,,,,,,3B,Joe Rizzo (13089908),Joe Rizzo,13089908,3B,2700,SD@SEA 08/07/2019 06:40PM ET,SEA,0,,Joe Rizzo,Joe Rizzo (13089908)
,,,,,,,,,,,,,,,2B,Nicky Lopez (13089919),Nicky Lopez,13089919,2B,2600,KC@BOS 08/07/2019 07:10PM ET,KC,4.86,,Nicky Lopez,Nicky Lopez (13089919)
,,,,,,,,,,,,,,,OF,Colby Rasmus (13089909),Colby Rasmus,13089909,OF,2600,NYY@BAL 08/07/2019 07:05PM ET,BAL,0,,Colby Rasmus,Colby Rasmus (13089909)
,,,,,,,,,,,,,,,OF,Yusniel Diaz (13089910),Yusniel Diaz,13089910,OF,2600,NYY@BAL 08/07/2019 07:05PM ET,BAL,0,,Yusniel Diaz,Yusniel Diaz (13089910)
,,,,,,,,,,,,,,,3B,Rylan Bannon (13089911),Rylan Bannon,13089911,3B,2600,NYY@BAL 08/07/2019 07:05PM ET,BAL,0,,Rylan Bannon,Rylan Bannon (13089911)
,,,,,,,,,,,,,,,OF,Jaycob Brugman (13089913),Jaycob Brugman,13089913,OF,2600,NYY@BAL 08/07/2019 07:05PM ET,BAL,0,,Jaycob Brugman,Jaycob Brugman (13089913)
,,,,,,,,,,,,,,,SS,Zach Vincej (13089915),Zach Vincej,13089915,SS,2600,NYY@BAL 08/07/2019 07:05PM ET,BAL,0,,Zach Vincej,Zach Vincej (13089915)
,,,,,,,,,,,,,,,2B/SS,Engelb Vielma (13089924),Engelb Vielma,13089924,2B/SS,2600,NYY@BAL 08/07/2019 07:05PM ET,BAL,0,,Engelb Vielma,Engelb Vielma (13089924)
,,,,,,,,,,,,,,,3B,Travis Shaw (13089920),Travis Shaw,13089920,3B,2600,MIL@PIT 08/07/2019 07:05PM ET,MIL,4.18,,Travis Shaw,Travis Shaw (13089920)
,,,,,,,,,,,,,,,3B,Jake Elmore (13089922),Jake Elmore,13089922,3B,2600,MIL@PIT 08/07/2019 07:05PM ET,PIT,0.27,,Jake Elmore,Jake Elmore (13089922)
,,,,,,,,,,,,,,,OF,Cornelius Randolph (13089914),Cornelius Randolph,13089914,OF,2600,PHI@ARI 08/07/2019 09:40PM ET,PHI,0,,Cornelius Randolph,Cornelius Randolph (13089914)
,,,,,,,,,,,,,,,OF,Mickey Moniak (13089916),Mickey Moniak,13089916,OF,2600,PHI@ARI 08/07/2019 09:40PM ET,PHI,0,,Mickey Moniak,Mickey Moniak (13089916)
,,,,,,,,,,,,,,,C,Andrew Knapp (13089921),Andrew Knapp,13089921,C,2600,PHI@ARI 08/07/2019 09:40PM ET,PHI,2.39,,Andrew Knapp,Andrew Knapp (13089921)
,,,,,,,,,,,,,,,C,Alberto Rosario (13089923),Alberto Rosario,13089923,C,2600,PHI@ARI 08/07/2019 09:40PM ET,ARI,0,,Alberto Rosario,Alberto Rosario (13089923)
,,,,,,,,,,,,,,,OF,Buddy Reed (13089912),Buddy Reed,13089912,OF,2600,SD@SEA 08/07/2019 06:40PM ET,SD,0,,Buddy Reed,Buddy Reed (13089912)
,,,,,,,,,,,,,,,2B,Luis Urias (13089917),Luis Urias,13089917,2B,2600,SD@SEA 08/07/2019 06:40PM ET,SD,3.6,,Luis Urias,Luis Urias (13089917)
,,,,,,,,,,,,,,,OF,Mac Williamson (13089918),Mac Williamson,13089918,OF,2600,SD@SEA 08/07/2019 06:40PM ET,SEA,4.8,,Mac Williamson,Mac Williamson (13089918)
,,,,,,,,,,,,,,,OF,Cole Brannen (13089929),Cole Brannen,13089929,OF,2500,KC@BOS 08/07/2019 07:10PM ET,BOS,0,,Cole Brannen,Cole Brannen (13089929)
,,,,,,,,,,,,,,,OF,Bryce Brentz (13089930),Bryce Brentz,13089930,OF,2500,KC@BOS 08/07/2019 07:10PM ET,BOS,0,,Bryce Brentz,Bryce Brentz (13089930)
,,,,,,,,,,,,,,,OF,Elier Hernandez (13089936),Elier Hernandez,13089936,OF,2500,KC@BOS 08/07/2019 07:10PM ET,KC,0,,Elier Hernandez,Elier Hernandez (13089936)
,,,,,,,,,,,,,,,SS,Jean Carmona (13089935),Jean Carmona,13089935,SS,2500,NYY@BAL 08/07/2019 07:05PM ET,BAL,0,,Jean Carmona,Jean Carmona (13089935)
,,,,,,,,,,,,,,,SS,Richie Martin (13089938),Richie Martin,13089938,SS,2500,NYY@BAL 08/07/2019 07:05PM ET,BAL,3.65,,Richie Martin,Richie Martin (13089938)
,,,,,,,,,,,,,,,C,Jesus Sucre (13089940),Jesus Sucre,13089940,C,2500,NYY@BAL 08/07/2019 07:05PM ET,BAL,3.1,,Jesus Sucre,Jesus Sucre (13089940)
,,,,,,,,,,,,,,,2B,Stephen Alemais (13089931),Stephen Alemais,13089931,2B,2500,MIL@PIT 08/07/2019 07:05PM ET,PIT,0,,Stephen Alemais,Stephen Alemais (13089931)
,,,,,,,,,,,,,,,OF,Calvin Mitchell (13089932),Calvin Mitchell,13089932,OF,2500,MIL@PIT 08/07/2019 07:05PM ET,PIT,0,,Calvin Mitchell,Calvin Mitchell (13089932)
,,,,,,,,,,,,,,,SS,Brice Turang (13089933),Brice Turang,13089933,SS,2500,MIL@PIT 08/07/2019 07:05PM ET,MIL,0,,Brice Turang,Brice Turang (13089933)
,,,,,,,,,,,,,,,SS,Jazz Chisholm (13089926),Jazz Chisholm,13089926,SS,2500,PHI@ARI 08/07/2019 09:40PM ET,ARI,0,,Jazz Chisholm,Jazz Chisholm (13089926)
,,,,,,,,,,,,,,,1B/C,Matt McBride (13089927),Matt McBride,13089927,C/1B,2500,PHI@ARI 08/07/2019 09:40PM ET,PHI,0,,Matt McBride,Matt McBride (13089927)
,,,,,,,,,,,,,,,2B,Daniel Brito (13089934),Daniel Brito,13089934,2B,2500,PHI@ARI 08/07/2019 09:40PM ET,PHI,0,,Daniel Brito,Daniel Brito (13089934)
,,,,,,,,,,,,,,,C,Caleb Joseph (13089937),Caleb Joseph,13089937,C,2500,PHI@ARI 08/07/2019 09:40PM ET,ARI,2.46,,Caleb Joseph,Caleb Joseph (13089937)
,,,,,,,,,,,,,,,OF,Ichiro Suzuki (13089939),Ichiro Suzuki,13089939,OF,2500,SD@SEA 08/07/2019 06:40PM ET,SEA,1,,Ichiro Suzuki,Ichiro Suzuki (13089939)
,,,,,,,,,,,,,,,3B,Triston Casas (13089941),Triston Casas,13089941,3B,2400,KC@BOS 08/07/2019 07:10PM ET,BOS,0,,Triston Casas,Triston Casas (13089941)
,,,,,,,,,,,,,,,1B,Kendrys Morales (13089943),Kendrys Morales,13089943,1B,2400,NYY@BAL 08/07/2019 07:05PM ET,NYY,4.49,,Kendrys Morales,Kendrys Morales (13089943)
,,,,,,,,,,,,,,,1B,Pavin Smith (13089942),Pavin Smith,13089942,1B,2400,PHI@ARI 08/07/2019 09:40PM ET,ARI,0,,Pavin Smith,Pavin Smith (13089942)
,,,,,,,,,,,,,,,2B/OF,Andrew Romine (13089944),Andrew Romine,13089944,2B/OF,2400,PHI@ARI 08/07/2019 09:40PM ET,PHI,0,,Andrew Romine,Andrew Romine (13089944)
,,,,,,,,,,,,,,,SS,Arquimedes Gamboa (13089946),Arquimedes Gamboa,13089946,SS,2400,PHI@ARI 08/07/2019 09:40PM ET,PHI,0,,Arquimedes Gamboa,Arquimedes Gamboa (13089946)
,,,,,,,,,,,,,,,OF,Nick Williams (13089947),Nick Williams,13089947,OF,2400,PHI@ARI 08/07/2019 09:40PM ET,PHI,1.83,,Nick Williams,Nick Williams (13089947)
,,,,,,,,,,,,,,,3B/OF,Cody Asche (13089948),Cody Asche,13089948,3B/OF,2300,KC@BOS 08/07/2019 07:10PM ET,BOS,0,,Cody Asche,Cody Asche (13089948)
,,,,,,,,,,,,,,,SS,Humberto Arteaga (13089961),Humberto Arteaga,13089961,SS,2300,KC@BOS 08/07/2019 07:10PM ET,KC,3.38,,Humberto Arteaga,Humberto Arteaga (13089961)
,,,,,,,,,,,,,,,C,Erik Kratz (13089953),Erik Kratz,13089953,C,2300,NYY@BAL 08/07/2019 07:05PM ET,NYY,2,,Erik Kratz,Erik Kratz (13089953)
,,,,,,,,,,,,,,,SS,Oneil Cruz (13089950),Oneil Cruz,13089950,SS,2300,MIL@PIT 08/07/2019 07:05PM ET,PIT,0,,Oneil Cruz,Oneil Cruz (13089950)
,,,,,,,,,,,,,,,OF,Tristen Lutz (13089951),Tristen Lutz,13089951,OF,2300,MIL@PIT 08/07/2019 07:05PM ET,MIL,0,,Tristen Lutz,Tristen Lutz (13089951)
,,,,,,,,,,,,,,,C,Tuffy Gosewisch (13089960),Tuffy Gosewisch,13089960,C,2300,MIL@PIT 08/07/2019 07:05PM ET,MIL,0,,Tuffy Gosewisch,Tuffy Gosewisch (13089960)
,,,,,,,,,,,,,,,2B/SS,Gift Ngoepe (13089956),Gift Ngoepe,13089956,2B/SS,2300,PHI@ARI 08/07/2019 09:40PM ET,PHI,0,,Gift Ngoepe,Gift Ngoepe (13089956)
,,,,,,,,,,,,,,,2B/SS,Gregorio Petit (13089958),Gregorio Petit,13089958,2B/SS,2300,PHI@ARI 08/07/2019 09:40PM ET,PHI,0,,Gregorio Petit,Gregorio Petit (13089958)
,,,,,,,,,,,,,,,SS,Hudson Sanchez (13089952),Hudson Sanchez,13089952,SS,2300,SD@SEA 08/07/2019 06:40PM ET,SD,0,,Hudson Sanchez,Hudson Sanchez (13089952)
,,,,,,,,,,,,,,,C,Cal Raleigh (13089954),Cal Raleigh,13089954,C,2300,SD@SEA 08/07/2019 06:40PM ET,SEA,0,,Cal Raleigh,Cal Raleigh (13089954)
,,,,,,,,,,,,,,,OF,Jarred Kelenic (13089955),Jarred Kelenic,13089955,OF,2300,SD@SEA 08/07/2019 06:40PM ET,SEA,0,,Jarred Kelenic,Jarred Kelenic (13089955)
,,,,,,,,,,,,,,,OF,Braden Bishop (13089962),Braden Bishop,13089962,OF,2300,SD@SEA 08/07/2019 06:40PM ET,SEA,1.2,,Braden Bishop,Braden Bishop (13089962)
,,,,,,,,,,,,,,,2B,Christopher Bostick (13089963),Christopher Bostick,13089963,2B,2200,NYY@BAL 08/07/2019 07:05PM ET,BAL,0,,Christopher Bostick,Christopher Bostick (13089963)
,,,,,,,,,,,,,,,3B,Jomar Reyes (13089967),Jomar Reyes,13089967,3B,2200,NYY@BAL 08/07/2019 07:05PM ET,BAL,0,,Jomar Reyes,Jomar Reyes (13089967)
,,,,,,,,,,,,,,,SS,Gabriel Arias (13089964),Gabriel Arias,13089964,SS,2200,SD@SEA 08/07/2019 06:40PM ET,SD,0,,Gabriel Arias,Gabriel Arias (13089964)
,,,,,,,,,,,,,,,SS,Javy Guerra (13089965),Javy Guerra,13089965,SS,2200,SD@SEA 08/07/2019 06:40PM ET,SD,0,,Javy Guerra,Javy Guerra (13089965)
,,,,,,,,,,,,,,,OF,Tirso Ornelas (13089966),Tirso Ornelas,13089966,OF,2200,SD@SEA 08/07/2019 06:40PM ET,SD,0,,Tirso Ornelas,Tirso Ornelas (13089966)
,,,,,,,,,,,,,,,C,Chris Stewart (13089968),Chris Stewart,13089968,C,2200,SD@SEA 08/07/2019 06:40PM ET,SD,0,,Chris Stewart,Chris Stewart (13089968)
,,,,,,,,,,,,,,,1B/3B,Samir Duenez (13089969),Samir Duenez,13089969,1B/3B,2100,KC@BOS 08/07/2019 07:10PM ET,KC,0,,Samir Duenez,Samir Duenez (13089969)
,,,,,,,,,,,,,,,2B/OF,Chris Owings (13089975),Chris Owings,13089975,2B/OF,2100,KC@BOS 08/07/2019 07:10PM ET,BOS,3.83,,Chris Owings,Chris Owings (13089975)
,,,,,,,,,,,,,,,3B,Jean Carlos Encarnacion (13089972),Jean Carlos Encarnacion,13089972,3B,2100,NYY@BAL 08/07/2019 07:05PM ET,BAL,0,,Jean Carlos Encarnacion,Jean Carlos Encarnacion (13089972)
,,,,,,,,,,,,,,,2B/SS,Jose Rondon (13089977),Jose Rondon,13089977,2B/SS,2100,NYY@BAL 08/07/2019 07:05PM ET,BAL,3.12,,Jose Rondon,Jose Rondon (13089977)
,,,,,,,,,,,,,,,C,Travis Swaggerty (13089971),Travis Swaggerty,13089971,C,2100,MIL@PIT 08/07/2019 07:05PM ET,PIT,0,,Travis Swaggerty,Travis Swaggerty (13089971)
,,,,,,,,,,,,,,,OF,Julio Rodriguez (13089973),Julio Rodriguez,13089973,OF,2100,SD@SEA 08/07/2019 06:40PM ET,SEA,0,,Julio Rodriguez,Julio Rodriguez (13089973)
,,,,,,,,,,,,,,,SS,Allen Cordoba (13089974),Allen Cordoba,13089974,SS,2100,SD@SEA 08/07/2019 06:40PM ET,SD,0,,Allen Cordoba,Allen Cordoba (13089974)
,,,,,,,,,,,,,,,C,Oscar Hernandez (13089984),Oscar Hernandez,13089984,C,2000,KC@BOS 08/07/2019 07:10PM ET,BOS,0,,Oscar Hernandez,Oscar Hernandez (13089984)
,,,,,,,,,,,,,,,1B,Nick Pratto (13089991),Nick Pratto,13089991,1B,2000,KC@BOS 08/07/2019 07:10PM ET,KC,0,,Nick Pratto,Nick Pratto (13089991)
,,,,,,,,,,,,,,,SS,Troy Tulowitzki (13089981),Troy Tulowitzki,13089981,SS,2000,NYY@BAL 08/07/2019 07:05PM ET,NYY,4.6,,Troy Tulowitzki,Troy Tulowitzki (13089981)
,,,,,,,,,,,,,,,C,John Bormann (13089985),John Bormann,13089985,C,2000,MIL@PIT 08/07/2019 07:05PM ET,PIT,0,,John Bormann,John Bormann (13089985)
,,,,,,,,,,,,,,,OF,Lolo Sanchez (13089986),Lolo Sanchez,13089986,OF,2000,MIL@PIT 08/07/2019 07:05PM ET,PIT,0,,Lolo Sanchez,Lolo Sanchez (13089986)
,,,,,,,,,,,,,,,C,Mario Feliciano (13089987),Mario Feliciano,13089987,C,2000,MIL@PIT 08/07/2019 07:05PM ET,MIL,0,,Mario Feliciano,Mario Feliciano (13089987)
,,,,,,,,,,,,,,,C,Payton Henry (13089988),Payton Henry,13089988,C,2000,MIL@PIT 08/07/2019 07:05PM ET,MIL,0,,Payton Henry,Payton Henry (13089988)
,,,,,,,,,,,,,,,OF,Andrew McCutchen (13089979),Andrew McCutchen,13089979,OF,2000,PHI@ARI 08/07/2019 09:40PM ET,PHI,8.66,,Andrew McCutchen,Andrew McCutchen (13089979)
,,,,,,,,,,,,,,,OF,Steven Souza Jr. (13089980),Steven Souza Jr.,13089980,OF,2000,PHI@ARI 08/07/2019 09:40PM ET,ARI,0,,Steven Souza Jr.,Steven Souza Jr. (13089980)
,,,,,,,,,,,,,,,3B/OF,Jose Bautista (13089982),Jose Bautista,13089982,3B/OF,2000,PHI@ARI 08/07/2019 09:40PM ET,PHI,0,,Jose Bautista,Jose Bautista (13089982)
,,,,,,,,,,,,,,,SS,Ruddy Giron (13089989),Ruddy Giron,13089989,SS,2000,SD@SEA 08/07/2019 06:40PM ET,SD,0,,Ruddy Giron,Ruddy Giron (13089989)
,,,,,,,,,,,,,,,SS,Xavier Edwards (13089990),Xavier Edwards,13089990,SS,2000,SD@SEA 08/07/2019 06:40PM ET,SD,0,,Xavier Edwards,Xavier Edwards (13089990)
