P,P,C,1B,2B,3B,SS,OF,OF,OF,,Instructions,,,,,,,,
13087407,13087404,13087564,13087771,13087508,13087402,13087486,13087426,13087558,13087862,,1. Locate the player you want to select in the list below ,,,,,,,,
13087407,13087404,13087564,13087419,13087523,13087483,13087486,13087558,13087658,13087862,,2. Copy the ID of your player (you can use the Name + ID column or the ID column) ,,,,,,,,
13087407,13087404,13087470,13087419,13087508,13087483,13087607,13087426,13087558,13087422,,3. Paste the ID into the roster position desired ,,,,,,,,
13087407,13087404,13087439,13087419,13087508,13087402,13087697,13087426,13087558,13087519,,4. You must include an ID for each player; you cannot use just the player's name ,,,,,,,,
13087407,13087805,13087564,13087771,13087523,13087483,13087486,13087426,13087558,13087744,,5. You can create up to 500 lineups per file ,,,,,,,,
13087407,13087404,13087538,13087771,13087523,13087493,13087486,13087558,13087422,13087862,,,,,,,,,,
13087407,13087404,13087538,13087573,13087414,13087412,13087697,13087558,13087481,13087744,,Position,Name + ID,Name,ID,Roster Position,Salary,Game Info,TeamAbbrev,AvgPointsPerGame
13087407,13087404,13087538,13087419,13087508,13087402,13087466,13087422,13087519,13087744,,SP,Max Scherzer (13087405),Max Scherzer,13087405,P,12800,WAS@SF 08/06/2019 09:45PM ET,WAS,26.68
13087407,13087404,13087470,13087521,13087414,13087483,13087697,13087426,13087422,13087658,,SP,Clayton Kershaw (13087404),Clayton Kershaw,13087404,P,11800,STL@LAD 08/06/2019 10:10PM ET,LAD,21.27
13087407,13087404,13087564,13087771,13087523,13087412,13087697,13087558,13087862,13087481,,SP,Stephen Strasburg (13087488),Stephen Strasburg,13087488,P,11600,WAS@SF 08/06/2019 09:45PM ET,WAS,21.42
13087407,13087404,13087462,13087573,13087523,13087402,13087486,13087558,13087862,13087511,,SP,Walker Buehler (13087709),Walker Buehler,13087709,P,10900,STL@LAD 08/06/2019 10:10PM ET,LAD,22.41
13087407,13087404,13087387,13087573,13087502,13087479,13087659,13087426,13087658,13087777,,SP,Patrick Corbin (13087492),Patrick Corbin,13087492,P,10800,WAS@SF 08/06/2019 09:45PM ET,WAS,20.82
13087407,13087404,13087538,13087521,13087523,13087483,13087607,13087426,13087422,13087481,,SP,Robbie Ray (13087575),Robbie Ray,13087575,P,10400,PHI@ARI 08/06/2019 09:40PM ET,ARI,19.64
13087437,13087404,13087564,13087771,13087778,13087412,13087486,13087558,13087494,13087862,,SP,Rich Hill (13087368),Rich Hill,13087368,P,10300,STL@LAD 08/06/2019 10:10PM ET,LAD,19.06
13087407,13087404,13087822,13087524,13087414,13087412,13087697,13087426,13087558,13087862,,SP,Aaron Nola (13087662),Aaron Nola,13087662,P,10100,PHI@ARI 08/06/2019 09:40PM ET,PHI,19.09
13087407,13087404,13087439,13087419,13087508,13087483,13087466,13087558,13087744,13087614,,SP,Garrett Richards (13087491),Garrett Richards,13087491,P,9900,SD@SEA 08/06/2019 10:10PM ET,SD,0
13087407,13087404,13087538,13087638,13087523,13087483,13087739,13087558,13087658,13087533,,SP,Carlos Martinez (13087557),Carlos Martinez,13087557,P,9700,STL@LAD 08/06/2019 10:10PM ET,STL,3.35
13087404,13087805,13087644,13087573,13087778,13087402,13087560,13087426,13087494,13087833,,SP,Chris Paddack (13087841),Chris Paddack,13087841,P,9600,SD@SEA 08/06/2019 10:10PM ET,SD,18.26
13087407,13087404,13087564,13087524,13087508,13087402,13087466,13087558,13087519,13087614,,SP,Alex Reyes (13087763),Alex Reyes,13087763,P,9200,STL@LAD 08/06/2019 10:10PM ET,STL,-1.51
13087407,13087805,13087564,13087524,13087523,13087479,13087486,13087558,13087422,13087511,,SP,Taylor Widener (13087876),Taylor Widener,13087876,P,8700,PHI@ARI 08/06/2019 09:40PM ET,ARI,0
,,,,,,,,,,,SP,Johnny Cueto (13087399),Johnny Cueto,13087399,P,8700,WAS@SF 08/06/2019 09:45PM ET,SF,0
,,,,,,,,,,,SP,Jeff Samardzija (13087410),Jeff Samardzija,13087410,P,8700,WAS@SF 08/06/2019 09:45PM ET,SF,14.8
,,,,,,,,,,,SP,Jack Flaherty (13087781),Jack Flaherty,13087781,P,8600,STL@LAD 08/06/2019 10:10PM ET,STL,14.66
,,,,,,,,,,,SP,Yadier Alvarez (13087816),Yadier Alvarez,13087816,P,8600,STL@LAD 08/06/2019 10:10PM ET,LAD,0
,,,,,,,,,,,SP,Luke Weaver (13087664),Luke Weaver,13087664,P,8500,PHI@ARI 08/06/2019 09:40PM ET,ARI,17.25
,,,,,,,,,,,SP,Daniel Ponce de Leon (13087586),Daniel Ponce de Leon,13087586,P,8500,STL@LAD 08/06/2019 10:10PM ET,STL,11.89
,,,,,,,,,,,SP,Dinelson Lamet (13087805),Dinelson Lamet,13087805,P,8500,SD@SEA 08/06/2019 10:10PM ET,SD,13.19
,,,,,,,,,,,SP,Mike Leake (13087413),Mike Leake,13087413,P,8400,PHI@ARI 08/06/2019 09:40PM ET,ARI,14.37
,,,,,,,,,,,SP,Taijuan Walker (13087562),Taijuan Walker,13087562,P,8400,PHI@ARI 08/06/2019 09:40PM ET,ARI,0
,,,,,,,,,,,SP,Hyun-Jin Ryu (13087727),Hyun-Jin Ryu,13087727,P,8300,STL@LAD 08/06/2019 10:10PM ET,LAD,21.13
,,,,,,,,,,,RP,Austin Gomber (13087772),Austin Gomber,13087772,P,8300,STL@LAD 08/06/2019 10:10PM ET,STL,0
,,,,,,,,,,,SP,Jacob Nix (13087785),Jacob Nix,13087785,P,8300,SD@SEA 08/06/2019 10:10PM ET,SD,0
,,,,,,,,,,,SP,Zach Eflin (13087693),Zach Eflin,13087693,P,8100,PHI@ARI 08/06/2019 09:40PM ET,PHI,12.42
,,,,,,,,,,,SP,Zac Gallen (13087807),Zac Gallen,13087807,P,8100,PHI@ARI 08/06/2019 09:40PM ET,ARI,17.54
,,,,,,,,,,,SP,Brett Kennedy (13087842),Brett Kennedy,13087842,P,8100,SD@SEA 08/06/2019 10:10PM ET,SD,0
,,,,,,,,,,,SP,Joel Payamps (13087629),Joel Payamps,13087629,P,8000,PHI@ARI 08/06/2019 09:40PM ET,ARI,0
,,,,,,,,,,,SP,Tommy Milone (13087471),Tommy Milone,13087471,P,8000,SD@SEA 08/06/2019 10:10PM ET,SEA,13.2
,,,,,,,,,,,SP,Anibal Sanchez (13087373),Anibal Sanchez,13087373,P,8000,WAS@SF 08/06/2019 09:45PM ET,WAS,13.62
,,,,,,,,,,,SP,JoJo Romero (13087870),JoJo Romero,13087870,P,7900,PHI@ARI 08/06/2019 09:40PM ET,PHI,0
,,,,,,,,,,,RP,Ryan Helsley (13087829),Ryan Helsley,13087829,P,7900,STL@LAD 08/06/2019 10:10PM ET,STL,5.14
,,,,,,,,,,,SP,Vince Velasquez (13087563),Vince Velasquez,13087563,P,7800,PHI@ARI 08/06/2019 09:40PM ET,PHI,9.18
,,,,,,,,,,,SP,Pedro Avila (13087820),Pedro Avila,13087820,P,7800,SD@SEA 08/06/2019 10:10PM ET,SD,15.8
,,,,,,,,,,,SP,Archie Bradley (13087632),Archie Bradley,13087632,P,7700,PHI@ARI 08/06/2019 09:40PM ET,ARI,3.71
,,,,,,,,,,,SP,Justin Dunn (13087761),Justin Dunn,13087761,P,7700,SD@SEA 08/06/2019 10:10PM ET,SEA,0
,,,,,,,,,,,SP,Ariel Miranda (13087851),Ariel Miranda,13087851,P,7700,SD@SEA 08/06/2019 10:10PM ET,SEA,0
,,,,,,,,,,,RP,Matt Andriese (13087605),Matt Andriese,13087605,P,7600,PHI@ARI 08/06/2019 09:40PM ET,ARI,3.18
,,,,,,,,,,,SP,Adonis Medina (13087804),Adonis Medina,13087804,P,7600,PHI@ARI 08/06/2019 09:40PM ET,PHI,0
,,,,,,,,,,,SP,Dustin May (13087872),Dustin May,13087872,P,7600,STL@LAD 08/06/2019 10:10PM ET,LAD,7.35
,,,,,,,,,,,SP,Madison Bumgarner (13087432),Madison Bumgarner,13087432,P,7600,WAS@SF 08/06/2019 09:45PM ET,SF,16.72
,,,,,,,,,,,SP,Ross Stripling (13087651),Ross Stripling,13087651,P,7500,STL@LAD 08/06/2019 10:10PM ET,LAD,8.59
,,,,,,,,,,,SP,Jason Vargas (13087386),Jason Vargas,13087386,P,7400,PHI@ARI 08/06/2019 09:40PM ET,PHI,13.16
,,,,,,,,,,,SP,Joey Lucchesi (13087871),Joey Lucchesi,13087871,P,7400,SD@SEA 08/06/2019 10:10PM ET,SD,15.23
,,,,,,,,,,,SP,Andrew Suarez (13087652),Andrew Suarez,13087652,P,7300,WAS@SF 08/06/2019 09:45PM ET,SF,1.88
,,,,,,,,,,,RP,Sam Coonrod (13087775),Sam Coonrod,13087775,P,7300,WAS@SF 08/06/2019 09:45PM ET,SF,3.41
,,,,,,,,,,,SP,Adam Wainwright (13087357),Adam Wainwright,13087357,P,7200,STL@LAD 08/06/2019 10:10PM ET,STL,13.77
,,,,,,,,,,,SP,Marco Gonzales (13087587),Marco Gonzales,13087587,P,7200,SD@SEA 08/06/2019 10:10PM ET,SEA,13.15
,,,,,,,,,,,SP,Austin Voth (13087674),Austin Voth,13087674,P,7200,WAS@SF 08/06/2019 09:45PM ET,WAS,13.42
,,,,,,,,,,,SP,Conner Menez (13087878),Conner Menez,13087878,P,7200,WAS@SF 08/06/2019 09:45PM ET,SF,16.25
,,,,,,,,,,,SP,Jerad Eickhoff (13087596),Jerad Eickhoff,13087596,P,7100,PHI@ARI 08/06/2019 09:40PM ET,PHI,10.37
,,,,,,,,,,,SP,Ranger Suarez (13087723),Ranger Suarez,13087723,P,7100,PHI@ARI 08/06/2019 09:40PM ET,PHI,5.13
,,,,,,,,,,,SP,Corbin Martin (13087859),Corbin Martin,13087859,P,7100,PHI@ARI 08/06/2019 09:40PM ET,ARI,8.1
,,,,,,,,,,,SP,Erik Swanson (13087789),Erik Swanson,13087789,P,7100,SD@SEA 08/06/2019 10:10PM ET,SEA,5.63
,,,,,,,,,,,SP,Alex Young (13087717),Alex Young,13087717,P,7000,PHI@ARI 08/06/2019 09:40PM ET,ARI,16.11
,,,,,,,,,,,SP,Bo Takahashi (13087801),Bo Takahashi,13087801,P,7000,PHI@ARI 08/06/2019 09:40PM ET,ARI,0
,,,,,,,,,,,SP,Enyel De Los Santos (13087853),Enyel De Los Santos,13087853,P,7000,PHI@ARI 08/06/2019 09:40PM ET,PHI,2.79
,,,,,,,,,,,SP,Kenta Maeda (13087428),Kenta Maeda,13087428,P,7000,STL@LAD 08/06/2019 10:10PM ET,LAD,13.04
,,,,,,,,,,,SP,Miles Mikolas (13087498),Miles Mikolas,13087498,P,7000,STL@LAD 08/06/2019 10:10PM ET,STL,13.06
,,,,,,,,,,,SP,Tony Gonsolin (13087875),Tony Gonsolin,13087875,P,7000,STL@LAD 08/06/2019 10:10PM ET,LAD,14.77
,,,,,,,,,,,SP,Dietrich Enns (13087620),Dietrich Enns,13087620,P,7000,SD@SEA 08/06/2019 10:10PM ET,SD,0
,,,,,,,,,,,SP,Logan Webb (13087784),Logan Webb,13087784,P,7000,WAS@SF 08/06/2019 09:45PM ET,SF,0
,,,,,,,,,,,SP,James Bourque (13087791),James Bourque,13087791,P,7000,WAS@SF 08/06/2019 09:45PM ET,WAS,-9.5
,,,,,,,,,,,SP,Zack Godley (13087530),Zack Godley,13087530,P,6900,PHI@ARI 08/06/2019 09:40PM ET,ARI,4.41
,,,,,,,,,,,SP,Williams Perez (13087545),Williams Perez,13087545,P,6900,STL@LAD 08/06/2019 10:10PM ET,STL,0
,,,,,,,,,,,SP,Matt Strahm (13087711),Matt Strahm,13087711,P,6900,SD@SEA 08/06/2019 10:10PM ET,SD,9.39
,,,,,,,,,,,SP,Tyler Beede (13087639),Tyler Beede,13087639,P,6900,WAS@SF 08/06/2019 09:45PM ET,SF,9.7
,,,,,,,,,,,SP,Robbie Erlin (13087495),Robbie Erlin,13087495,P,6800,SD@SEA 08/06/2019 10:10PM ET,SD,3.35
,,,,,,,,,,,SP,Eric Lauer (13087747),Eric Lauer,13087747,P,6800,SD@SEA 08/06/2019 10:10PM ET,SD,11.66
,,,,,,,,,,,SP,Dakota Hudson (13087758),Dakota Hudson,13087758,P,6700,STL@LAD 08/06/2019 10:10PM ET,STL,11.77
,,,,,,,,,,,SP,Genesis Cabrera (13087779),Genesis Cabrera,13087779,P,6700,STL@LAD 08/06/2019 10:10PM ET,STL,3.29
,,,,,,,,,,,SP,Felix Hernandez (13087378),Felix Hernandez,13087378,P,6700,SD@SEA 08/06/2019 10:10PM ET,SEA,8.22
,,,,,,,,,,,SP,Phil Hughes (13087381),Phil Hughes,13087381,P,6700,SD@SEA 08/06/2019 10:10PM ET,SD,0
,,,,,,,,,,,SP,Drew Smyly (13087566),Drew Smyly,13087566,P,6600,PHI@ARI 08/06/2019 09:40PM ET,PHI,8.19
,,,,,,,,,,,SP,Merrill Kelly (13087602),Merrill Kelly,13087602,P,6600,PHI@ARI 08/06/2019 09:40PM ET,ARI,12.94
,,,,,,,,,,,SP,Daniel Hudson (13087468),Daniel Hudson,13087468,P,6500,WAS@SF 08/06/2019 09:45PM ET,WAS,3.5
,,,,,,,,,,,SP,Julio Urias (13087730),Julio Urias,13087730,P,6400,STL@LAD 08/06/2019 10:10PM ET,LAD,8.31
,,,,,,,,,,,SP,Cal Quantrill (13087753),Cal Quantrill,13087753,P,6400,SD@SEA 08/06/2019 10:10PM ET,SD,11
,,,,,,,,,,,SP,Adrian Morejon (13087887),Adrian Morejon,13087887,P,6400,SD@SEA 08/06/2019 10:10PM ET,SD,3.34
,,,,,,,,,,,SP,Jeremy Hellickson (13087400),Jeremy Hellickson,13087400,P,6400,WAS@SF 08/06/2019 09:45PM ET,WAS,6.77
,,,,,,,,,,,SP,Jon Duplantier (13087828),Jon Duplantier,13087828,P,6300,PHI@ARI 08/06/2019 09:40PM ET,ARI,7.76
,,,,,,,,,,,SP,Bryan Mitchell (13087507),Bryan Mitchell,13087507,P,6300,SD@SEA 08/06/2019 10:10PM ET,SD,0
,,,,,,,,,,,SP,Nick Margevicius (13087893),Nick Margevicius,13087893,P,6300,SD@SEA 08/06/2019 10:10PM ET,SD,6.32
,,,,,,,,,,,SP,Jake Arrieta (13087437),Jake Arrieta,13087437,P,6200,PHI@ARI 08/06/2019 09:40PM ET,PHI,12.64
,,,,,,,,,,,SP,Ty Blach (13087704),Ty Blach,13087704,P,6200,WAS@SF 08/06/2019 09:45PM ET,SF,-5.28
,,,,,,,,,,,SP,Kyle McGowin (13087751),Kyle McGowin,13087751,P,6100,WAS@SF 08/06/2019 09:45PM ET,WAS,4.13
,,,,,,,,,,,SP,Kris Medlen (13087418),Kris Medlen,13087418,P,6000,PHI@ARI 08/06/2019 09:40PM ET,ARI,0
,,,,,,,,,,,SP,Michael Wacha (13087678),Michael Wacha,13087678,P,6000,STL@LAD 08/06/2019 10:10PM ET,STL,8.51
,,,,,,,,,,,SP,Garrett Williams (13087756),Garrett Williams,13087756,P,6000,WAS@SF 08/06/2019 09:45PM ET,SF,0
,,,,,,,,,,,SP,Ricardo Sanchez (13087800),Ricardo Sanchez,13087800,P,5900,SD@SEA 08/06/2019 10:10PM ET,SEA,0
,,,,,,,,,,,RP,Sean Doolittle (13087442),Sean Doolittle,13087442,P,5900,WAS@SF 08/06/2019 09:45PM ET,WAS,3.63
,,,,,,,,,,,SP,Wil Crowe (13087755),Wil Crowe,13087755,P,5900,WAS@SF 08/06/2019 09:45PM ET,WAS,0
,,,,,,,,,,,SP,Braden Shipley (13087738),Braden Shipley,13087738,P,5800,PHI@ARI 08/06/2019 09:40PM ET,ARI,0
,,,,,,,,,,,RP,Kenley Jansen (13087398),Kenley Jansen,13087398,P,5700,STL@LAD 08/06/2019 10:10PM ET,LAD,3.8
,,,,,,,,,,,RP,Andrew Miller (13087403),Andrew Miller,13087403,P,5700,STL@LAD 08/06/2019 10:10PM ET,STL,2.92
,,,,,,,,,,,RP,Will Smith (13087474),Will Smith,13087474,P,5700,WAS@SF 08/06/2019 09:45PM ET,SF,4.3
,,,,,,,,,,,SP,Joe Ross (13087640),Joe Ross,13087640,P,5700,WAS@SF 08/06/2019 09:45PM ET,WAS,1.82
,,,,,,,,,,,SP,Nick Pivetta (13087745),Nick Pivetta,13087745,P,5600,PHI@ARI 08/06/2019 09:40PM ET,PHI,9.6
,,,,,,,,,,,SP,Wade LeBlanc (13087407),Wade LeBlanc,13087407,P,5600,SD@SEA 08/06/2019 10:10PM ET,SEA,10.32
,,,,,,,,,,,SP,Erick Fedde (13087663),Erick Fedde,13087663,P,5600,WAS@SF 08/06/2019 09:45PM ET,WAS,6.59
,,,,,,,,,,,RP,Silvino Bracho (13087692),Silvino Bracho,13087692,P,5500,PHI@ARI 08/06/2019 09:40PM ET,ARI,0
,,,,,,,,,,,OF,Cody Bellinger (13087744),Cody Bellinger,13087744,OF,5500,STL@LAD 08/06/2019 10:10PM ET,LAD,11.31
,,,,,,,,,,,SP,Melvin Adon (13087823),Melvin Adon,13087823,P,5500,WAS@SF 08/06/2019 09:45PM ET,SF,0
,,,,,,,,,,,RP,Yoan Lopez (13087815),Yoan Lopez,13087815,P,5400,PHI@ARI 08/06/2019 09:40PM ET,ARI,2.2
,,,,,,,,,,,2B/OF,Ketel Marte (13087625),Ketel Marte,13087625,2B/OF,5300,PHI@ARI 08/06/2019 09:40PM ET,ARI,9.85
,,,,,,,,,,,SP,Cole Irvin (13087714),Cole Irvin,13087714,P,5300,PHI@ARI 08/06/2019 09:40PM ET,PHI,5.58
,,,,,,,,,,,RP,Dennis Santana (13087735),Dennis Santana,13087735,P,5200,STL@LAD 08/06/2019 10:10PM ET,LAD,2.68
,,,,,,,,,,,RP,Reyes Moronta (13087631),Reyes Moronta,13087631,P,5200,WAS@SF 08/06/2019 09:45PM ET,SF,3.92
,,,,,,,,,,,RP,Jimmie Sherfy (13087746),Jimmie Sherfy,13087746,P,5100,PHI@ARI 08/06/2019 09:40PM ET,ARI,5.63
,,,,,,,,,,,RP,Giovanny Gallegos (13087722),Giovanny Gallegos,13087722,P,5100,STL@LAD 08/06/2019 10:10PM ET,STL,5.12
,,,,,,,,,,,SS,Fernando Tatis Jr. (13087883),Fernando Tatis Jr.,13087883,SS,5100,SD@SEA 08/06/2019 10:10PM ET,SD,10.62
,,,,,,,,,,,SP,Henderson Alvarez (13087484),Henderson Alvarez,13087484,P,5100,WAS@SF 08/06/2019 09:45PM ET,WAS,0
,,,,,,,,,,,RP,Juan Nicasio (13087456),Juan Nicasio,13087456,P,5000,PHI@ARI 08/06/2019 09:40PM ET,PHI,2.17
,,,,,,,,,,,SP,Matt Koch (13087520),Matt Koch,13087520,P,5000,PHI@ARI 08/06/2019 09:40PM ET,ARI,-0.03
,,,,,,,,,,,SP,Yusei Kikuchi (13087553),Yusei Kikuchi,13087553,P,5000,SD@SEA 08/06/2019 10:10PM ET,SEA,8.61
,,,,,,,,,,,3B,Anthony Rendon (13087479),Anthony Rendon,13087479,3B,5000,WAS@SF 08/06/2019 09:45PM ET,WAS,10.62
,,,,,,,,,,,3B,Eduardo Escobar (13087483),Eduardo Escobar,13087483,3B,4900,PHI@ARI 08/06/2019 09:40PM ET,ARI,9.37
,,,,,,,,,,,OF,Corey Dickerson (13087511),Corey Dickerson,13087511,OF,4900,PHI@ARI 08/06/2019 09:40PM ET,PHI,6.94
,,,,,,,,,,,SP,Jake Woodford (13087834),Jake Woodford,13087834,P,4900,STL@LAD 08/06/2019 10:10PM ET,STL,0
,,,,,,,,,,,SP,Dan Straily (13087509),Dan Straily,13087509,P,4800,PHI@ARI 08/06/2019 09:40PM ET,PHI,1.36
,,,,,,,,,,,SP,Taylor Clarke (13087837),Taylor Clarke,13087837,P,4800,PHI@ARI 08/06/2019 09:40PM ET,ARI,8.57
,,,,,,,,,,,OF,Alex Dickerson (13087549),Alex Dickerson,13087549,OF,4800,WAS@SF 08/06/2019 09:45PM ET,SF,7.36
,,,,,,,,,,,SP,Dereck Rodriguez (13087649),Dereck Rodriguez,13087649,P,4800,WAS@SF 08/06/2019 09:45PM ET,SF,5.53
,,,,,,,,,,,OF,Juan Soto (13087854),Juan Soto,13087854,OF,4800,WAS@SF 08/06/2019 09:45PM ET,WAS,9.61
,,,,,,,,,,,RP,Andrew Chafin (13087634),Andrew Chafin,13087634,P,4700,PHI@ARI 08/06/2019 09:40PM ET,ARI,1.98
,,,,,,,,,,,RP,Pedro Baez (13087451),Pedro Baez,13087451,P,4700,STL@LAD 08/06/2019 10:10PM ET,LAD,3.26
,,,,,,,,,,,1B/2B,Max Muncy (13087524),Max Muncy,13087524,1B/2B,4700,STL@LAD 08/06/2019 10:10PM ET,LAD,8.9
,,,,,,,,,,,SP,Caleb Ferguson (13087797),Caleb Ferguson,13087797,P,4700,STL@LAD 08/06/2019 10:10PM ET,LAD,2.12
,,,,,,,,,,,RP,Dan Winkler (13087594),Dan Winkler,13087594,P,4700,WAS@SF 08/06/2019 09:45PM ET,SF,2.32
,,,,,,,,,,,SS,Trea Turner (13087659),Trea Turner,13087659,SS,4700,WAS@SF 08/06/2019 09:45PM ET,WAS,9.86
,,,,,,,,,,,RP,Austin Davis (13087787),Austin Davis,13087787,P,4600,PHI@ARI 08/06/2019 09:40PM ET,PHI,1.95
,,,,,,,,,,,RP,Luke Gregerson (13087423),Luke Gregerson,13087423,P,4600,STL@LAD 08/06/2019 10:10PM ET,STL,-0.08
,,,,,,,,,,,RP,Joe Kelly (13087496),Joe Kelly,13087496,P,4600,STL@LAD 08/06/2019 10:10PM ET,LAD,3.15
,,,,,,,,,,,OF/SS,Chris Taylor (13087681),Chris Taylor,13087681,SS/OF,4600,STL@LAD 08/06/2019 10:10PM ET,LAD,6.22
,,,,,,,,,,,RP,Josh Sborz (13087773),Josh Sborz,13087773,P,4600,STL@LAD 08/06/2019 10:10PM ET,LAD,-4.02
,,,,,,,,,,,RP,Tony Watson (13087420),Tony Watson,13087420,P,4600,WAS@SF 08/06/2019 09:45PM ET,SF,2.46
,,,,,,,,,,,SP,Matt Grace (13087552),Matt Grace,13087552,P,4600,WAS@SF 08/06/2019 09:45PM ET,WAS,1.39
,,,,,,,,,,,1B/OF,Jay Bruce (13087391),Jay Bruce,13087391,1B/OF,4500,PHI@ARI 08/06/2019 09:40PM ET,PHI,7.98
,,,,,,,,,,,OF,Jarrod Dyson (13087422),Jarrod Dyson,13087422,OF,4500,PHI@ARI 08/06/2019 09:40PM ET,ARI,6.91
,,,,,,,,,,,RP,Edward Paredes (13087434),Edward Paredes,13087434,P,4500,PHI@ARI 08/06/2019 09:40PM ET,PHI,0
,,,,,,,,,,,C,J.T. Realmuto (13087564),J.T. Realmuto,13087564,C,4500,PHI@ARI 08/06/2019 09:40PM ET,PHI,7.63
,,,,,,,,,,,RP,Joey Krehbiel (13087654),Joey Krehbiel,13087654,P,4500,PHI@ARI 08/06/2019 09:40PM ET,ARI,0
,,,,,,,,,,,1B,Rhys Hoskins (13087771),Rhys Hoskins,13087771,1B,4500,PHI@ARI 08/06/2019 09:40PM ET,PHI,8.77
,,,,,,,,,,,RP,Chasen Shreve (13087572),Chasen Shreve,13087572,P,4500,STL@LAD 08/06/2019 10:10PM ET,STL,2.03
,,,,,,,,,,,SP,Austin Adams (13087706),Austin Adams,13087706,P,4500,SD@SEA 08/06/2019 10:10PM ET,SEA,4.93
,,,,,,,,,,,RP,Fernando Rodney (13087356),Fernando Rodney,13087356,P,4500,WAS@SF 08/06/2019 09:45PM ET,WAS,1.52
,,,,,,,,,,,SP,Shaun Anderson (13087762),Shaun Anderson,13087762,P,4500,WAS@SF 08/06/2019 09:45PM ET,SF,8.9
,,,,,,,,,,,1B,Christian Walker (13087531),Christian Walker,13087531,1B,4400,PHI@ARI 08/06/2019 09:40PM ET,ARI,7.9
,,,,,,,,,,,OF,Bryce Harper (13087558),Bryce Harper,13087558,OF,4400,PHI@ARI 08/06/2019 09:40PM ET,PHI,8.71
,,,,,,,,,,,3B/OF,Scott Kingery (13087808),Scott Kingery,13087808,3B/OF,4400,PHI@ARI 08/06/2019 09:40PM ET,PHI,8.18
,,,,,,,,,,,3B,Justin Turner (13087412),Justin Turner,13087412,3B,4400,STL@LAD 08/06/2019 10:10PM ET,LAD,7.83
,,,,,,,,,,,3B/SS,Manny Machado (13087560),Manny Machado,13087560,3B/SS,4400,SD@SEA 08/06/2019 10:10PM ET,SD,8.7
,,,,,,,,,,,OF,Hunter Renfroe (13087588),Hunter Renfroe,13087588,OF,4400,SD@SEA 08/06/2019 10:10PM ET,SD,7.66
,,,,,,,,,,,3B,Ryon Healy (13087675),Ryon Healy,13087675,3B,4400,SD@SEA 08/06/2019 10:10PM ET,SEA,7
,,,,,,,,,,,SP,Gerson Bautista (13087729),Gerson Bautista,13087729,P,4400,SD@SEA 08/06/2019 10:10PM ET,SEA,-0.12
,,,,,,,,,,,RP,Blake Parker (13087421),Blake Parker,13087421,P,4300,PHI@ARI 08/06/2019 09:40PM ET,PHI,2.69
,,,,,,,,,,,RP,James Pazos (13087527),James Pazos,13087527,P,4300,PHI@ARI 08/06/2019 09:40PM ET,PHI,0
,,,,,,,,,,,C,Carson Kelly (13087700),Carson Kelly,13087700,C,4300,PHI@ARI 08/06/2019 09:40PM ET,ARI,6.36
,,,,,,,,,,,OF,Tim Locastro (13087748),Tim Locastro,13087748,OF,4300,PHI@ARI 08/06/2019 09:40PM ET,ARI,5.21
,,,,,,,,,,,1B,David Freese (13087416),David Freese,13087416,1B,4300,STL@LAD 08/06/2019 10:10PM ET,LAD,5.71
,,,,,,,,,,,RP,Josh Fields (13087438),Josh Fields,13087438,P,4300,STL@LAD 08/06/2019 10:10PM ET,LAD,0
,,,,,,,,,,,OF,A.J. Pollock (13087490),A.J. Pollock,13087490,OF,4300,STL@LAD 08/06/2019 10:10PM ET,LAD,7.98
,,,,,,,,,,,RP,Seth Elledge (13087892),Seth Elledge,13087892,P,4300,STL@LAD 08/06/2019 10:10PM ET,STL,0
,,,,,,,,,,,RP,Dan Altavilla (13087774),Dan Altavilla,13087774,P,4300,SD@SEA 08/06/2019 10:10PM ET,SEA,0.42
,,,,,,,,,,,3B,Evan Longoria (13087402),Evan Longoria,13087402,3B,4300,WAS@SF 08/06/2019 09:45PM ET,SF,6.68
,,,,,,,,,,,RP,Hunter Strickland (13087450),Hunter Strickland,13087450,P,4300,WAS@SF 08/06/2019 09:45PM ET,WAS,2.27
,,,,,,,,,,,1B,Matt Adams (13087510),Matt Adams,13087510,1B,4300,WAS@SF 08/06/2019 09:45PM ET,WAS,6.1
,,,,,,,,,,,OF,Mike Yastrzemski (13087519),Mike Yastrzemski,13087519,OF,4300,WAS@SF 08/06/2019 09:45PM ET,SF,7.43
,,,,,,,,,,,RP,Greg Holland (13087440),Greg Holland,13087440,P,4200,PHI@ARI 08/06/2019 09:40PM ET,ARI,2.52
,,,,,,,,,,,SP,Jose Alvarez (13087457),Jose Alvarez,13087457,P,4200,PHI@ARI 08/06/2019 09:40PM ET,PHI,2.54
,,,,,,,,,,,1B,Kevin Cron (13087645),Kevin Cron,13087645,1B,4200,PHI@ARI 08/06/2019 09:40PM ET,ARI,5.15
,,,,,,,,,,,RP,JT Chargois (13087673),JT Chargois,13087673,P,4200,STL@LAD 08/06/2019 10:10PM ET,LAD,3.41
,,,,,,,,,,,RP,Jaime Schultz (13087724),Jaime Schultz,13087724,P,4200,STL@LAD 08/06/2019 10:10PM ET,LAD,0.96
,,,,,,,,,,,1B,Eric Hosmer (13087461),Eric Hosmer,13087461,1B,4200,SD@SEA 08/06/2019 10:10PM ET,SD,7.76
,,,,,,,,,,,SP,Sam Tuivailala (13087565),Sam Tuivailala,13087565,P,4200,SD@SEA 08/06/2019 10:10PM ET,SEA,3.72
,,,,,,,,,,,1B,Daniel Vogelbach (13087638),Daniel Vogelbach,13087638,1B,4200,SD@SEA 08/06/2019 10:10PM ET,SEA,8.08
,,,,,,,,,,,SP,Matt Wisler (13087665),Matt Wisler,13087665,P,4200,SD@SEA 08/06/2019 10:10PM ET,SEA,3.88
,,,,,,,,,,,OF,Franchy Cordero (13087688),Franchy Cordero,13087688,OF,4200,SD@SEA 08/06/2019 10:10PM ET,SD,4
,,,,,,,,,,,C,Stephen Vogt (13087439),Stephen Vogt,13087439,C,4200,WAS@SF 08/06/2019 09:45PM ET,SF,5.11
,,,,,,,,,,,RP,Tanner Rainey (13087835),Tanner Rainey,13087835,P,4200,WAS@SF 08/06/2019 09:45PM ET,WAS,3.04
,,,,,,,,,,,OF,Adam Jones (13087379),Adam Jones,13087379,OF,4100,PHI@ARI 08/06/2019 09:40PM ET,ARI,7.14
,,,,,,,,,,,OF,David Peralta (13087426),David Peralta,13087426,OF,4100,PHI@ARI 08/06/2019 09:40PM ET,ARI,7.84
,,,,,,,,,,,RP,Yoshihisa Hirano (13087429),Yoshihisa Hirano,13087429,P,4100,PHI@ARI 08/06/2019 09:40PM ET,ARI,2.64
,,,,,,,,,,,SS,Jean Segura (13087486),Jean Segura,13087486,SS,4100,PHI@ARI 08/06/2019 09:40PM ET,PHI,7.91
,,,,,,,,,,,1B/3B,Jake Lamb (13087521),Jake Lamb,13087521,1B/3B,4100,PHI@ARI 08/06/2019 09:40PM ET,ARI,6.11
,,,,,,,,,,,RP,Robby Scott (13087672),Robby Scott,13087672,P,4100,PHI@ARI 08/06/2019 09:40PM ET,ARI,-0.45
,,,,,,,,,,,2B/OF,Kike Hernandez (13087499),Kike Hernandez,13087499,2B/OF,4100,STL@LAD 08/06/2019 10:10PM ET,LAD,6.5
,,,,,,,,,,,OF,Marcell Ozuna (13087514),Marcell Ozuna,13087514,OF,4100,STL@LAD 08/06/2019 10:10PM ET,STL,9.21
,,,,,,,,,,,C,Will Smith (13087822),Will Smith,13087822,C,4100,STL@LAD 08/06/2019 10:10PM ET,LAD,9.89
,,,,,,,,,,,1B/3B,Pablo Sandoval (13087383),Pablo Sandoval,13087383,1B/3B,4100,WAS@SF 08/06/2019 09:45PM ET,SF,5.34
,,,,,,,,,,,2B/SS,Donovan Solano (13087394),Donovan Solano,13087394,2B/SS,4100,WAS@SF 08/06/2019 09:45PM ET,SF,5.5
,,,,,,,,,,,RP,Steven Okert (13087593),Steven Okert,13087593,P,4100,WAS@SF 08/06/2019 09:45PM ET,SF,0
,,,,,,,,,,,SP,Ricky Nolasco (13087362),Ricky Nolasco,13087362,P,4000,PHI@ARI 08/06/2019 09:40PM ET,ARI,0
,,,,,,,,,,,RP,Pedro Beato (13087406),Pedro Beato,13087406,P,4000,PHI@ARI 08/06/2019 09:40PM ET,PHI,0
,,,,,,,,,,,RP,Marc Rzepczynski (13087435),Marc Rzepczynski,13087435,P,4000,PHI@ARI 08/06/2019 09:40PM ET,ARI,0
,,,,,,,,,,,RP,T.J. McFarland (13087446),T.J. McFarland,13087446,P,4000,PHI@ARI 08/06/2019 09:40PM ET,ARI,2.31
,,,,,,,,,,,RP,Jeremy Bleich (13087464),Jeremy Bleich,13087464,P,4000,PHI@ARI 08/06/2019 09:40PM ET,PHI,0
,,,,,,,,,,,C,Alex Avila (13087470),Alex Avila,13087470,C,4000,PHI@ARI 08/06/2019 09:40PM ET,ARI,6.66
,,,,,,,,,,,RP,Mike Morin (13087526),Mike Morin,13087526,P,4000,PHI@ARI 08/06/2019 09:40PM ET,PHI,2.01
,,,,,,,,,,,SP,Rubby De La Rosa (13087534),Rubby De La Rosa,13087534,P,4000,PHI@ARI 08/06/2019 09:40PM ET,ARI,0
,,,,,,,,,,,2B/3B,Ildemaro Vargas (13087536),Ildemaro Vargas,13087536,2B/3B,4000,PHI@ARI 08/06/2019 09:40PM ET,ARI,4.14
,,,,,,,,,,,RP,Ben Lively (13087584),Ben Lively,13087584,P,4000,PHI@ARI 08/06/2019 09:40PM ET,ARI,-3.55
,,,,,,,,,,,SP,Daniel Gibson (13087585),Daniel Gibson,13087585,P,4000,PHI@ARI 08/06/2019 09:40PM ET,ARI,0
,,,,,,,,,,,RP,Hector Neris (13087597),Hector Neris,13087597,P,4000,PHI@ARI 08/06/2019 09:40PM ET,PHI,3.64
,,,,,,,,,,,SS,Nick Ahmed (13087607),Nick Ahmed,13087607,SS,4000,PHI@ARI 08/06/2019 09:40PM ET,ARI,7.16
,,,,,,,,,,,RP,Brad Goldberg (13087621),Brad Goldberg,13087621,P,4000,PHI@ARI 08/06/2019 09:40PM ET,ARI,0
,,,,,,,,,,,OF,Roman Quinn (13087637),Roman Quinn,13087637,OF,4000,PHI@ARI 08/06/2019 09:40PM ET,PHI,4.69
,,,,,,,,,,,RP,Yacksel Rios (13087657),Yacksel Rios,13087657,P,4000,PHI@ARI 08/06/2019 09:40PM ET,PHI,-1
,,,,,,,,,,,RP,Drew Anderson (13087712),Drew Anderson,13087712,P,4000,PHI@ARI 08/06/2019 09:40PM ET,PHI,4.15
,,,,,,,,,,,RP,Troy Scribner (13087725),Troy Scribner,13087725,P,4000,PHI@ARI 08/06/2019 09:40PM ET,ARI,0
,,,,,,,,,,,RP,Emilio Vargas (13087732),Emilio Vargas,13087732,P,4000,PHI@ARI 08/06/2019 09:40PM ET,ARI,0
,,,,,,,,,,,RP,Stefan Crichton (13087749),Stefan Crichton,13087749,P,4000,PHI@ARI 08/06/2019 09:40PM ET,ARI,3.53
,,,,,,,,,,,SP,Nick Green (13087760),Nick Green,13087760,P,4000,PHI@ARI 08/06/2019 09:40PM ET,ARI,0
,,,,,,,,,,,RP,Victor Arano (13087766),Victor Arano,13087766,P,4000,PHI@ARI 08/06/2019 09:40PM ET,PHI,7.37
,,,,,,,,,,,RP,Artie Lewicki (13087790),Artie Lewicki,13087790,P,4000,PHI@ARI 08/06/2019 09:40PM ET,ARI,0
,,,,,,,,,,,RP,Edgar Garcia (13087802),Edgar Garcia,13087802,P,4000,PHI@ARI 08/06/2019 09:40PM ET,PHI,2.31
,,,,,,,,,,,RP,Brett Cecil (13087433),Brett Cecil,13087433,P,4000,STL@LAD 08/06/2019 10:10PM ET,STL,0
,,,,,,,,,,,RP,Josh Smoker (13087441),Josh Smoker,13087441,P,4000,STL@LAD 08/06/2019 10:10PM ET,LAD,0
,,,,,,,,,,,RP,Tommy Layne (13087452),Tommy Layne,13087452,P,4000,STL@LAD 08/06/2019 10:10PM ET,STL,0
,,,,,,,,,,,RP,Hunter Cervenka (13087480),Hunter Cervenka,13087480,P,4000,STL@LAD 08/06/2019 10:10PM ET,STL,0
,,,,,,,,,,,1B,Paul Goldschmidt (13087501),Paul Goldschmidt,13087501,1B,4000,STL@LAD 08/06/2019 10:10PM ET,STL,7.87
,,,,,,,,,,,RP,Chris Beck (13087517),Chris Beck,13087517,P,4000,STL@LAD 08/06/2019 10:10PM ET,STL,0
,,,,,,,,,,,RP,Daniel Corcino (13087535),Daniel Corcino,13087535,P,4000,STL@LAD 08/06/2019 10:10PM ET,LAD,0
,,,,,,,,,,,RP,Yimi Garcia (13087546),Yimi Garcia,13087546,P,4000,STL@LAD 08/06/2019 10:10PM ET,LAD,2.72
,,,,,,,,,,,RP,Scott Alexander (13087550),Scott Alexander,13087550,P,4000,STL@LAD 08/06/2019 10:10PM ET,LAD,1.43
,,,,,,,,,,,RP,Adam Kolarek (13087571),Adam Kolarek,13087571,P,4000,STL@LAD 08/06/2019 10:10PM ET,LAD,2.08
,,,,,,,,,,,1B/OF,Joc Pederson (13087573),Joc Pederson,13087573,1B/OF,4000,STL@LAD 08/06/2019 10:10PM ET,LAD,7.2
,,,,,,,,,,,RP,Casey Sadler (13087583),Casey Sadler,13087583,P,4000,STL@LAD 08/06/2019 10:10PM ET,LAD,4.74
,,,,,,,,,,,SP,Brock Stewart (13087589),Brock Stewart,13087589,P,4000,STL@LAD 08/06/2019 10:10PM ET,LAD,-2.53
,,,,,,,,,,,RP,John Brebbia (13087613),John Brebbia,13087613,P,4000,STL@LAD 08/06/2019 10:10PM ET,STL,4.06
,,,,,,,,,,,RP,Adalberto Mejia (13087624),Adalberto Mejia,13087624,P,4000,STL@LAD 08/06/2019 10:10PM ET,STL,1.78
,,,,,,,,,,,RP,Kevin Quackenbush (13087650),Kevin Quackenbush,13087650,P,4000,STL@LAD 08/06/2019 10:10PM ET,LAD,0
,,,,,,,,,,,RP,John Gant (13087661),John Gant,13087661,P,4000,STL@LAD 08/06/2019 10:10PM ET,STL,3.53
,,,,,,,,,,,1B/OF,Matt Beaty (13087668),Matt Beaty,13087668,1B/OF,4000,STL@LAD 08/06/2019 10:10PM ET,LAD,5.82
,,,,,,,,,,,RP,Tyler Webb (13087670),Tyler Webb,13087670,P,4000,STL@LAD 08/06/2019 10:10PM ET,STL,2.27
,,,,,,,,,,,RP,Mike Hauschild (13087677),Mike Hauschild,13087677,P,4000,STL@LAD 08/06/2019 10:10PM ET,STL,0
,,,,,,,,,,,SS,Corey Seager (13087697),Corey Seager,13087697,SS,4000,STL@LAD 08/06/2019 10:10PM ET,LAD,7.34
,,,,,,,,,,,RP,Merandy Gonzalez (13087737),Merandy Gonzalez,13087737,P,4000,STL@LAD 08/06/2019 10:10PM ET,STL,0
,,,,,,,,,,,RP,Layne Somsen (13087750),Layne Somsen,13087750,P,4000,STL@LAD 08/06/2019 10:10PM ET,LAD,0
,,,,,,,,,,,RP,Ryan Meisinger (13087844),Ryan Meisinger,13087844,P,4000,STL@LAD 08/06/2019 10:10PM ET,STL,0
,,,,,,,,,,,SP,Mitch White (13087869),Mitch White,13087869,P,4000,STL@LAD 08/06/2019 10:10PM ET,LAD,0
,,,,,,,,,,,RP,Craig Stammen (13087396),Craig Stammen,13087396,P,4000,SD@SEA 08/06/2019 10:10PM ET,SD,3.05
,,,,,,,,,,,SP,Cory Gearrin (13087447),Cory Gearrin,13087447,P,4000,SD@SEA 08/06/2019 10:10PM ET,SEA,1.93
,,,,,,,,,,,RP,Anthony Bass (13087472),Anthony Bass,13087472,P,4000,SD@SEA 08/06/2019 10:10PM ET,SEA,3.2
,,,,,,,,,,,RP,Matt Magill (13087487),Matt Magill,13087487,P,4000,SD@SEA 08/06/2019 10:10PM ET,SEA,3.04
,,,,,,,,,,,OF,Mitch Haniger (13087512),Mitch Haniger,13087512,OF,4000,SD@SEA 08/06/2019 10:10PM ET,SEA,8.64
,,,,,,,,,,,SP,Matt Carasiti (13087518),Matt Carasiti,13087518,P,4000,SD@SEA 08/06/2019 10:10PM ET,SEA,2.01
,,,,,,,,,,,RP,Ryan Bollinger (13087529),Ryan Bollinger,13087529,P,4000,SD@SEA 08/06/2019 10:10PM ET,SD,0
,,,,,,,,,,,OF,Domingo Santana (13087533),Domingo Santana,13087533,OF,4000,SD@SEA 08/06/2019 10:10PM ET,SEA,8.5
,,,,,,,,,,,RP,Kirby Yates (13087539),Kirby Yates,13087539,P,4000,SD@SEA 08/06/2019 10:10PM ET,SD,4.81
,,,,,,,,,,,RP,Connor Sadzeck (13087595),Connor Sadzeck,13087595,P,4000,SD@SEA 08/06/2019 10:10PM ET,SEA,3.61
,,,,,,,,,,,RP,Mike Wright (13087612),Mike Wright,13087612,P,4000,SD@SEA 08/06/2019 10:10PM ET,SEA,2.06
,,,,,,,,,,,RP,Kazuhisa Makita (13087623),Kazuhisa Makita,13087623,P,4000,SD@SEA 08/06/2019 10:10PM ET,SD,0
,,,,,,,,,,,SP,Luis Perdomo (13087630),Luis Perdomo,13087630,P,4000,SD@SEA 08/06/2019 10:10PM ET,SD,3.75
,,,,,,,,,,,RP,Ryan Garton (13087718),Ryan Garton,13087718,P,4000,SD@SEA 08/06/2019 10:10PM ET,SEA,-1.12
,,,,,,,,,,,RP,Trey Wingenter (13087719),Trey Wingenter,13087719,P,4000,SD@SEA 08/06/2019 10:10PM ET,SD,3.28
,,,,,,,,,,,RP,Tyler Danish (13087741),Tyler Danish,13087741,P,4000,SD@SEA 08/06/2019 10:10PM ET,SEA,0
,,,,,,,,,,,RP,Justus Sheffield (13087780),Justus Sheffield,13087780,P,4000,SD@SEA 08/06/2019 10:10PM ET,SEA,5.15
,,,,,,,,,,,RP,Eric Stout (13087788),Eric Stout,13087788,P,4000,SD@SEA 08/06/2019 10:10PM ET,SD,0
,,,,,,,,,,,RP,Kyle McGrath (13087796),Kyle McGrath,13087796,P,4000,SD@SEA 08/06/2019 10:10PM ET,SD,0
,,,,,,,,,,,SP,Anderson Espinoza (13087821),Anderson Espinoza,13087821,P,4000,SD@SEA 08/06/2019 10:10PM ET,SD,0
,,,,,,,,,,,SP,Andrew Moore (13087836),Andrew Moore,13087836,P,4000,SD@SEA 08/06/2019 10:10PM ET,SEA,2.3
,,,,,,,,,,,RP,Art Warren (13087843),Art Warren,13087843,P,4000,SD@SEA 08/06/2019 10:10PM ET,SEA,0
,,,,,,,,,,,RP,Zac Grotz (13087847),Zac Grotz,13087847,P,4000,SD@SEA 08/06/2019 10:10PM ET,SEA,0.7
,,,,,,,,,,,RP,Matt Festa (13087874),Matt Festa,13087874,P,4000,SD@SEA 08/06/2019 10:10PM ET,SEA,2.19
,,,,,,,,,,,RP,Reggie McClain (13087877),Reggie McClain,13087877,P,4000,SD@SEA 08/06/2019 10:10PM ET,SEA,-1.55
,,,,,,,,,,,RP,Wyatt Mills (13087879),Wyatt Mills,13087879,P,4000,SD@SEA 08/06/2019 10:10PM ET,SEA,0
,,,,,,,,,,,RP,Andres Munoz (13087882),Andres Munoz,13087882,P,4000,SD@SEA 08/06/2019 10:10PM ET,SD,4.29
,,,,,,,,,,,RP,Michel Baez (13087886),Michel Baez,13087886,P,4000,SD@SEA 08/06/2019 10:10PM ET,SD,4.6
,,,,,,,,,,,SP,Logan Gilbert (13087888),Logan Gilbert,13087888,P,4000,SD@SEA 08/06/2019 10:10PM ET,SEA,0
,,,,,,,,,,,1B/2B,Howie Kendrick (13087365),Howie Kendrick,13087365,1B/2B,4000,WAS@SF 08/06/2019 09:45PM ET,WAS,6.66
,,,,,,,,,,,RP,Javy Guerra (13087382),Javy Guerra,13087382,P,4000,WAS@SF 08/06/2019 09:45PM ET,WAS,2.69
,,,,,,,,,,,RP,Jonny Venters (13087385),Jonny Venters,13087385,P,4000,WAS@SF 08/06/2019 09:45PM ET,WAS,0.47
,,,,,,,,,,,RP,Sammy Solis (13087449),Sammy Solis,13087449,P,4000,WAS@SF 08/06/2019 09:45PM ET,WAS,0
,,,,,,,,,,,RP,Casey Kelly (13087463),Casey Kelly,13087463,P,4000,WAS@SF 08/06/2019 09:45PM ET,SF,0
,,,,,,,,,,,SP,Nick Vincent (13087469),Nick Vincent,13087469,P,4000,WAS@SF 08/06/2019 09:45PM ET,SF,3.49
,,,,,,,,,,,RP,J.J. Hoover (13087475),J.J. Hoover,13087475,P,4000,WAS@SF 08/06/2019 09:45PM ET,WAS,0
,,,,,,,,,,,RP,Pat Venditte (13087476),Pat Venditte,13087476,P,4000,WAS@SF 08/06/2019 09:45PM ET,SF,-2.95
,,,,,,,,,,,RP,Aaron Barrett (13087478),Aaron Barrett,13087478,P,4000,WAS@SF 08/06/2019 09:45PM ET,WAS,0
,,,,,,,,,,,RP,Sam Selman (13087506),Sam Selman,13087506,P,4000,WAS@SF 08/06/2019 09:45PM ET,SF,1.85
,,,,,,,,,,,RP,Vidal Nuno III (13087513),Vidal Nuno III,13087513,P,4000,WAS@SF 08/06/2019 09:45PM ET,WAS,0
,,,,,,,,,,,RP,Wander Suero (13087559),Wander Suero,13087559,P,4000,WAS@SF 08/06/2019 09:45PM ET,WAS,2.8
,,,,,,,,,,,1B/OF,Tyler Austin (13087576),Tyler Austin,13087576,1B/OF,4000,WAS@SF 08/06/2019 09:45PM ET,SF,3.79
,,,,,,,,,,,RP,Scott Copeland (13087578),Scott Copeland,13087578,P,4000,WAS@SF 08/06/2019 09:45PM ET,WAS,0
,,,,,,,,,,,RP,Dan Slania (13087592),Dan Slania,13087592,P,4000,WAS@SF 08/06/2019 09:45PM ET,SF,0
,,,,,,,,,,,RP,Jandel Gustave (13087600),Jandel Gustave,13087600,P,4000,WAS@SF 08/06/2019 09:45PM ET,SF,3
,,,,,,,,,,,RP,Williams Jerez (13087643),Williams Jerez,13087643,P,4000,WAS@SF 08/06/2019 09:45PM ET,SF,4.58
,,,,,,,,,,,RP,Roenis Elias (13087671),Roenis Elias,13087671,P,4000,WAS@SF 08/06/2019 09:45PM ET,WAS,3.15
,,,,,,,,,,,RP,Trevor Gott (13087676),Trevor Gott,13087676,P,4000,WAS@SF 08/06/2019 09:45PM ET,SF,3.85
,,,,,,,,,,,SP,Jose Lopez (13087726),Jose Lopez,13087726,P,4000,WAS@SF 08/06/2019 09:45PM ET,SF,0
,,,,,,,,,,,SS,Paul DeJong (13087798),Paul DeJong,13087798,SS,3900,STL@LAD 08/06/2019 10:10PM ET,STL,8.06
,,,,,,,,,,,2B/3B,Greg Garcia (13087555),Greg Garcia,13087555,2B/3B,3900,SD@SEA 08/06/2019 10:10PM ET,SD,4.63
,,,,,,,,,,,C,Rene Rivera (13087359),Rene Rivera,13087359,C,3900,WAS@SF 08/06/2019 09:45PM ET,SF,0
,,,,,,,,,,,OF,Adam Eaton (13087579),Adam Eaton,13087579,OF,3900,WAS@SF 08/06/2019 09:45PM ET,WAS,7.52
,,,,,,,,,,,2B,Cesar Hernandez (13087523),Cesar Hernandez,13087523,2B,3800,PHI@ARI 08/06/2019 09:40PM ET,PHI,6.89
,,,,,,,,,,,OF,Alex Verdugo (13087782),Alex Verdugo,13087782,OF,3800,STL@LAD 08/06/2019 10:10PM ET,LAD,6.52
,,,,,,,,,,,OF,Wil Myers (13087494),Wil Myers,13087494,OF,3800,SD@SEA 08/06/2019 10:10PM ET,SD,5.56
,,,,,,,,,,,C,Omar Narvaez (13087538),Omar Narvaez,13087538,C,3800,SD@SEA 08/06/2019 10:10PM ET,SEA,7.03
,,,,,,,,,,,1B/OF,Gerardo Parra (13087424),Gerardo Parra,13087424,1B/OF,3800,WAS@SF 08/06/2019 09:45PM ET,WAS,4.59
,,,,,,,,,,,OF,Austin Slater (13087666),Austin Slater,13087666,OF,3800,WAS@SF 08/06/2019 09:45PM ET,SF,6.52
,,,,,,,,,,,OF,Joey Rickard (13087680),Joey Rickard,13087680,OF,3800,WAS@SF 08/06/2019 09:45PM ET,SF,4.55
,,,,,,,,,,,3B/OF,Sean Rodriguez (13087374),Sean Rodriguez,13087374,3B/OF,3700,PHI@ARI 08/06/2019 09:40PM ET,PHI,3.56
,,,,,,,,,,,2B/3B,Tommy Edman (13087824),Tommy Edman,13087824,2B/3B,3700,STL@LAD 08/06/2019 10:10PM ET,STL,5.98
,,,,,,,,,,,3B,Kyle Seager (13087493),Kyle Seager,13087493,3B,3700,SD@SEA 08/06/2019 10:10PM ET,SEA,6.78
,,,,,,,,,,,1B/2B,Austin Nola (13087608),Austin Nola,13087608,1B/2B,3700,SD@SEA 08/06/2019 10:10PM ET,SEA,5.29
,,,,,,,,,,,OF,Mallex Smith (13087658),Mallex Smith,13087658,OF,3700,SD@SEA 08/06/2019 10:10PM ET,SEA,7.83
,,,,,,,,,,,OF,Manuel Margot (13087691),Manuel Margot,13087691,OF,3700,SD@SEA 08/06/2019 10:10PM ET,SD,5.31
,,,,,,,,,,,SS,J.P. Crawford (13087739),J.P. Crawford,13087739,SS,3700,SD@SEA 08/06/2019 10:10PM ET,SEA,7.57
,,,,,,,,,,,C,Kurt Suzuki (13087387),Kurt Suzuki,13087387,C,3700,WAS@SF 08/06/2019 09:45PM ET,WAS,6.53
,,,,,,,,,,,2B,Brian Dozier (13087502),Brian Dozier,13087502,2B,3700,WAS@SF 08/06/2019 09:45PM ET,WAS,6.56
,,,,,,,,,,,OF,Mike Gerber (13087590),Mike Gerber,13087590,OF,3700,WAS@SF 08/06/2019 09:45PM ET,SF,1.75
,,,,,,,,,,,OF,Victor Robles (13087777),Victor Robles,13087777,OF,3700,WAS@SF 08/06/2019 09:45PM ET,WAS,7.38
,,,,,,,,,,,2B/3B,Brad Miller (13087635),Brad Miller,13087635,2B/3B,3600,PHI@ARI 08/06/2019 09:40PM ET,PHI,4.17
,,,,,,,,,,,OF,Adam Haseley (13087862),Adam Haseley,13087862,OF,3600,PHI@ARI 08/06/2019 09:40PM ET,PHI,6.59
,,,,,,,,,,,3B,Jedd Gyorko (13087551),Jedd Gyorko,13087551,3B,3600,STL@LAD 08/06/2019 10:10PM ET,LAD,2.45
,,,,,,,,,,,1B,Brandon Belt (13087419),Brandon Belt,13087419,1B,3600,WAS@SF 08/06/2019 09:45PM ET,SF,6.72
,,,,,,,,,,,OF,Kevin Pillar (13087614),Kevin Pillar,13087614,OF,3600,WAS@SF 08/06/2019 09:45PM ET,SF,6.66
,,,,,,,,,,,SS,Mauricio Dubon (13087752),Mauricio Dubon,13087752,SS,3600,WAS@SF 08/06/2019 09:45PM ET,SF,0
,,,,,,,,,,,OF,Jose Pirela (13087485),Jose Pirela,13087485,OF,3500,PHI@ARI 08/06/2019 09:40PM ET,PHI,0
,,,,,,,,,,,C,Matt Wieters (13087431),Matt Wieters,13087431,C,3500,STL@LAD 08/06/2019 10:10PM ET,STL,5.53
,,,,,,,,,,,3B/OF,Drew Robinson (13087567),Drew Robinson,13087567,3B/OF,3500,STL@LAD 08/06/2019 10:10PM ET,STL,1
,,,,,,,,,,,OF,Tyler O'Neill (13087743),Tyler O'Neill,13087743,OF,3500,STL@LAD 08/06/2019 10:10PM ET,STL,5.04
,,,,,,,,,,,OF,Lane Thomas (13087786),Lane Thomas,13087786,OF,3500,STL@LAD 08/06/2019 10:10PM ET,STL,3.56
,,,,,,,,,,,1B,Ryan Zimmerman (13087389),Ryan Zimmerman,13087389,1B,3500,WAS@SF 08/06/2019 09:45PM ET,WAS,6.12
,,,,,,,,,,,C,Buster Posey (13087462),Buster Posey,13087462,C,3500,WAS@SF 08/06/2019 09:45PM ET,SF,5.95
,,,,,,,,,,,3B,Maikel Franco (13087580),Maikel Franco,13087580,3B,3400,PHI@ARI 08/06/2019 09:40PM ET,PHI,5.9
,,,,,,,,,,,OF,Yasmany Tomas (13087728),Yasmany Tomas,13087728,OF,3400,PHI@ARI 08/06/2019 09:40PM ET,ARI,0
,,,,,,,,,,,C,Russell Martin (13087367),Russell Martin,13087367,C,3400,STL@LAD 08/06/2019 10:10PM ET,LAD,4.42
,,,,,,,,,,,OF,Dexter Fowler (13087388),Dexter Fowler,13087388,OF,3400,STL@LAD 08/06/2019 10:10PM ET,STL,6.12
,,,,,,,,,,,2B,Kolten Wong (13087477),Kolten Wong,13087477,2B,3400,STL@LAD 08/06/2019 10:10PM ET,STL,6.49
,,,,,,,,,,,3B,Matt Carpenter (13087505),Matt Carpenter,13087505,3B,3400,STL@LAD 08/06/2019 10:10PM ET,STL,6.8
,,,,,,,,,,,1B/3B,Edwin Rios (13087769),Edwin Rios,13087769,1B/3B,3400,STL@LAD 08/06/2019 10:10PM ET,LAD,4.38
,,,,,,,,,,,OF,Kyle Garlick (13087848),Kyle Garlick,13087848,OF,3400,STL@LAD 08/06/2019 10:10PM ET,LAD,2.64
,,,,,,,,,,,OF,Adolis Garcia (13087855),Adolis Garcia,13087855,OF,3400,STL@LAD 08/06/2019 10:10PM ET,STL,0
,,,,,,,,,,,OF/SS,Tim Beckham (13087459),Tim Beckham,13087459,SS/OF,3400,SD@SEA 08/06/2019 10:10PM ET,SEA,6.74
,,,,,,,,,,,OF,Shane Peterson (13087465),Shane Peterson,13087465,OF,3400,SD@SEA 08/06/2019 10:10PM ET,SD,0
,,,,,,,,,,,2B,Dee Gordon (13087467),Dee Gordon,13087467,2B,3400,SD@SEA 08/06/2019 10:10PM ET,SEA,6.29
,,,,,,,,,,,C,Tom Murphy (13087698),Tom Murphy,13087698,C,3400,SD@SEA 08/06/2019 10:10PM ET,SEA,6.62
,,,,,,,,,,,OF,Josh Naylor (13087833),Josh Naylor,13087833,OF,3400,SD@SEA 08/06/2019 10:10PM ET,SD,4.29
,,,,,,,,,,,2B,Wilmer Flores (13087482),Wilmer Flores,13087482,2B,3300,PHI@ARI 08/06/2019 09:40PM ET,ARI,4.61
,,,,,,,,,,,2B/OF,Kristopher Negron (13087414),Kristopher Negron,13087414,2B/OF,3300,STL@LAD 08/06/2019 10:10PM ET,LAD,5.62
,,,,,,,,,,,C,Francisco Pena (13087427),Francisco Pena,13087427,C,3300,STL@LAD 08/06/2019 10:10PM ET,STL,0
,,,,,,,,,,,OF,Jose Martinez (13087430),Jose Martinez,13087430,OF,3300,STL@LAD 08/06/2019 10:10PM ET,STL,5.45
,,,,,,,,,,,OF,Randy Arozarena (13087858),Randy Arozarena,13087858,OF,3300,STL@LAD 08/06/2019 10:10PM ET,STL,0
,,,,,,,,,,,OF,Travis Jankowski (13087610),Travis Jankowski,13087610,OF,3300,SD@SEA 08/06/2019 10:10PM ET,SD,0
,,,,,,,,,,,C,Francisco Mejia (13087764),Francisco Mejia,13087764,C,3300,SD@SEA 08/06/2019 10:10PM ET,SD,4.58
,,,,,,,,,,,C,Spencer Kieboom (13087679),Spencer Kieboom,13087679,C,3300,WAS@SF 08/06/2019 09:45PM ET,WAS,0
,,,,,,,,,,,3B,Trevor Plouffe (13087380),Trevor Plouffe,13087380,3B,3200,PHI@ARI 08/06/2019 09:40PM ET,PHI,0
,,,,,,,,,,,OF,Odubel Herrera (13087540),Odubel Herrera,13087540,OF,3200,PHI@ARI 08/06/2019 09:40PM ET,PHI,5.28
,,,,,,,,,,,C/OF,Blake Swihart (13087641),Blake Swihart,13087641,C/OF,3200,PHI@ARI 08/06/2019 09:40PM ET,ARI,3.36
,,,,,,,,,,,3B/SS,Mitch Walding (13087647),Mitch Walding,13087647,3B/SS,3200,PHI@ARI 08/06/2019 09:40PM ET,PHI,0
,,,,,,,,,,,2B/OF,Rob Refsnyder (13087683),Rob Refsnyder,13087683,2B/OF,3200,PHI@ARI 08/06/2019 09:40PM ET,ARI,0
,,,,,,,,,,,OF,Dylan Cozens (13087699),Dylan Cozens,13087699,OF,3200,PHI@ARI 08/06/2019 09:40PM ET,PHI,0
,,,,,,,,,,,OF,Paulo Orlando (13087401),Paulo Orlando,13087401,OF,3200,STL@LAD 08/06/2019 10:10PM ET,LAD,0
,,,,,,,,,,,OF,Drew Jackson (13087721),Drew Jackson,13087721,OF,3200,STL@LAD 08/06/2019 10:10PM ET,LAD,0.67
,,,,,,,,,,,OF,Jeren Kendall (13087793),Jeren Kendall,13087793,OF,3200,STL@LAD 08/06/2019 10:10PM ET,LAD,0
,,,,,,,,,,,OF,Conner Capel (13087873),Conner Capel,13087873,OF,3200,STL@LAD 08/06/2019 10:10PM ET,STL,0
,,,,,,,,,,,2B/3B,Christian Villanueva (13087541),Christian Villanueva,13087541,2B/3B,3200,SD@SEA 08/06/2019 10:10PM ET,SD,0
,,,,,,,,,,,OF/SS,Dylan Moore (13087839),Dylan Moore,13087839,SS/OF,3200,SD@SEA 08/06/2019 10:10PM ET,SEA,3.97
,,,,,,,,,,,OF,Craig Gentry (13087417),Craig Gentry,13087417,OF,3200,WAS@SF 08/06/2019 09:45PM ET,SF,0
,,,,,,,,,,,SS,Brandon Crawford (13087466),Brandon Crawford,13087466,SS,3200,WAS@SF 08/06/2019 09:45PM ET,SF,5.93
,,,,,,,,,,,2B/SS,Cristhian Adames (13087543),Cristhian Adames,13087543,2B/SS,3200,WAS@SF 08/06/2019 09:45PM ET,SF,0
,,,,,,,,,,,C,Aramis Garcia (13087660),Aramis Garcia,13087660,C,3200,WAS@SF 08/06/2019 09:45PM ET,SF,6.17
,,,,,,,,,,,2B/3B,Miguel Gomez (13087689),Miguel Gomez,13087689,2B/3B,3200,WAS@SF 08/06/2019 09:45PM ET,SF,0
,,,,,,,,,,,SS,Abiatal Avelino (13087696),Abiatal Avelino,13087696,SS,3200,WAS@SF 08/06/2019 09:45PM ET,SF,0
,,,,,,,,,,,1B/OF,Chris Shaw (13087715),Chris Shaw,13087715,1B/OF,3200,WAS@SF 08/06/2019 09:45PM ET,SF,0
,,,,,,,,,,,3B,Ryder Jones (13087742),Ryder Jones,13087742,3B,3200,WAS@SF 08/06/2019 09:45PM ET,SF,0
,,,,,,,,,,,OF,Steven Duggar (13087768),Steven Duggar,13087768,OF,3200,WAS@SF 08/06/2019 09:45PM ET,SF,5.49
,,,,,,,,,,,SS,Carter Kieboom (13087867),Carter Kieboom,13087867,SS,3200,WAS@SF 08/06/2019 09:45PM ET,WAS,4.46
,,,,,,,,,,,OF,Lane Adams (13087504),Lane Adams,13087504,OF,3100,PHI@ARI 08/06/2019 09:40PM ET,PHI,0
,,,,,,,,,,,SS,Domingo Leyba (13087731),Domingo Leyba,13087731,SS,3100,PHI@ARI 08/06/2019 09:40PM ET,ARI,1.7
,,,,,,,,,,,OF,Andrew Toles (13087569),Andrew Toles,13087569,OF,3100,STL@LAD 08/06/2019 10:10PM ET,LAD,0
,,,,,,,,,,,3B/OF,Yairo Munoz (13087685),Yairo Munoz,13087685,3B/OF,3100,STL@LAD 08/06/2019 10:10PM ET,STL,3.85
,,,,,,,,,,,2B,Max Schrock (13087713),Max Schrock,13087713,2B,3100,STL@LAD 08/06/2019 10:10PM ET,STL,0
,,,,,,,,,,,SS,Edmundo Sosa (13087733),Edmundo Sosa,13087733,SS,3100,STL@LAD 08/06/2019 10:10PM ET,STL,1
,,,,,,,,,,,OF,Justin Williams (13087740),Justin Williams,13087740,OF,3100,STL@LAD 08/06/2019 10:10PM ET,STL,0
,,,,,,,,,,,3B,Elehuris Montero (13087817),Elehuris Montero,13087817,3B,3100,STL@LAD 08/06/2019 10:10PM ET,STL,0
,,,,,,,,,,,SS,Gavin Lux (13087864),Gavin Lux,13087864,SS,3100,STL@LAD 08/06/2019 10:10PM ET,LAD,0
,,,,,,,,,,,OF,Denard Span (13087369),Denard Span,13087369,OF,3100,SD@SEA 08/06/2019 10:10PM ET,SEA,0
,,,,,,,,,,,C,Mike Marjama (13087622),Mike Marjama,13087622,C,3100,SD@SEA 08/06/2019 10:10PM ET,SEA,0
,,,,,,,,,,,2B,Shed Long (13087757),Shed Long,13087757,2B,3100,SD@SEA 08/06/2019 10:10PM ET,SEA,6.95
,,,,,,,,,,,OF,Dom Thompson-Williams (13087792),Dom Thompson-Williams,13087792,OF,3100,SD@SEA 08/06/2019 10:10PM ET,SEA,0
,,,,,,,,,,,OF,Jake Fraley (13087811),Jake Fraley,13087811,OF,3100,SD@SEA 08/06/2019 10:10PM ET,SEA,0
,,,,,,,,,,,C,Yan Gomes (13087503),Yan Gomes,13087503,C,3100,WAS@SF 08/06/2019 09:45PM ET,WAS,5.24
,,,,,,,,,,,2B,Scooter Gennett (13087508),Scooter Gennett,13087508,2B,3100,WAS@SF 08/06/2019 09:45PM ET,SF,3.88
,,,,,,,,,,,OF,John Andreoli (13087606),John Andreoli,13087606,OF,3100,WAS@SF 08/06/2019 09:45PM ET,SF,0
,,,,,,,,,,,OF,Michael Reed (13087646),Michael Reed,13087646,OF,3100,WAS@SF 08/06/2019 09:45PM ET,SF,0
,,,,,,,,,,,OF,Matt Szczur (13087443),Matt Szczur,13087443,OF,3000,PHI@ARI 08/06/2019 09:40PM ET,ARI,0
,,,,,,,,,,,2B/3B,Jesmuel Valentin (13087694),Jesmuel Valentin,13087694,2B/3B,3000,PHI@ARI 08/06/2019 09:40PM ET,PHI,0
,,,,,,,,,,,C,Yadier Molina (13087358),Yadier Molina,13087358,C,3000,STL@LAD 08/06/2019 10:10PM ET,STL,6
,,,,,,,,,,,OF,Ezequiel Carrera (13087453),Ezequiel Carrera,13087453,OF,3000,STL@LAD 08/06/2019 10:10PM ET,LAD,0
,,,,,,,,,,,2B/SS,Daniel Castro (13087598),Daniel Castro,13087598,2B/SS,3000,STL@LAD 08/06/2019 10:10PM ET,LAD,0
,,,,,,,,,,,C,Austin Barnes (13087615),Austin Barnes,13087615,C,3000,STL@LAD 08/06/2019 10:10PM ET,LAD,4.99
,,,,,,,,,,,SS,Ramon Urias (13087628),Ramon Urias,13087628,SS,3000,STL@LAD 08/06/2019 10:10PM ET,STL,0
,,,,,,,,,,,C,Joe Hudson (13087705),Joe Hudson,13087705,C,3000,STL@LAD 08/06/2019 10:10PM ET,STL,0
,,,,,,,,,,,2B/SS,Omar Estevez (13087856),Omar Estevez,13087856,2B/SS,3000,STL@LAD 08/06/2019 10:10PM ET,LAD,0
,,,,,,,,,,,2B,Ian Kinsler (13087372),Ian Kinsler,13087372,2B,3000,SD@SEA 08/06/2019 10:10PM ET,SD,4.74
,,,,,,,,,,,OF,Keon Broxton (13087481),Keon Broxton,13087481,OF,3000,SD@SEA 08/06/2019 10:10PM ET,SEA,3.61
,,,,,,,,,,,C,Austin Hedges (13087644),Austin Hedges,13087644,C,3000,SD@SEA 08/06/2019 10:10PM ET,SD,4.82
,,,,,,,,,,,C,Luis Torrens (13087765),Luis Torrens,13087765,C,3000,SD@SEA 08/06/2019 10:10PM ET,SD,0
,,,,,,,,,,,C,Austin Allen (13087838),Austin Allen,13087838,C,3000,SD@SEA 08/06/2019 10:10PM ET,SD,2.81
,,,,,,,,,,,3B,Ty France (13087849),Ty France,13087849,3B,3000,SD@SEA 08/06/2019 10:10PM ET,SD,4.35
,,,,,,,,,,,OF,Andrew Stevenson (13087810),Andrew Stevenson,13087810,OF,3000,WAS@SF 08/06/2019 09:45PM ET,WAS,2.23
,,,,,,,,,,,OF,Drew Ferguson (13087845),Drew Ferguson,13087845,OF,3000,WAS@SF 08/06/2019 09:45PM ET,SF,0
,,,,,,,,,,,OF,Abraham Almonte (13087454),Abraham Almonte,13087454,OF,2900,PHI@ARI 08/06/2019 09:40PM ET,ARI,0
,,,,,,,,,,,OF,Cameron Perkins (13087528),Cameron Perkins,13087528,OF,2900,STL@LAD 08/06/2019 10:10PM ET,LAD,0
,,,,,,,,,,,1B,Tyler White (13087754),Tyler White,13087754,1B,2900,STL@LAD 08/06/2019 10:10PM ET,LAD,4.42
,,,,,,,,,,,OF,DJ Peters (13087795),DJ Peters,13087795,OF,2900,STL@LAD 08/06/2019 10:10PM ET,LAD,0
,,,,,,,,,,,C,Andrew Knizner (13087812),Andrew Knizner,13087812,C,2900,STL@LAD 08/06/2019 10:10PM ET,STL,5.36
,,,,,,,,,,,C,Connor Wong (13087826),Connor Wong,13087826,C,2900,STL@LAD 08/06/2019 10:10PM ET,LAD,0
,,,,,,,,,,,OF,Dylan Carlson (13087868),Dylan Carlson,13087868,OF,2900,STL@LAD 08/06/2019 10:10PM ET,STL,0
,,,,,,,,,,,3B,Chase Headley (13087397),Chase Headley,13087397,3B,2900,SD@SEA 08/06/2019 10:10PM ET,SD,0
,,,,,,,,,,,1B,Evan White (13087861),Evan White,13087861,1B,2900,SD@SEA 08/06/2019 10:10PM ET,SEA,0
,,,,,,,,,,,OF,Michael A. Taylor (13087497),Michael A. Taylor,13087497,OF,2900,WAS@SF 08/06/2019 09:45PM ET,WAS,2.51
,,,,,,,,,,,2B,Joe Panik (13087611),Joe Panik,13087611,2B,2900,WAS@SF 08/06/2019 09:45PM ET,SF,5.06
,,,,,,,,,,,C,Raudy Read (13087627),Raudy Read,13087627,C,2900,WAS@SF 08/06/2019 09:45PM ET,WAS,0
,,,,,,,,,,,OF/SS,Phil Gosselin (13087547),Phil Gosselin,13087547,SS/OF,2800,PHI@ARI 08/06/2019 09:40PM ET,PHI,1.94
,,,,,,,,,,,3B/SS,Juniel Querecuto (13087581),Juniel Querecuto,13087581,3B/SS,2800,PHI@ARI 08/06/2019 09:40PM ET,ARI,0
,,,,,,,,,,,OF,Marcus Wilson (13087783),Marcus Wilson,13087783,OF,2800,PHI@ARI 08/06/2019 09:40PM ET,ARI,0
,,,,,,,,,,,C,Daulton Varsho (13087891),Daulton Varsho,13087891,C,2800,PHI@ARI 08/06/2019 09:40PM ET,ARI,0
,,,,,,,,,,,OF,Connor Joe (13087767),Connor Joe,13087767,OF,2800,STL@LAD 08/06/2019 10:10PM ET,LAD,0.88
,,,,,,,,,,,1B,Luken Baker (13087850),Luken Baker,13087850,1B,2800,STL@LAD 08/06/2019 10:10PM ET,STL,0
,,,,,,,,,,,C,Jose Lobaton (13087371),Jose Lobaton,13087371,C,2800,SD@SEA 08/06/2019 10:10PM ET,SEA,0
,,,,,,,,,,,OF,Kyle Lewis (13087813),Kyle Lewis,13087813,OF,2800,SD@SEA 08/06/2019 10:10PM ET,SEA,0
,,,,,,,,,,,OF,Moises Sierra (13087458),Moises Sierra,13087458,OF,2800,WAS@SF 08/06/2019 09:45PM ET,WAS,0
,,,,,,,,,,,1B,Adrian Sanchez (13087532),Adrian Sanchez,13087532,1B,2800,WAS@SF 08/06/2019 09:45PM ET,WAS,1
,,,,,,,,,,,2B/SS,Luis Sardinas (13087603),Luis Sardinas,13087603,2B/SS,2800,WAS@SF 08/06/2019 09:45PM ET,WAS,0
,,,,,,,,,,,OF,Tyler Goeddel (13087633),Tyler Goeddel,13087633,OF,2800,WAS@SF 08/06/2019 09:45PM ET,WAS,0
,,,,,,,,,,,OF,Shane Robinson (13087411),Shane Robinson,13087411,OF,2700,PHI@ARI 08/06/2019 09:40PM ET,PHI,0
,,,,,,,,,,,C,Rob Brantly (13087554),Rob Brantly,13087554,C,2700,PHI@ARI 08/06/2019 09:40PM ET,PHI,0
,,,,,,,,,,,C,Andrew Knapp (13087591),Andrew Knapp,13087591,C,2700,PHI@ARI 08/06/2019 09:40PM ET,PHI,2.38
,,,,,,,,,,,2B/SS,Kelby Tomlinson (13087655),Kelby Tomlinson,13087655,2B/SS,2700,PHI@ARI 08/06/2019 09:40PM ET,ARI,0
,,,,,,,,,,,3B,Andy Young (13087880),Andy Young,13087880,3B,2700,PHI@ARI 08/06/2019 09:40PM ET,ARI,0
,,,,,,,,,,,3B,Drew Ellis (13087890),Drew Ellis,13087890,3B,2700,PHI@ARI 08/06/2019 09:40PM ET,ARI,0
,,,,,,,,,,,OF,Seth Beer (13087900),Seth Beer,13087900,OF,2700,PHI@ARI 08/06/2019 09:40PM ET,ARI,0
,,,,,,,,,,,1B,Rangel Ravelo (13087570),Rangel Ravelo,13087570,1B,2700,STL@LAD 08/06/2019 10:10PM ET,STL,1.21
,,,,,,,,,,,OF,Harrison Bader (13087806),Harrison Bader,13087806,OF,2700,STL@LAD 08/06/2019 10:10PM ET,STL,4.5
,,,,,,,,,,,C,A.J. Ellis (13087370),A.J. Ellis,13087370,C,2700,SD@SEA 08/06/2019 10:10PM ET,SD,0
,,,,,,,,,,,OF,Dustin Ackley (13087489),Dustin Ackley,13087489,OF,2700,SD@SEA 08/06/2019 10:10PM ET,SEA,0
,,,,,,,,,,,1B/OF,Ryan Court (13087618),Ryan Court,13087618,1B/OF,2700,SD@SEA 08/06/2019 10:10PM ET,SEA,2.67
,,,,,,,,,,,2B,Tim Lopes (13087703),Tim Lopes,13087703,2B,2700,SD@SEA 08/06/2019 10:10PM ET,SEA,6.5
,,,,,,,,,,,OF,Boog Powell (13087710),Boog Powell,13087710,OF,2700,SD@SEA 08/06/2019 10:10PM ET,SD,0
,,,,,,,,,,,2B,Luis Urias (13087778),Luis Urias,13087778,2B,2700,SD@SEA 08/06/2019 10:10PM ET,SD,3.25
,,,,,,,,,,,OF,Edward Olivares (13087803),Edward Olivares,13087803,OF,2700,SD@SEA 08/06/2019 10:10PM ET,SD,0
,,,,,,,,,,,3B,Joe Rizzo (13087865),Joe Rizzo,13087865,3B,2700,SD@SEA 08/06/2019 10:10PM ET,SEA,0
,,,,,,,,,,,1B,Jose Marmolejos (13087653),Jose Marmolejos,13087653,1B,2700,WAS@SF 08/06/2019 09:45PM ET,WAS,0
,,,,,,,,,,,2B/3B,Jacob Wilson (13087707),Jacob Wilson,13087707,2B/3B,2700,WAS@SF 08/06/2019 09:45PM ET,WAS,0
,,,,,,,,,,,OF,Telmito Agustin (13087776),Telmito Agustin,13087776,OF,2700,WAS@SF 08/06/2019 09:45PM ET,WAS,0
,,,,,,,,,,,C,Alberto Rosario (13087455),Alberto Rosario,13087455,C,2600,PHI@ARI 08/06/2019 09:40PM ET,ARI,0
,,,,,,,,,,,OF,Cornelius Randolph (13087832),Cornelius Randolph,13087832,OF,2600,PHI@ARI 08/06/2019 09:40PM ET,PHI,0
,,,,,,,,,,,OF,Mickey Moniak (13087863),Mickey Moniak,13087863,OF,2600,PHI@ARI 08/06/2019 09:40PM ET,PHI,0
,,,,,,,,,,,C,Keibert Ruiz (13087818),Keibert Ruiz,13087818,C,2600,STL@LAD 08/06/2019 10:10PM ET,LAD,0
,,,,,,,,,,,OF,Mac Williamson (13087667),Mac Williamson,13087667,OF,2600,SD@SEA 08/06/2019 10:10PM ET,SEA,4.8
,,,,,,,,,,,OF,Buddy Reed (13087759),Buddy Reed,13087759,OF,2600,SD@SEA 08/06/2019 10:10PM ET,SD,0
,,,,,,,,,,,3B,Brandon Snyder (13087393),Brandon Snyder,13087393,3B,2600,WAS@SF 08/06/2019 09:45PM ET,WAS,0
,,,,,,,,,,,OF,Collin Cowgill (13087448),Collin Cowgill,13087448,OF,2600,WAS@SF 08/06/2019 09:45PM ET,WAS,0
,,,,,,,,,,,1B/3B,Jake Noll (13087830),Jake Noll,13087830,1B/3B,2600,WAS@SF 08/06/2019 09:45PM ET,WAS,2
,,,,,,,,,,,1B/C,Matt McBride (13087408),Matt McBride,13087408,C/1B,2500,PHI@ARI 08/06/2019 09:40PM ET,PHI,0
,,,,,,,,,,,C,Caleb Joseph (13087473),Caleb Joseph,13087473,C,2500,PHI@ARI 08/06/2019 09:40PM ET,ARI,2.46
,,,,,,,,,,,2B,Daniel Brito (13087819),Daniel Brito,13087819,2B,2500,PHI@ARI 08/06/2019 09:40PM ET,PHI,0
,,,,,,,,,,,SS,Jazz Chisholm (13087881),Jazz Chisholm,13087881,SS,2500,PHI@ARI 08/06/2019 09:40PM ET,ARI,0
,,,,,,,,,,,OF,Ichiro Suzuki (13087355),Ichiro Suzuki,13087355,OF,2500,SD@SEA 08/06/2019 10:10PM ET,SEA,1
,,,,,,,,,,,C,Tres Barrera (13087814),Tres Barrera,13087814,C,2500,WAS@SF 08/06/2019 09:45PM ET,WAS,0
,,,,,,,,,,,2B/OF,Andrew Romine (13087444),Andrew Romine,13087444,2B/OF,2400,PHI@ARI 08/06/2019 09:40PM ET,PHI,0
,,,,,,,,,,,OF,Nick Williams (13087702),Nick Williams,13087702,OF,2400,PHI@ARI 08/06/2019 09:40PM ET,PHI,1.83
,,,,,,,,,,,1B,Pavin Smith (13087794),Pavin Smith,13087794,1B,2400,PHI@ARI 08/06/2019 09:40PM ET,ARI,0
,,,,,,,,,,,SS,Arquimedes Gamboa (13087852),Arquimedes Gamboa,13087852,SS,2400,PHI@ARI 08/06/2019 09:40PM ET,PHI,0
,,,,,,,,,,,SS,Wilmer Difo (13087601),Wilmer Difo,13087601,SS,2400,WAS@SF 08/06/2019 09:45PM ET,WAS,4.31
,,,,,,,,,,,OF,Rafael Bautista (13087687),Rafael Bautista,13087687,OF,2400,WAS@SF 08/06/2019 09:45PM ET,WAS,0
,,,,,,,,,,,2B/SS,Gregorio Petit (13087376),Gregorio Petit,13087376,2B/SS,2300,PHI@ARI 08/06/2019 09:40PM ET,PHI,0
,,,,,,,,,,,2B/SS,Gift Ngoepe (13087515),Gift Ngoepe,13087515,2B/SS,2300,PHI@ARI 08/06/2019 09:40PM ET,PHI,0
,,,,,,,,,,,OF,Braden Bishop (13087720),Braden Bishop,13087720,OF,2300,SD@SEA 08/06/2019 10:10PM ET,SEA,1.2
,,,,,,,,,,,C,Cal Raleigh (13087860),Cal Raleigh,13087860,C,2300,SD@SEA 08/06/2019 10:10PM ET,SEA,0
,,,,,,,,,,,SS,Hudson Sanchez (13087866),Hudson Sanchez,13087866,SS,2300,SD@SEA 08/06/2019 10:10PM ET,SD,0
,,,,,,,,,,,OF,Jarred Kelenic (13087898),Jarred Kelenic,13087898,OF,2300,SD@SEA 08/06/2019 10:10PM ET,SEA,0
,,,,,,,,,,,3B,Zach Green (13087701),Zach Green,13087701,3B,2300,WAS@SF 08/06/2019 09:45PM ET,SF,2
,,,,,,,,,,,C,Joey Bart (13087846),Joey Bart,13087846,C,2300,WAS@SF 08/06/2019 09:45PM ET,SF,0
,,,,,,,,,,,SS,Jeter Downs (13087889),Jeter Downs,13087889,SS,2200,STL@LAD 08/06/2019 10:10PM ET,LAD,0
,,,,,,,,,,,C,Chris Stewart (13087364),Chris Stewart,13087364,C,2200,SD@SEA 08/06/2019 10:10PM ET,SD,0
,,,,,,,,,,,SS,Javy Guerra (13087734),Javy Guerra,13087734,SS,2200,SD@SEA 08/06/2019 10:10PM ET,SD,0
,,,,,,,,,,,SS,Gabriel Arias (13087895),Gabriel Arias,13087895,SS,2200,SD@SEA 08/06/2019 10:10PM ET,SD,0
,,,,,,,,,,,OF,Tirso Ornelas (13087896),Tirso Ornelas,13087896,OF,2200,SD@SEA 08/06/2019 10:10PM ET,SD,0
,,,,,,,,,,,SS,Allen Cordoba (13087736),Allen Cordoba,13087736,SS,2100,SD@SEA 08/06/2019 10:10PM ET,SD,0
,,,,,,,,,,,OF,Julio Rodriguez (13087897),Julio Rodriguez,13087897,OF,2100,SD@SEA 08/06/2019 10:10PM ET,SEA,0
,,,,,,,,,,,C,Miguel Montero (13087363),Miguel Montero,13087363,C,2100,WAS@SF 08/06/2019 09:45PM ET,WAS,0
,,,,,,,,,,,OF,Nick Banks (13087827),Nick Banks,13087827,OF,2100,WAS@SF 08/06/2019 09:45PM ET,WAS,0
,,,,,,,,,,,2B/SS,Luis Garcia (13087884),Luis Garcia,13087884,2B/SS,2100,WAS@SF 08/06/2019 09:45PM ET,WAS,0
,,,,,,,,,,,3B/OF,Jose Bautista (13087360),Jose Bautista,13087360,3B/OF,2000,PHI@ARI 08/06/2019 09:40PM ET,PHI,0
,,,,,,,,,,,OF,Andrew McCutchen (13087390),Andrew McCutchen,13087390,OF,2000,PHI@ARI 08/06/2019 09:40PM ET,PHI,8.66
,,,,,,,,,,,OF,Steven Souza Jr. (13087436),Steven Souza Jr.,13087436,OF,2000,PHI@ARI 08/06/2019 09:40PM ET,ARI,0
,,,,,,,,,,,3B,Nolan Gorman (13087899),Nolan Gorman,13087899,3B,2000,STL@LAD 08/06/2019 10:10PM ET,STL,0
,,,,,,,,,,,SS,Ruddy Giron (13087799),Ruddy Giron,13087799,SS,2000,SD@SEA 08/06/2019 10:10PM ET,SD,0
,,,,,,,,,,,SS,Xavier Edwards (13087901),Xavier Edwards,13087901,SS,2000,SD@SEA 08/06/2019 10:10PM ET,SD,0
,,,,,,,,,,,2B/3B,Matt Reynolds (13087616),Matt Reynolds,13087616,2B/3B,2000,WAS@SF 08/06/2019 09:45PM ET,WAS,0
,,,,,,,,,,,SS,Jose Sanchez (13087894),Jose Sanchez,13087894,SS,2000,WAS@SF 08/06/2019 09:45PM ET,WAS,0
