Name,Salary,Team,Pos,Opp,Proj_FP,Line,PP_Line
Patrick Kane,7800,CHI,RW,NSH,23.26,1,1
Malcolm Subban,6800,CHI,G,NSH,17.77,,
Connor Hellebuyck,7700,WPG,G,EDM,16.96,,
Tuukka Rask,7900,BOS,G,PIT,16.40,,
Alexandar Georgiev,7300,NYR,G,BUF,16.16,,
Tristan Jarry,7600,PIT,G,BOS,16.00,,
Anton Khudobin,8500,DAL,G,DET,15.87,,
Kaapo Kahkonen,8000,MIN,G,LA,15.73,,
Joonas Korpisalo,8000,CLS,G,FLA,15.72,,
Darcy Kuemper,8000,ARI,G,ANH,15.65,,
Jacob Markstrom,7700,CGY,G,TOR,15.43,,
Brad Marchand,7900,BOS,LW,PIT,15.08,1,1
Connor McDavid,8500,EDM,C,WPG,15.05,1,1
Patrice Bergeron,8200,BOS,C,PIT,14.90,1,1
Auston Matthews,8000,TOR,C,CGY,14.82,1,1
Semyon Varlamov,8100,NYI,G,WAS,14.77,,
Brian Elliott,8000,PHI,G,NJ,14.74,,
Robin Lehner,8100,VGK,G,STL,14.74,,
Frederik Andersen,7800,TOR,G,CGY,14.53,,
Jordan Binnington,7400,STL,G,VGK,14.49,,
Philipp Grubauer,8400,COL,G,SJ,14.31,,
Jack Eichel,7600,BUF,C,NYR,14.19,1,1
Martin Jones,6900,SJ,G,COL,13.76,,
Linus Ullmark,7900,BUF,G,NYR,13.58,,
Nathan MacKinnon,8400,COL,C,SJ,13.53,1,1
Sergei Bobrovsky,7500,FLA,G,CLS,13.34,,
John Gibson,7600,ANH,G,ARI,13.33,,
Brent Burns,6900,SJ,D,COL,13.25,x,1
Leon Draisaitl,7100,EDM,C,WPG,13.19,2,1
Mikko Koskinen,7800,EDM,G,WPG,13.15,,
Thomas Greiss,6800,DET,G,DAL,12.99,,
Artemi Panarin,6800,NYR,LW,BUF,12.90,2,1
Matthew Tkachuk,7400,CGY,RW,TOR,12.90,1,1
Mark Scheifele,7300,WPG,C,EDM,12.60,1,1
Scott Wedgewood,7000,NJ,G,PHI,12.34,,
Cal Petersen,6900,LA,G,MIN,12.30,,
Taylor Hall,7300,BUF,LW,NYR,12.03,1,1
Blake Wheeler,7000,WPG,RW,EDM,12.02,1,1
Mika Zibanejad,6600,NYR,C,BUF,12.01,1,1
Max Pacioretty,6700,VGK,LW,STL,11.98,1,1
Mitch Marner,7600,TOR,RW,CGY,11.94,1,1
Vitek Vanecek,7300,WAS,G,NYI,11.76,,
Ryan Nugent-Hopkins,7500,EDM,LW,WPG,11.67,1,1
Johnny Gaudreau,6100,CGY,LW,TOR,11.62,2,1
Kyle Connor,7200,WPG,LW,EDM,11.45,1,1
Pekka Rinne,8100,NSH,G,CHI,11.45,,
Mikko Rantanen,7700,COL,RW,SJ,11.28,1,1
Viktor Arvidsson,5400,NSH,RW,CHI,11.26,1,1
Tomas Hertl,5300,SJ,C,COL,11.26,2,1
Evander Kane,6000,SJ,RW,COL,11.16,2,2
Elias Lindholm,5900,CGY,C,TOR,11.12,1,1
Logan Couture,4700,SJ,C,COL,11.08,1,1
John Tavares,6800,TOR,C,CGY,11.08,2,1
Dylan Larkin,7000,DET,C,DAL,11.07,1,1
Roman Josi,6800,NSH,D,CHI,11.01,x,1
Aleksander Barkov,6900,FLA,C,CLS,10.97,1,1
Alex Pietrangelo,6700,VGK,D,STL,10.96,x,1
Mark Stone,6200,VGK,RW,STL,10.93,1,1
Sidney Crosby,6700,PIT,C,BOS,10.88,1,1
Evgeni Malkin,5200,PIT,C,BOS,10.78,2,1
John Carlson,7100,WAS,D,NYI,10.73,x,1
Mark Giordano,6300,CGY,D,TOR,10.51,x,2
Sean Monahan,6000,CGY,C,TOR,10.44,2,1
Erik Karlsson,5000,SJ,D,COL,10.39,x,1
Adam Fox,6600,NYR,D,BUF,10.24,x,1
Shea Theodore,7000,VGK,D,STL,10.18,x,2
Nikolaj Ehlers,5400,WPG,RW,EDM,10.12,2,2
Jake Guentzel,6400,PIT,LW,BOS,10.07,1,1
Craig Smith,4200,BOS,RW,PIT,10.00,3,2
Filip Forsberg,6600,NSH,LW,CHI,9.96,1,1
Aaron Ekblad,6500,FLA,D,CLS,9.96,x,1
Kris Letang,5800,PIT,D,BOS,9.87,x,1
Ryan O'Reilly,5000,STL,C,VGK,9.86,1,1
Kevin Hayes,6300,PHI,C,NJ,9.77,1,2
Anze Kopitar,6400,LA,C,MIN,9.77,1,1
Gabriel Landeskog,7100,COL,LW,SJ,9.76,1,1
Pavel Buchnevich,6000,NYR,RW,BUF,9.66,2,2
Matt Grzelcyk,4700,BOS,D,PIT,9.65,x,1
Mikael Granlund,3300,NSH,LW,CHI,9.63,2,2
Alexander Radulov,5900,DAL,RW,DET,9.59,2,1
Ryan Ellis,5700,NSH,D,CHI,9.57,x,2
Nicklas Backstrom,6200,WAS,C,NYI,9.49,1,1
Chris Kreider,4000,NYR,LW,BUF,9.47,1,1
Victor Olofsson,5000,BUF,LW,NYR,9.44,2,1
Connor Murphy,5200,CHI,D,NSH,9.39,x,2
Charlie McAvoy,5300,BOS,D,PIT,9.37,x,2
Conor Garland,5700,ARI,RW,ANH,9.30,1,1
Dylan Strome,4800,CHI,C,NSH,9.30,2,1
Sam Reinhart,5300,BUF,RW,NYR,9.29,1,1
Charlie Coyle,4000,BOS,C,PIT,9.29,3,2
T.J. Oshie,5900,WAS,RW,NYI,9.24,1,1
Matt Duchene,3900,NSH,C,CHI,9.09,2,1
Dominik Kubalik,4700,CHI,LW,NSH,9.08,2,1
Claude Giroux,4300,PHI,C,NJ,9.07,3,1
Rickard Rakell,4600,ANH,RW,ARI,9.07,1,2
Kyle Palmieri,5100,NJ,RW,PHI,9.05,1,1
Jakub Vrana,5800,WAS,LW,NYI,9.04,1,1
Joe Pavelski,6100,DAL,C,DET,9.03,2,1
Jake DeBrusk,4300,BOS,RW,PIT,8.98,1,2
David Krejci,4900,BOS,C,PIT,8.97,2,1
Phil Kessel,5500,ARI,RW,ANH,8.95,2,2
Jonathan Marchessault,4600,VGK,LW,STL,8.94,2,1
William Nylander,5800,TOR,RW,CGY,8.92,2,2
Zach Parise,5100,MIN,LW,LA,8.83,1,1
James van Riemsdyk,3800,PHI,RW,NJ,8.81,1,2
Torey Krug,5000,STL,D,VGK,8.81,x,1
Clayton Keller,4500,ARI,LW,ANH,8.81,2,2
Oliver Bjorkstrand,4700,CLS,RW,FLA,8.72,2,1
Zach Werenski,4700,CLS,D,FLA,8.72,x,2
Patric Hornqvist,4000,FLA,RW,CLS,8.60,2,1
Timo Meier,5200,SJ,LW,COL,8.58,3,2
Reilly Smith,4500,VGK,RW,STL,8.57,2,2
Seth Jones,4300,CLS,D,FLA,8.56,x,1
Tyler Bertuzzi,4900,DET,RW,DAL,8.50,1,1
Jesse Puljujarvi,3000,EDM,RW,WPG,8.50,1,2
Anthony Mantha,5000,DET,RW,DAL,8.49,2,1
Jonathan Huberdeau,6900,FLA,LW,CLS,8.49,2,1
Jack Studnicka,2900,BOS,RW,PIT,8.46,2,
Neal Pionk,4000,WPG,D,EDM,8.45,x,2
Brayden Schenn,5100,STL,C,VGK,8.45,2,1
Anders Lee,6300,NYI,LW,WAS,8.43,1,1
Jaden Schwartz,4400,STL,LW,VGK,8.42,2,1
Morgan Rielly,5600,TOR,D,CGY,8.36,x,1
Christian Dvorak,4200,ARI,C,ANH,8.36,3,1
Ryan Pulock,4500,NYI,D,WAS,8.35,x,1
Jakob Chychrun,6000,ARI,D,ANH,8.33,x,1
Darnell Nurse,4300,EDM,D,WPG,8.29,x,1
Tyson Barrie,4300,EDM,D,WPG,8.28,x,2
Jeff Carter,5600,LA,RW,MIN,8.26,2,2
Mathew Barzal,6500,NYI,C,WAS,8.23,1,1
Ryan Strome,4500,NYR,C,BUF,8.20,2,1
Drew Doughty,6400,LA,D,MIN,8.19,x,1
Brock Nelson,5400,NYI,C,WAS,8.12,2,2
Ivan Provorov,5400,PHI,D,NJ,8.12,x,1
Cam Atkinson,4400,CLS,RW,FLA,8.10,1,1
Alexis Lafreniere,2900,NYR,RW,BUF,8.09,1,2
Nick Ritchie,3700,BOS,LW,PIT,8.07,2,1
Duncan Keith,5500,CHI,D,NSH,8.04,x,1
Miro Heiskanen,5600,DAL,D,DET,8.02,x,2
Alex Tuch,4400,VGK,LW,STL,7.99,3,2
Tom Wilson,4800,WAS,RW,NYI,7.99,2,2
Travis Konecny,5300,PHI,RW,NJ,7.96,3,1
Kirill Kaprizov,5200,MIN,RW,LA,7.94,2,1
Anthony Duclair,3600,FLA,RW,CLS,7.93,1,2
Andrew Copp,4100,WPG,LW,EDM,7.91,2,
Roope Hintz,5600,DAL,C,DET,7.88,1,1
William Karlsson,4900,VGK,C,STL,7.88,2,1
Cale Makar,6100,COL,D,SJ,7.82,x,1
Kevin Fiala,6100,MIN,RW,LA,7.81,1,1
Kevin Labanc,3900,SJ,RW,COL,7.77,1,1
Mikael Backlund,4400,CGY,C,TOR,7.73,3,2
Andrew Shaw,3100,CHI,RW,NSH,7.72,1,1
Jakob Silfverberg,4200,ANH,RW,ARI,7.70,2,1
Carter Verhaeghe,3500,FLA,LW,CLS,7.70,1,2
Rasmus Ristolainen,5100,BUF,D,NYR,7.70,x,2
Alec Martinez,5400,VGK,D,STL,7.68,x,2
Kailer Yamamoto,4700,EDM,RW,WPG,7.68,2,
Josh Morrissey,4500,WPG,D,EDM,7.67,x,1
Calvin de Haan,3900,CHI,D,NSH,7.66,x,
Ryan Getzlaf,4100,ANH,C,ARI,7.62,1,2
Bryan Rust,6300,PIT,RW,BOS,7.58,1,1
Nick Schmaltz,5700,ARI,C,ANH,7.48,1,1
P.K. Subban,4200,NJ,D,PHI,7.48,x,2
Frank Vatrano,4000,FLA,LW,CLS,7.48,3,2
Paul Stastny,4300,WPG,C,EDM,7.47,2,1
Colton Parayko,4600,STL,D,VGK,7.45,x,2
Eric Staal,4600,BUF,C,NYR,7.44,2,2
Ryan Johansen,4000,NSH,C,CHI,7.40,1,1
Rasmus Dahlin,4100,BUF,D,NYR,7.39,x,1
Alex Goligoski,4200,ARI,D,ANH,7.35,x,
Adam Henrique,4700,ANH,C,ARI,7.34,2,1
John Klingberg,6200,DAL,D,DET,7.34,x,1
Filip Hronek,5300,DET,D,DAL,7.34,x,1
Brandon Montour,3600,BUF,D,NYR,7.32,x,
Dustin Brown,3600,LA,RW,MIN,7.32,3,1
Jared Spurgeon,4000,MIN,D,LA,7.28,x,1
Jacob Trouba,3800,NYR,D,BUF,7.28,x,2
Boone Jenner,4300,CLS,LW,FLA,7.24,2,1
Dylan Cozens,2800,BUF,RW,NYR,7.24,2,
Kevin Shattenkirk,3400,ANH,D,ARI,7.20,x,1
Nazem Kadri,4600,COL,C,SJ,7.20,2,1
Devon Toews,5900,COL,D,SJ,7.19,x,2
Jordan Eberle,5700,NYI,RW,WAS,7.17,1,1
Bobby Ryan,5500,DET,LW,DAL,7.16,3,1
Justin Faulk,3600,STL,D,VGK,7.15,x,
Jakub Voracek,4100,PHI,RW,NJ,7.13,1,2
Hampus Lindholm,4400,ANH,D,ARI,7.12,x,
Rasmus Andersson,5200,CGY,D,TOR,7.11,x,1
Mattias Ekholm,3900,NSH,D,CHI,7.06,x,2
Alex Iafallo,4800,LA,LW,MIN,7.01,1,1
Ty Smith,3700,NJ,D,PHI,6.98,x,1
Jake Muzzin,4800,TOR,D,CGY,6.98,x,
Zach Hyman,4600,TOR,LW,CGY,6.96,1,2
Mattias Janmark,3300,CHI,LW,NSH,6.94,3,2
Andrew Mangiapane,3700,CGY,LW,TOR,6.93,1,2
Damon Severson,5100,NJ,D,PHI,6.91,x,2
Adrian Kempe,3800,LA,RW,MIN,6.89,1,1
David Perron,4800,STL,RW,VGK,6.89,1,1
Mike Hoffman,3900,STL,LW,VGK,6.87,3,2
Ilya Mikheyev,2700,TOR,LW,CGY,6.80,2,
Anthony DeAngelo,2900,NYR,D,BUF,6.79,x,2
Nick Bonino,3800,MIN,C,LA,6.78,2,2
Keith Yandle,4800,FLA,D,CLS,6.76,x,1
Lars Eller,3800,WAS,C,NYI,6.74,2,2
Josh Bailey,3500,NYI,RW,WAS,6.62,2,2
Jack Hughes,5100,NJ,C,PHI,6.57,1,1
Ryan Donato,2800,SJ,LW,COL,6.55,1,2
Jared McCann,3300,PIT,LW,BOS,6.54,3,2
MacKenzie Weegar,4200,FLA,D,CLS,6.52,x,
John Leonard,2800,SJ,LW,COL,6.51,2,2
Derick Brassard,3100,ARI,LW,ANH,6.46,3,1
Erik Haula,2800,NSH,C,CHI,6.43,3,2
Cam Fowler,2900,ANH,D,ARI,6.42,x,2
Jason Zucker,2900,PIT,LW,BOS,6.41,2,2
Zach Sanford,3000,STL,LW,VGK,6.41,1,2
Max Domi,3100,CLS,C,FLA,6.41,1,2
Alexandre Texier,3300,CLS,C,FLA,6.40,2,2
Gabriel Vilardi,3200,LA,C,MIN,6.40,3,2
Esa Lindell,4900,DAL,D,DET,6.37,x,
Ryan Suter,4600,MIN,D,LA,6.36,x,1
Miles Wood,4300,NJ,LW,PHI,6.34,2,1
Luke Kunin,3800,NSH,RW,CHI,6.32,2,
Jordan Oesterle,3500,ARI,D,ANH,6.32,x,2
James Neal,2800,EDM,LW,WPG,6.29,3,1
Tyler Pitlick,2700,ARI,RW,ANH,6.26,3,2
Pius Suter,4500,CHI,C,NSH,6.26,1,2
Shayne Gostisbehere,2500,PHI,D,NJ,6.25,x,2
Brandon Carlo,3100,BOS,D,PIT,6.25,x,
Travis Sanheim,3300,PHI,D,NJ,6.22,x,
Chris Tanev,3800,CGY,D,TOR,6.21,x,
Vladislav Namestnikov,3100,DET,LW,DAL,6.20,2,2
Denis Gurianov,5600,DAL,RW,DET,6.20,1,1
Matt Dumba,4900,MIN,D,LA,6.15,x,2
Matt Roy,3400,LA,D,MIN,6.14,x,
Oskar Lindblom,3300,PHI,LW,NJ,6.12,2,1
Radek Faksa,2500,DAL,C,DET,6.12,3,2
Ryan Murray,3200,NJ,D,PHI,6.06,x,
Yegor Sharangovich,3200,NJ,LW,PHI,6.06,1,
Derek Forbort,3700,WPG,D,EDM,6.05,x,
Nick Foligno,3400,CLS,LW,FLA,6.04,1,1
Drake Caggiula,3400,ARI,LW,ANH,6.00,1,
Nikita Gusev,3700,NJ,RW,PHI,5.96,3,2
Jean-Gabriel Pageau,3500,NYI,C,WAS,5.96,3,2
Andreas Athanasiou,3600,LA,LW,MIN,5.93,2,
Sam Bennett,2500,CGY,LW,TOR,5.91,3,2
Nick Cousins,2500,NSH,LW,CHI,5.87,3,2
Jonas Brodin,3400,MIN,D,LA,5.85,x,2
Adam Pelech,4000,NYI,D,WAS,5.83,x,
Samuel Girard,4400,COL,D,SJ,5.82,x,2
Kaapo Kakko,2600,NYR,RW,BUF,5.81,3,2
Scott Laughton,2900,PHI,LW,NJ,5.81,2,
Jason Dickinson,2900,DAL,LW,DET,5.79,1,
Adam Lowry,3700,WPG,C,EDM,5.78,3,2
Noah Hanifin,3200,CGY,D,TOR,5.67,x,
David Savard,2900,CLS,D,FLA,5.64,x,
John Marino,2500,PIT,D,BOS,5.64,x,2
Scott Mayfield,2800,NYI,D,WAS,5.63,x,
Marc-Edouard Vlasic,2900,SJ,D,COL,5.63,x,
Joel Eriksson Ek,4200,MIN,C,LA,5.63,3,2
Colin Miller,2800,BUF,D,NYR,5.61,x,2
T.J. Brodie,4100,TOR,D,CGY,5.59,x,2
Dylan DeMelo,3100,WPG,D,EDM,5.57,x,
Justin Holl,3200,TOR,D,CGY,5.56,x,
Nick Leddy,4100,NYI,D,WAS,5.55,x,2
Mikey Anderson,3200,LA,D,MIN,5.55,x,
J.T. Compher,2900,COL,C,SJ,5.50,3,2
Brian Dumoulin,3600,PIT,D,BOS,5.47,x,
Justin Schultz,3100,WAS,D,NYI,5.45,x,1
Andre Burakovsky,4100,COL,RW,SJ,5.34,2,2
Richard Panik,2500,WAS,RW,NYI,5.32,2,
Dominik Kahun,2800,EDM,LW,WPG,5.28,2,2
Nolan Patrick,3600,PHI,C,NJ,5.28,3,1
Troy Stecher,2500,DET,D,DAL,5.26,x,
Alexander Wennberg,3400,FLA,C,CLS,5.26,2,2
Brandon Saad,2900,COL,LW,SJ,5.25,2,
Joel Farabee,3900,PHI,LW,NJ,5.22,2,2
Kyle Turris,2600,EDM,C,WPG,5.19,3,2
Danton Heinen,3500,ANH,LW,ARI,5.15,2,1
Jake McCabe,3500,BUF,D,NYR,5.10,x,
Ethan Bear,3100,EDM,D,WPG,5.01,x,2
Jeremy Lauzon,3400,BOS,D,PIT,5.01,x,
Noah Dobson,3800,NYI,D,WAS,5.01,x,1
Mario Ferraro,3100,SJ,D,COL,4.99,x,2
Kris Russell,2800,EDM,D,WPG,4.99,x,
Alex Kerfoot,3100,TOR,C,CGY,4.98,3,2
Philipp Kurashev,3100,CHI,RW,NSH,4.97,2,2
Marcus Johansson,3000,MIN,LW,LA,4.95,2,2
Dante Fabbro,3300,NSH,D,CHI,4.91,x,
Radko Gudas,3200,FLA,D,CLS,4.89,x,
Vladislav Gavrikov,2500,CLS,D,FLA,4.86,x,
Tyler Bozak,2500,STL,RW,VGK,4.82,3,2
Pavel Zacha,3300,NJ,C,PHI,4.81,3,2
Brayden McNabb,3300,VGK,D,STL,4.80,x,
Sam Steel,2500,ANH,C,ARI,4.74,3,2
Ty Dellandrea,2500,DAL,RW,DET,4.72,3,2
Niklas Hjalmarsson,3000,ARI,D,ANH,4.71,x,
Sean Walker,3400,LA,D,MIN,4.67,x,2
Jeff Skinner,3500,BUF,LW,NYR,4.66,4,2
Cody Eakin,2500,BUF,C,NYR,4.64,3,2
Travis Zajac,3200,NJ,C,PHI,4.61,2,1
Anton Stralman,3200,FLA,D,CLS,4.60,x,2
Henri Jokiharju,3000,BUF,D,NYR,4.59,x,
Zdeno Chara,3000,WAS,D,NYI,4.58,x,2
Jakub Zboril,2900,BOS,D,PIT,4.56,x,2
Jamie Oleksiak,2700,DAL,D,DET,4.54,x,2
Chandler Stephenson,4100,VGK,C,STL,4.51,1,2
Patrik Nemeth,3500,DET,D,DAL,4.48,x,
Mathieu Perreault,2500,WPG,LW,EDM,4.44,3,2
Luke Glendening,2500,DET,C,DAL,4.40,2,
Nick Bjugstad,3500,MIN,C,LA,4.33,1,
Jason Demers,2500,ARI,D,ANH,4.29,x,
Cal Clutterbuck,2500,NYI,RW,WAS,4.26,2,
Barrett Hayton,2800,ARI,C,ANH,4.20,2,2
Bowen Byram,2900,COL,D,SJ,4.18,x,
Mathias Brome,2800,DET,LW,DAL,4.14,1,2
Marc Staal,2500,DET,D,DAL,4.12,x,
Jani Hakanpaa,2900,ANH,D,ARI,4.10,x,
Max Jones,2500,ANH,LW,ARI,4.10,1,
Blake Lizotte,3600,LA,C,MIN,4.08,2,2
Kasperi Kapanen,2900,PIT,RW,BOS,4.05,2,2
Marco Scandella,2700,STL,D,VGK,4.01,x,
Valeri Nichushkin,2500,COL,RW,SJ,3.98,3,2
Ryan Lindgren,2700,NYR,D,BUF,3.96,x,
Dmitry Kulikov,2700,NJ,D,PHI,3.93,x,
Michael Rasmussen,2600,DET,C,DAL,3.82,3,2
Troy Terry,2500,ANH,RW,ARI,3.72,3,2
Ian Mitchell,2500,CHI,D,NSH,3.70,x,2
Brenden Dillon,3700,WAS,D,NYI,3.66,x,
Wayne Simmonds,2600,TOR,RW,CGY,3.62,3,1
Cody Ceci,3000,PIT,D,BOS,3.61,x,
Carl Soderberg,2500,CHI,C,NSH,3.55,3,
Kevan Miller,2600,BOS,D,PIT,3.55,x,
Brandon Hagel,2500,CHI,LW,NSH,3.55,4,
K'Andre Miller,2500,NYR,D,BUF,3.54,x,
Janne Kuokkanen,2500,NJ,LW,PHI,3.48,2,
Derek Grant,3100,ANH,C,ARI,3.45,4,1
Lawson Crouse,2600,ARI,LW,ANH,3.43,4,
Noel Acciari,3300,FLA,C,CLS,3.43,4,
Sean Kuraly,2500,BOS,C,PIT,3.39,4,
Ryan Graves,3300,COL,D,SJ,3.37,x,
Nicolas Deslauriers,2700,ANH,LW,ARI,3.34,4,
Michael Dal Colle,2500,NYI,LW,WAS,3.21,3,2
Dominik Simon,2500,CGY,RW,TOR,3.20,2,
Kyle Okposo,2500,BUF,RW,NYR,3.19,3,
Drew O'Connor,2500,PIT,C,BOS,3.15,4,2
Carter Rowney,3200,ANH,RW,ARI,3.14,4,
Jordan Kyrou,3400,STL,RW,VGK,3.13,2,2
Nicolas Aube-Kubel,2500,PHI,RW,NJ,3.07,4,
Casey Cizikas,2500,NYI,C,WAS,3.06,4,
Kale Clague,2800,LA,D,MIN,3.06,x,
Mikhail Grigorenko,2500,CLS,LW,FLA,2.97,4,2
Oskar Sundqvist,2700,STL,RW,VGK,2.97,4,
Nikita Zadorov,3000,CHI,D,NSH,2.95,x,
Nicholas Merkley,2500,NJ,LW,PHI,2.94,3,
Jordan Gross,2500,ARI,D,ANH,2.88,x,
Christian Djoos,2500,DET,D,DAL,2.83,x,2
Andy Greene,3300,NYI,D,WAS,2.79,x,
Derek Ryan,2500,CGY,C,TOR,2.78,4,
Anders Bjork,2500,BOS,LW,PIT,2.77,4,
Vince Dunn,2600,STL,D,VGK,2.76,x,
Brett Connolly,2500,FLA,RW,CLS,2.72,4,
Trent Frederic,2700,BOS,LW,PIT,2.72,3,
Carl Hagelin,2500,WAS,LW,NYI,2.71,3,
Michael Raffl,3000,PHI,LW,NJ,2.71,4,
Lucas Carlsson,2500,CHI,D,NSH,2.70,x,
Vinnie Hinostroza,2500,FLA,LW,CLS,2.66,4,
Jordan Greenway,2700,MIN,LW,LA,2.65,3,
Nic Dowd,2600,WAS,C,NYI,2.64,3,
Zack Kassian,2600,EDM,RW,WPG,2.64,3,
Tyson Jost,2500,COL,LW,SJ,2.64,4,
Kevin Stenlund,2500,CLS,C,FLA,2.61,4,2
Chris Wagner,2500,BOS,RW,PIT,2.61,4,
Andreas Johnsson,2500,NJ,RW,PHI,2.61,4,2
Juuso Valimaki,2600,CGY,D,TOR,2.58,x,
David Kampf,2500,CHI,C,NSH,2.57,4,
Tomas Nosek,2500,VGK,C,STL,2.55,4,
Christian Fischer,2500,ARI,RW,ANH,2.54,4,
Curtis Lazar,2700,BUF,C,NYR,2.52,4,
Owen Tippett,2500,FLA,RW,CLS,2.52,3,
Matt Nieto,2800,SJ,C,COL,2.51,4,
Ian Cole,2600,MIN,D,LA,2.51,x,
Trevor Moore,2500,LA,RW,MIN,2.48,4,
Taro Hirose,2500,DET,LW,DAL,2.46,4,2
Tobias Rieder,2600,BUF,LW,NYR,2.46,3,
Josh Leivo,2600,CGY,RW,TOR,2.45,3,
Brendan Smith,2500,NYR,D,BUF,2.44,x,
Nicolas Roy,2500,VGK,C,STL,2.43,3,
Phil Di Giuseppe,4200,NYR,LW,BUF,2.42,3,
Mikko Lehtonen,2500,TOR,D,CGY,2.42,x,2
Tanner Kero,2500,DAL,LW,DET,2.41,2,
Justin Braun,2700,PHI,D,NJ,2.41,x,
Johan Larsson,2500,ARI,C,ANH,2.39,4,
Patrick Marleau,2500,SJ,RW,COL,2.39,4,
Brandon Tanev,2500,PIT,RW,BOS,2.39,3,
Colin Blackwell,2500,NYR,LW,BUF,2.37,4,
Trevor Lewis,2500,WPG,RW,EDM,2.36,4,
Nathan Beaulieu,2600,WPG,D,EDM,2.36,x,
Garnet Hathaway,2500,WAS,RW,NYI,2.36,3,
William Carrier,2500,VGK,LW,STL,2.35,4,
Ryan Carpenter,2500,CHI,RW,NSH,2.35,4,
Frans Nielsen,3000,DET,C,DAL,2.34,4,
Colton Sissons,2600,NSH,RW,CHI,2.33,3,
Maxime Comtois,3000,ANH,LW,ARI,2.33,3,
Nicolas Hague,2500,VGK,D,STL,2.32,x,
Mathieu Olivier,2500,NSH,RW,CHI,2.32,4,
Brad Richardson,2700,NSH,C,CHI,2.31,4,
Adam Larsson,3600,EDM,D,WPG,2.31,x,
Joonas Donskoi,3100,COL,RW,SJ,2.30,3,
Noah Gregor,2500,SJ,RW,COL,2.29,3,
Liam Foudy,2500,CLS,RW,FLA,2.28,3,
Mark Jankowski,3000,PIT,C,BOS,2.28,4,
Mark Borowiecki,3500,NSH,D,CHI,2.28,x,
Pierre Engvall,2500,TOR,C,CGY,2.26,4,
Conor Sheary,2500,WAS,LW,NYI,2.25,4,2
Ryan Hartman,2600,MIN,RW,LA,2.24,4,
Jonas Siegenthaler,2500,WAS,D,NYI,2.24,x,
Colton Sceviour,2500,PIT,LW,BOS,2.23,4,
Marcus Sorensen,2500,SJ,LW,COL,2.23,4,
Mikko Koivu,2500,CLS,C,FLA,2.22,4,
Ivan Barbashev,2500,STL,C,VGK,2.22,4,
Brett Howden,2600,NYR,C,BUF,2.21,3,
Josh Archibald,2500,EDM,RW,WPG,2.19,4,
Nikita Nesterov,2500,CGY,D,TOR,2.19,x,
Dylan Gambrell,2500,SJ,C,COL,2.18,3,
Gustav Forsling,2600,FLA,D,CLS,2.17,x,
Riley Sheahan,2500,BUF,RW,NYR,2.17,4,
Jimmy Vesey,3600,TOR,LW,CGY,2.15,3,
Robert Thomas,2700,STL,C,VGK,2.13,3,
Milan Lucic,2500,CGY,LW,TOR,2.12,4,2
Zach Whitecloud,2900,VGK,D,STL,2.11,x,
Brendan Lemieux,2500,NYR,LW,BUF,2.10,4,
Michael Amadio,2500,LA,C,MIN,2.09,4,2
Marcus Foligno,2600,MIN,RW,LA,2.09,3,
Matthew Highmore,2500,CHI,LW,NSH,2.08,3,
Eric Robinson,2500,CLS,LW,FLA,2.07,3,
Kieffer Bellows,2500,NYI,LW,WAS,2.06,3,
Riley Nash,2500,CLS,C,FLA,2.06,3,
Trevor van Riemsdyk,2500,WAS,D,NYI,2.06,x,
Daniel Sprong,2500,WAS,RW,NYI,2.06,4,2
Jansen Harkins,2500,WPG,LW,EDM,2.05,4,2
Robert Hagg,2600,PHI,D,NJ,2.03,x,
Patrick Russell,2500,EDM,D,WPG,2.03,x,
Pierre-Edouard Bellemare,2500,COL,C,SJ,2.02,4,
Justin Dowling,2500,DAL,LW,DET,2.01,4,2
Caleb Jones,2500,EDM,D,WPG,2.00,x,
Erik Johnson,2700,COL,D,SJ,1.97,x,
Joakim Nordstrom,2500,CGY,RW,TOR,1.94,4,
Niko Mikkola,2500,STL,D,VGK,1.94,x,
Danny DeKeyser,2700,DET,D,DAL,1.91,x,
Teddy Blueger,2900,PIT,C,BOS,1.91,3,
Michael Del Zotto,3500,CLS,D,FLA,1.91,x,
Andrej Sekera,2800,DAL,D,DET,1.90,x,
Andrew Cogliano,2500,DAL,LW,DET,1.88,3,
Mason Appleton,2500,WPG,RW,EDM,1.86,3,
Kurtis MacDermid,2800,LA,D,MIN,1.85,x,
Joey Anderson,2500,TOR,RW,CGY,1.83,4,
Kiefer Sherwood,2500,COL,LW,SJ,1.82,4,
Matt Martin,2500,NYI,LW,WAS,1.79,4,
Carson Soucy,2500,MIN,D,LA,1.78,x,
Pierre-Olivier Joseph,2700,PIT,D,BOS,1.75,x,
Ryan Reaves,2500,VGK,RW,STL,1.75,4,
Victor Rask,2500,MIN,C,LA,1.74,4,
Valtteri Filppula,2500,DET,RW,DAL,1.73,3,
Yakov Trenin,2500,NSH,LW,CHI,1.71,4,
Carl Grundstrom,2500,LA,LW,MIN,1.71,4,
Logan Stanley,2700,WPG,D,EDM,1.70,x,
Travis Boyd,2500,TOR,C,CGY,1.70,4,
Nick Caamano,2500,DAL,RW,DET,1.67,4,
Givani Smith,2500,DET,RW,DAL,1.67,4,
Michael McLeod,2500,NJ,C,PHI,1.65,4,
Jacob Larsson,2800,ANH,D,ARI,1.65,x,
Zach Bogosian,2600,TOR,D,CGY,1.65,x,
Chad Ruhwedel,2500,PIT,D,BOS,1.64,x,
Brad Hunt,2500,MIN,LW,LA,1.58,4,
Nathan Bastian,2500,NJ,RW,PHI,1.57,4,
Connor Bunnaman,2500,PHI,C,NJ,1.55,4,
Kevin Rooney,2500,NYR,RW,BUF,1.55,4,
Lias Andersson,2500,LA,LW,MIN,1.54,3,
Dean Kukan,2500,CLS,D,FLA,1.54,x,
Mark Friedman,2500,PHI,D,NJ,1.54,x,
Ross Johnston,2500,NYI,RW,WAS,1.54,4,
Kyle Clifford,2500,STL,LW,VGK,1.54,4,
Rhett Gardner,2500,DAL,C,DET,1.50,4,
Jujhar Khaira,2500,EDM,C,WPG,1.47,4,
Radim Simek,2500,SJ,D,COL,1.45,x,
Matt Tennyson,2500,NJ,D,PHI,1.40,x,
Nico Sturm,2500,MIN,LW,LA,1.39,4,
Andy Welinski,2500,ANH,D,ARI,1.38,x,
Mark Pysyk,2500,DAL,D,DET,1.30,x,
Nikolai Knyzhov,2500,SJ,D,COL,1.16,x,
Michael Sgarbossa,2500,WAS,C,NYI,1.09,4,
Keegan Kolesar,2500,VGK,RW,STL,0.97,3,
David Gustafsson,2500,WPG,C,EDM,0.51,4,
Eetu Luostarinen,3000,FLA,C,CLS,0.38,3,
Matiss Kivlenieks,6500,CLS,G,FLA,0.0,,
Bokondji Imama,2500,LA,RW,MIN,0.0,5,
Gustav Lindstrom,2500,DET,D,DAL,0.0,x,
Otto Koivula,2500,NYI,RW,WAS,0.0,5,
Collin Delia,6500,CHI,G,NSH,0.0,,
Dominic Toninato,2500,WPG,LW,EDM,0.0,5,
Andrei Altybarmakyan,2500,CHI,RW,NSH,0.0,,
Stuart Skinner,7600,EDM,G,WPG,0.0,,
Cameron Crotty,2500,ARI,D,ANH,0.0,x,
Kyle Criscuolo,2500,DET,C,DAL,0.0,,
Sebastian Aho,2500,NYI,D,WAS,0.0,x,
Urho Vaakanainen,2500,BOS,D,PIT,0.0,x,
Matthew Strome,2500,PHI,LW,NJ,0.0,,
Jake Oettinger,8300,DAL,G,DET,0.0,,
Morgan Frost,2500,PHI,C,NJ,0.0,7,
Evan Barratt,2500,CHI,C,NSH,0.0,,
Adam Ruzicka,2500,CGY,C,TOR,0.0,,
Jason Robertson,2500,DAL,LW,DET,0.0,5,
Aleksi Heponiemi,2500,FLA,LW,CLS,0.0,6,
Mario Kempe,2500,LA,C,MIN,0.0,,
Tim Soderlund,2500,CHI,C,NSH,0.0,,
Tyler Steenbergen,2500,ARI,LW,ANH,0.0,,
Jesper Boqvist,2500,NJ,RW,PHI,0.0,5,
Alex Chmelevski,2500,SJ,RW,COL,0.0,6,
Dylan Samberg,2500,WPG,D,EDM,0.0,x,
Ivan Chekhovich,2500,SJ,LW,COL,0.0,,
Mackenzie Entwistle,2500,CHI,RW,NSH,0.0,5,
Ostap Safin,2500,EDM,RW,WPG,0.0,,
Emil Bemstrom,2500,CLS,RW,FLA,0.0,5,
Antoine Morand,2500,ANH,C,ARI,0.0,,
Nick Henry,2500,COL,RW,SJ,0.0,,
Tanner Jeannot,2500,NSH,LW,CHI,0.0,,
Brian Pinho,2500,WAS,C,NYI,0.0,5,
Anthony Angello,2500,PIT,RW,BOS,0.0,,
Olle Eriksson Ek,6500,ANH,G,ARI,0.0,,
Karson Kuhlman,2500,BOS,RW,PIT,0.0,,
C.J. Suess,2500,WPG,RW,EDM,0.0,6,
Daniel Brickley,2500,LA,D,MIN,0.0,x,
Cooper Marody,2500,EDM,C,WPG,0.0,,
Cameron Johnson,6500,CLS,G,FLA,0.0,,
Mitch Reinke,2500,STL,D,VGK,0.0,x,
Nolan Stevens,2500,STL,C,VGK,0.0,,
Josef Korenar,6500,SJ,G,COL,0.0,,
Brett Seney,2500,NJ,LW,PHI,0.0,,
Mason Marchment,2500,FLA,RW,CLS,0.0,5,
Alex D'Orio,6500,PIT,G,BOS,0.0,,
Dylan Coghlan,2500,VGK,D,STL,0.0,x,
Brennan Menell,2500,MIN,D,LA,0.0,x,
Kaden Fulcher,6500,DET,G,DAL,0.0,,
Dylan Sikura,2500,VGK,LW,STL,0.0,,
Anthony Greco,2500,NYR,RW,BUF,0.0,,
Jacob MacDonald,2500,COL,D,SJ,0.0,x,
Joachim Blichfeld,2500,SJ,RW,COL,0.0,,
Jayden Halbgewachs,2500,SJ,LW,COL,0.0,,
Matthew Phillips,2500,CGY,C,TOR,0.0,,
Patrick Harper,2500,NSH,C,CHI,0.0,,
Jeremy Swayman,6500,BOS,G,PIT,0.0,,
Riley Stillman,2500,FLA,D,CLS,0.0,x,
Sam Lafferty,2500,PIT,LW,BOS,0.0,5,
Rasmus Kupari,2500,LA,C,MIN,0.0,,
Vitali Kravtsov,2500,NYR,RW,BUF,0.0,,
Isac Lundestrom,2500,ANH,LW,ARI,0.0,6,
Bode Wilde,2500,NYI,D,WAS,0.0,x,
Martin Kaut,2500,COL,RW,SJ,0.0,5,
Ryan McLeod,2500,EDM,C,WPG,0.0,,
Nicolas Beaudin,2500,CHI,D,NSH,0.0,x,
Joe Veleno,2500,DET,C,DAL,0.0,,
Ryan Merkley,2500,SJ,D,COL,0.0,x,
Filip Zadina,2700,DET,RW,DAL,0.0,6,
Oliver Wahlstrom,2500,NYI,LW,WAS,0.0,6,
Dmitry Sokolov,2500,MIN,RW,LA,0.0,,
Connor Clifton,2500,BOS,D,PIT,0.0,x,
Travis St. Denis,2500,NJ,RW,PHI,0.0,,
Antti Suomela,2500,SJ,C,COL,0.0,,
Mackenzie MacEachern,2500,STL,C,VGK,0.0,5,
Joel L'Esperance,2500,DAL,LW,DET,0.0,6,
Sheldon Dries,2500,COL,C,SJ,0.0,,
Par Lindholm,2500,BOS,LW,PIT,0.0,5,
Juuso Riikola,2500,PIT,D,BOS,0.0,x,
Mikhail Berdin,6500,WPG,G,EDM,0.0,,
Darren Raddysh,2500,NYR,D,BUF,0.0,x,
Kevin Lankinen,7000,CHI,G,NSH,0.0,,
Dmitri Zavgorodny,2500,CGY,LW,TOR,0.0,,
Martin Fehervary,2500,WAS,D,NYI,0.0,x,
Alec Regula,2500,CHI,D,NSH,0.0,x,
Kody Clark,2500,WAS,RW,NYI,0.0,,
Scott Perunovich,2500,STL,D,VGK,0.0,x,
Lawrence Pilut,2500,BUF,D,NYR,0.0,x,
Jakub Lauko,2500,BOS,C,PIT,0.0,,
Alexander Alexeyev,2500,WAS,D,NYI,0.0,x,
Rasmus Sandin,2500,TOR,D,CGY,0.0,x,
Grant Hutton,2500,NYI,D,WAS,0.0,x,
Joel Hofer,6500,STL,G,VGK,0.0,,
Bobo Carpenter,2500,NYI,LW,WAS,0.0,,
Oskar Steen,2500,BOS,C,PIT,0.0,,
Emilio Pettersen,2500,CGY,C,TOR,0.0,,
Brady Keeper,2500,FLA,D,CLS,0.0,x,
Trevor Zegras,2500,ANH,C,ARI,0.0,,
Peyton Krebs,2500,VGK,C,STL,0.0,,
Thomas Harley,2500,DAL,D,DET,0.0,x,
Matthew Robertson,2500,NYR,D,BUF,0.0,x,
Jakob Pelletier,2500,CGY,LW,TOR,0.0,,
Philip Tomasino,2500,NSH,C,CHI,0.0,6,
Nolan Foote,2500,NJ,LW,PHI,0.0,,
Samuel Poulin,2500,PIT,LW,BOS,0.0,,
Connor McMichael,2500,WAS,LW,NYI,0.0,6,
Nick Robertson,2500,TOR,LW,CGY,0.0,7,
Alex True,2500,SJ,C,COL,0.0,,
Jakub Skarek,6500,NYI,G,WAS,0.0,,
Jan Jenik,2500,ARI,RW,ANH,0.0,,
Logan O'Connor,2500,COL,RW,SJ,0.0,,
Yegor Zamula,2500,PHI,D,NJ,0.0,x,
Benjamin Gleason,2500,DAL,D,DET,0.0,x,
Evan Cormier,6500,NJ,G,PHI,0.0,,
Trey Fix-Wolansky,2500,CLS,RW,FLA,0.0,,
Wyatt Kalynuk,2500,CHI,D,NSH,0.0,x,
Morgan Barron,2500,NYR,C,BUF,0.0,,
Arthur Kaliyev,2500,LA,RW,MIN,0.0,,
Simon Benoit,2500,ANH,D,ARI,0.0,x,
Reese Johnson,2500,CHI,RW,NSH,0.0,6,
Mac Hollowell,2500,TOR,D,CGY,0.0,x,
Kristian Vesalainen,2500,WPG,RW,EDM,0.0,5,
Shane Bowers,2500,COL,C,SJ,0.0,,
Jaret Anderson-Dolan,2500,LA,C,MIN,0.0,5,
Conor Timmins,2500,COL,D,SJ,0.0,x,
Eeli Tolvanen,2500,NSH,LW,CHI,0.0,5,
Casey Mittelstadt,2800,BUF,RW,NYR,0.0,5,
Timothy Liljegren,2500,TOR,D,CGY,0.0,x,
Cody Glass,3200,VGK,C,STL,0.0,6,
Casey DeSmith,7400,PIT,G,BOS,0.0,,
Calle Rosen,2500,TOR,D,CGY,0.0,x,
Giovanni Fiore,2500,ARI,LW,ANH,0.0,,
William Lagesson,2500,EDM,D,WPG,0.0,x,
Sean Malone,2500,NSH,C,CHI,0.0,,
Gabriel Fontaine,2500,NYR,C,BUF,0.0,,
Adam Brooks,2800,TOR,C,CGY,0.0,5,
Hunter Miska,6500,COL,G,SJ,0.0,,
Vinni Lettieri,2500,ANH,LW,ARI,0.0,5,
Jake Bischoff,2500,VGK,D,STL,0.0,x,
Joseph Gambardella,2500,EDM,LW,WPG,0.0,,
C.J. Smith,2500,BUF,LW,NYR,0.0,,
Nick DeSimone,2500,SJ,D,COL,0.0,x,
Mike Vecchione,2500,COL,C,SJ,0.0,,
Lane Pederson,2500,ARI,C,ANH,0.0,,
Calvin Thurkauf,2500,CLS,C,FLA,0.0,,
Landon Bow,6500,DAL,G,DET,0.0,,
Zach Aston-Reese,2500,PIT,LW,BOS,0.0,7,
Gavin Bayreuther,2500,CLS,D,FLA,0.0,x,
Ryan Lomberg,2500,FLA,C,CLS,0.0,5,
Jonny Brodzinski,2500,NYR,RW,BUF,0.0,,
Josh Currie,2500,PIT,RW,BOS,0.0,,
Tanner Fritz,2500,NYI,C,WAS,0.0,,
Colton White,2500,NJ,D,PHI,0.0,x,
Matt Luff,2500,LA,RW,MIN,0.0,6,
Brayden Burke,2500,ARI,LW,ANH,0.0,,
Brandon Crawley,2500,NYR,D,BUF,0.0,x,
Gage Quinney,2500,VGK,C,STL,0.0,5,
Rem Pitlick,2500,NSH,C,CHI,0.0,,
Brandon Gignac,2500,NJ,C,PHI,0.0,,
Josh Mahura,2500,ANH,D,ARI,0.0,x,
Garrett Pilon,2500,WAS,C,NYI,0.0,,
Beck Malenstyn,2500,WAS,LW,NYI,0.0,,
Chase Priskie,2500,FLA,D,CLS,0.0,x,
Kasper Bjorkqvist,2500,PIT,RW,BOS,0.0,,
Nelson Nogier,2500,WPG,D,EDM,0.0,x,
David Rittich,7500,CGY,G,TOR,0.0,,
Yegor Korshkov,2500,TOR,RW,CGY,0.0,,
Cam Dineen,2500,ARI,D,ANH,0.0,x,
Carsen Twarynski,2500,PHI,LW,NJ,0.0,5,
Tanner Kaspick,2500,STL,C,VGK,0.0,,
Matt Filipe,2500,BOS,LW,PIT,0.0,,
Carter Hart,8200,PHI,G,NJ,0.0,,
Libor Hajek,2500,NYR,D,BUF,0.0,x,
Rasmus Asplund,2500,BUF,RW,NYR,0.0,,
Dennis Cholowski,2500,DET,D,DAL,0.0,x,
German Rubtsov,2500,PHI,C,NJ,0.0,,
Cliff Pu,2500,CLS,RW,FLA,0.0,,
Julien Gauthier,2500,NYR,RW,BUF,0.0,5,
Tim Gettinger,2500,NYR,LW,BUF,0.0,,
Cam Morrison,2500,CHI,LW,NSH,0.0,,
Frederic Allard,2500,NSH,D,CHI,0.0,x,
Dillon Dube,3200,CGY,RW,TOR,0.0,6,
Chad Krys,2500,CHI,D,NSH,0.0,x,
Jonathan Dahlen,2500,SJ,C,COL,0.0,,
Joseph Woll,6500,TOR,G,CGY,0.0,,
Henrik Borgstrom,2500,FLA,C,CLS,0.0,,
Tage Thompson,3300,BUF,RW,NYR,0.0,6,
Tyler Benson,2500,EDM,LW,WPG,0.0,,
Andrew Peeke,2500,CLS,D,FLA,0.0,x,
Anthony Richard,2500,NSH,C,CHI,0.0,,
Sam Anas,2500,STL,C,VGK,0.0,,
Paul LaDue,2500,WAS,D,NYI,0.0,x,
Luke Johnson,2500,MIN,LW,LA,0.0,5,
Michal Kempny,2500,WAS,D,NYI,0.0,x,
Anton Lindholm,2500,CHI,D,NSH,0.0,x,
Alexander Nylander,2500,CHI,LW,NSH,0.0,8,
Kole Sherwood,2500,CLS,RW,FLA,0.0,,
Nick Jensen,2500,WAS,D,NYI,0.0,x,
Kyle Capobianco,2500,ARI,D,ANH,0.0,x,
Dennis Gilbert,2500,COL,D,SJ,0.0,x,
Michael Bunting,2500,ARI,LW,ANH,0.0,,
Kevin Boyle,6500,DET,G,DAL,0.0,,
Kalle Kossila,2500,TOR,C,CGY,0.0,,
Alex Lyon,6500,PHI,G,NJ,0.0,,
Igor Shesterkin,7500,NYR,G,BUF,0.0,,
Dryden Hunt,2500,ARI,LW,ANH,0.0,5,
Andrew Poturalski,2500,ANH,C,ARI,0.0,,
Dan Renouf,2500,COL,D,SJ,0.0,x,
Matt Benning,2500,NSH,D,CHI,0.0,x,
Kasimir Kaskisuo,6500,NSH,G,CHI,0.0,,
Robert Lantosi,2500,BOS,RW,PIT,0.0,,
Justin Richards,2500,NYR,C,BUF,0.0,,
Alexei Melnichuk,6500,SJ,G,COL,0.0,,
Radim Zohorna,2500,PIT,C,BOS,0.0,,
Theodor Lennstrom,2500,EDM,D,WPG,0.0,x,
Linus Sandin,2500,PHI,RW,NJ,0.0,,
Fredrik Handemark,2500,SJ,LW,COL,0.0,5,
Tyson Foerster,2500,PHI,RW,NJ,0.0,,
Matej Chalupa,2500,CHI,RW,NSH,0.0,,
Kodie Curran,2500,ANH,D,ARI,0.0,x,
Josh Maniscalco,2500,PIT,D,BOS,0.0,x,
Peter Tischke,2500,COL,D,SJ,0.0,x,
Wyatte Wylie,2500,PHI,D,NJ,0.0,x,
Brandon Biro,2500,BUF,LW,NYR,0.0,,
Cam Lee,2500,PIT,D,BOS,0.0,x,
Nick Wolff,2500,BOS,D,PIT,0.0,x,
Ryan McGregor,2500,ARI,C,ANH,0.0,,
Cole Smith,2500,NSH,LW,CHI,0.0,,
Nathan Sucese,2500,ARI,LW,ANH,0.0,,
Connor Mackey,2500,CGY,D,TOR,0.0,x,
Jack Ahcan,2500,BOS,D,PIT,0.0,x,
Alexander Barabanov,2500,TOR,RW,CGY,0.0,5,
Brinson Pasichnuk,2500,SJ,D,COL,0.0,x,
Hugh McGing,2500,STL,LW,VGK,0.0,,
Tyler Tucker,2500,STL,D,VGK,0.0,x,
Chase Pearson,2500,DET,C,DAL,0.0,,
Matt Tomkins,6500,CHI,G,NSH,0.0,,
Connor Zary,2500,CGY,C,TOR,0.0,,
Jack Quinn,2500,BUF,RW,NYR,0.0,,
Jake Neighbours,2500,STL,LW,VGK,0.0,6,
Jake Christiansen,2500,CLS,D,FLA,0.0,x,
Mason Jobst,2500,NYI,C,WAS,0.0,,
Jimmy Schuldt,2500,VGK,D,STL,0.0,x,
Jeremy Davies,2500,NSH,D,CHI,0.0,x,
Kirby Dach,2500,CHI,C,NSH,0.0,6,
Philip Broberg,2500,EDM,D,WPG,0.0,x,
Victor Soderstrom,2500,ARI,D,ANH,0.0,x,
Artyom Zagidulin,6500,CGY,G,TOR,0.0,,
Ivan Prosvetov,6500,ARI,G,ANH,0.0,,
Gilles Senn,6500,NJ,G,PHI,0.0,,
Josh Wilkins,2500,NSH,C,CHI,0.0,,
Ville Heinola,2500,WPG,D,EDM,0.0,x,
Tobias Bjornfot,2500,LA,D,MIN,0.0,x,
Simon Holmstrom,2500,NYI,RW,WAS,0.0,,
Joel Kellman,2500,SJ,C,COL,0.0,5,
Teemu Kivihalme,2500,TOR,D,CGY,0.0,x,
Carl-Johan Lerby,2500,CGY,D,TOR,0.0,x,
Arttu Ruotsalainen,2500,BUF,C,NYR,0.0,,
Dustin Wolf,6500,CGY,G,TOR,0.0,,
Michal Teply,2500,CHI,LW,NSH,0.0,,
Gerald Mayhew,2500,MIN,C,LA,0.0,5,
Alexander Yelesin,2500,CGY,D,TOR,0.0,x,
Brayden Tracey,2500,ANH,LW,ARI,0.0,,
Nathan Legare,2500,PIT,RW,BOS,0.0,,
Mikhail Maltsev,2500,NJ,C,PHI,0.0,5,
Samuel Bolduc,2500,NYI,D,WAS,0.0,x,
Joakim Nygard,2500,EDM,LW,WPG,0.0,6,
Rodrigo Abols,2500,FLA,C,CLS,0.0,,
Lean Bergmann,2500,SJ,LW,COL,0.0,,
Jeffrey Viel,2500,SJ,LW,COL,0.0,6,
Joel Kiviranta,3700,DAL,LW,DET,0.0,8,
Emil Larmi,6500,PIT,G,BOS,0.0,,
Tarmo Reunanen,2500,NYR,D,BUF,0.0,x,
Joona Luoto,2500,WPG,LW,EDM,0.0,,
Philippe Maillet,2500,WAS,C,NYI,0.0,,
Gaetan Haas,2500,EDM,C,WPG,0.0,7,
Anton Blidh,2500,BOS,LW,PIT,0.0,,
Sami Niku,2500,WPG,D,EDM,0.0,x,
Cameron Hughes,2500,BOS,C,PIT,0.0,,
Brendan Guhle,2500,ANH,D,ARI,0.0,x,
Austin Strand,2500,LA,D,MIN,0.0,x,
Will Borgen,2500,BUF,D,NYR,0.0,x,
Lucas Wallmark,2700,CHI,C,NSH,0.0,5,
A.J. Greer,2500,NYI,LW,WAS,0.0,,
Dmytro Timashov,2500,NYI,LW,WAS,0.0,7,
Ondrej Kase,3200,BOS,RW,PIT,0.0,6,
David Kase,2500,PHI,LW,NJ,0.0,,
Yegor Rykov,2500,NYR,D,BUF,0.0,x,
Gabriel Carlsson,2500,CLS,D,FLA,0.0,x,
Denis Malgin,2500,TOR,RW,CGY,0.0,,
Aleksi Saarela,2500,FLA,C,CLS,0.0,,
Zachary Senyshyn,2500,BOS,RW,PIT,0.0,,
Alexandre Carrier,2500,NSH,D,CHI,0.0,x,
Oliver Kylington,2500,CGY,D,TOR,0.0,x,
Thomas Novak,2500,NSH,C,CHI,0.0,,
Austin Wagner,2500,LA,LW,MIN,0.0,5,
Blake Speers,2500,ARI,C,ANH,0.0,,
Nicolas Meloche,2500,SJ,D,COL,0.0,x,
Parker Wotherspoon,2500,NYI,D,WAS,0.0,x,
Travis Dermott,2500,TOR,D,CGY,0.0,x,
Anthony Beauvillier,3400,NYI,LW,WAS,0.0,5,
Callum Booth,6500,BOS,G,PIT,0.0,,
Samuel Montembeault,6500,FLA,G,CLS,0.0,,
Adin Hill,7800,ARI,G,ANH,0.0,,
Daniel Vladar,6500,BOS,G,PIT,0.0,,
Adam Huska,6500,NYR,G,BUF,0.0,,
Felix Sandstrom,6500,PHI,G,NJ,0.0,,
Adam Werner,6500,COL,G,SJ,0.0,,
Veini Vehvilainen,6500,CLS,G,FLA,0.0,,
Erik Gustafsson,2800,PHI,D,NJ,0.0,x,
Mitchell Vande Sompel,2500,NYI,D,WAS,0.0,x,
Glenn Gawdin,2500,CGY,C,TOR,0.0,,
Noah Juulsen,2500,FLA,D,CLS,0.0,x,
Evgeny Svechnikov,2500,DET,RW,DAL,0.0,,
Jean-Sebastien Dea,2500,BUF,C,NYR,0.0,,
Joe Hicketts,2500,DET,D,DAL,0.0,x,
Turner Elson,2500,DET,LW,DAL,0.0,,
Chase De Leo,2500,ANH,C,ARI,0.0,,
Curtis McKenzie,2500,STL,LW,VGK,0.0,,
Joel Hanley,2500,DAL,D,DET,0.0,x,
Chris Driedger,7300,FLA,G,CLS,0.0,,
Buddy Robinson,2500,CGY,RW,TOR,0.0,5,
Joshua Jacobs,2500,NJ,D,PHI,0.0,x,
Maxim Letunov,2500,SJ,C,COL,0.0,,
Austin Poganski,2500,STL,C,VGK,0.0,6,
Justin Kirkland,2500,CGY,LW,TOR,0.0,,
Vladislav Kamenev,2500,COL,RW,SJ,0.0,,
Jonas Johansson,6500,BUF,G,NYR,0.0,,
Dominic Turgeon,2500,DET,C,DAL,0.0,,
Elvis Merzlikins,7800,CLS,G,FLA,0.0,,
Nathan Walker,2500,STL,LW,VGK,0.0,,
Ilya Sorokin,7900,NYI,G,WAS,0.0,,
Shane Gersich,2500,WAS,C,NYI,0.0,,
Louis Belpedio,2500,MIN,D,LA,0.0,x,
Jake Walman,2500,STL,D,VGK,0.0,x,
Ben Harpur,2500,NSH,D,CHI,0.0,x,
Andrew Agozzino,2500,ANH,LW,ARI,0.0,,
Scott Wilson,2500,FLA,LW,CLS,0.0,,
Frederick Gaudreau,2500,PIT,C,BOS,0.0,,
Reid Duke,2500,VGK,C,STL,0.0,,
Kyle Burroughs,2500,COL,D,SJ,0.0,x,
Daniel Carr,2500,WAS,LW,NYI,0.0,5,
Sammy Blais,2500,STL,LW,VGK,0.0,5,
Jacob Middleton,2500,SJ,D,COL,0.0,x,
Dakota Mermis,2500,MIN,D,LA,0.0,x,
Tyler Lewington,2500,NSH,D,CHI,0.0,x,
Danick Martel,2500,NJ,LW,PHI,0.0,,
Cole Bardreau,2500,NYI,C,WAS,0.0,,
Ben Hutton,2500,ANH,D,ARI,0.0,x,
Juuse Saros,8300,NSH,G,CHI,0.0,,
Ville Husso,7200,STL,G,VGK,0.0,,
Zane McIntyre,6500,PHI,G,NJ,0.0,,
Fredrik Claesson,2500,SJ,D,COL,0.0,x,
Jaycob Megna,2500,SJ,D,COL,0.0,x,
Austin Czarnik,2500,NYI,C,WAS,0.0,6,
Connor Carrick,2500,NJ,D,PHI,0.0,x,
Brandon Davidson,2500,BUF,D,NYR,0.0,x,
Danny O'Regan,2500,VGK,C,STL,0.0,,
Kevin Czuczman,2500,PIT,D,BOS,0.0,x,
Pheonix Copley,6500,WAS,G,NYI,0.0,,
Laurent Brossoit,7500,WPG,G,EDM,0.0,,
Josh Manson,2500,ANH,D,ARI,0.0,x,
Trevor Carrick,2500,SJ,D,COL,0.0,x,
Riley Barber,2500,DET,RW,DAL,0.0,5,
Will Butcher,2500,NJ,D,PHI,0.0,x,
Hudson Fasching,2500,ARI,RW,ANH,0.0,,
Bogdan Yakimov,2500,EDM,C,WPG,0.0,,
Peter Cehlarik,2500,BOS,LW,PIT,0.0,,
Tyrell Goulbourne,2500,VGK,LW,STL,0.0,,
John Hayden,2500,ARI,RW,ANH,0.0,5,
Zach Fucale,6500,WAS,G,NYI,0.0,,
Steve Santini,2500,STL,D,VGK,0.0,x,
Carl Dahlstrom,2500,VGK,D,STL,0.0,x,
Philippe Desrosiers,6500,FLA,G,CLS,0.0,,
Jon Gillies,6500,STL,G,VGK,0.0,,
Patrick Brown,2500,VGK,C,STL,0.0,,
John Quenneville,2500,CHI,RW,NSH,0.0,,
Ryan MacInnis,2500,CLS,RW,FLA,0.0,,
Dysin Mayo,2500,ARI,D,ANH,0.0,x,
David Pastrnak,8000,BOS,RW,PIT,0.0,5,
Sonny Milano,2500,ANH,RW,ARI,0.0,6,
Josh Ho-Sang,2500,NYI,RW,WAS,0.0,,
Julius Honka,2500,DAL,D,DET,0.0,x,
Kenny Agostino,2500,TOR,LW,CGY,0.0,,
Seth Griffith,2500,EDM,C,WPG,0.0,,
Andrew Hammond,6500,MIN,G,LA,0.0,,
Brian Lashoff,2500,DET,D,DAL,0.0,x,
Jacob De La Rose,2500,STL,RW,VGK,0.0,5,
Frederik Gauthier,2500,ARI,C,ANH,0.0,6,
Eric Comrie,6500,NJ,G,PHI,0.0,,
Chris Bigras,2500,PHI,D,NJ,0.0,x,
Samuel Morin,2500,PHI,RW,NJ,0.0,5,
Antti Raanta,6500,ARI,G,ANH,0.0,,
Ian McCoshen,2500,MIN,D,LA,0.0,x,
Michael McCarron,2500,NSH,C,CHI,0.0,5,
Nicolas Petan,2500,TOR,LW,CGY,0.0,,
Marko Dano,2500,WPG,LW,EDM,0.0,,
Anthony Stolarz,6500,ANH,G,ARI,0.0,,
Devin Shore,2500,EDM,C,WPG,0.0,5,
Anton Forsberg,6500,WPG,G,EDM,0.0,,
Ben Street,2500,NJ,LW,PHI,0.0,,
Max Lagace,6500,PIT,G,BOS,0.0,,
Jayson Megna,2500,COL,RW,SJ,0.0,,
Alex Biega,2500,DET,D,DAL,0.0,x,
Oscar Dansk,6500,VGK,G,STL,0.0,,
Martin Frk,2500,LA,RW,MIN,0.0,7,
Derrick Pouliot,2500,PHI,D,NJ,0.0,x,
Mike Matheson,2500,PIT,D,BOS,0.0,x,
Stefan Matteau,2500,CLS,RW,FLA,0.0,6,
Gustav Nyquist,2500,CLS,LW,FLA,0.0,6,
Matt Irwin,2500,BUF,D,NYR,0.0,x,
Keith Kinkaid,6500,NYR,G,BUF,0.0,,
Zac Rinaldo,2500,CGY,LW,TOR,0.0,5,
Jarred Tinordi,2500,NSH,D,CHI,0.0,x,
Alex Petrovic,2500,CGY,D,TOR,0.0,x,
Martin Marincin,2500,TOR,D,CGY,0.0,x,
Greg McKegg,2500,BOS,C,PIT,0.0,6,
David Warsofsky,2500,TOR,D,CGY,0.0,x,
Michael Chaput,2500,ARI,C,ANH,0.0,5,
Mark Alt,2500,LA,D,MIN,0.0,x,
Vladimir Tarasenko,4500,STL,RW,VGK,0.0,7,
Dylan McIlrath,2500,DET,D,DAL,0.0,x,
Calvin Pickard,6500,DET,G,DAL,0.0,,
Calle Jarnkrok,2500,NSH,RW,CHI,0.0,6,
Brandon Pirri,2500,CHI,LW,NSH,0.0,7,
Kevin Connauton,2500,FLA,D,CLS,0.0,x,
Carter Hutton,7700,BUF,G,NYR,0.0,,
Steve Kampfer,2500,BOS,D,PIT,0.0,x,
Matt Bartkowski,2500,MIN,D,LA,0.0,x,
Nate Prosser,2500,PHI,D,NJ,0.0,x,
Alan Quine,2500,EDM,C,WPG,0.0,6,
Kyle Rau,2500,MIN,RW,LA,0.0,5,
Steven Fogarty,2500,BUF,RW,NYR,0.0,,
Andy Andreoff,2500,PHI,C,NJ,0.0,5,
Robert Bortuzzo,2500,STL,D,VGK,0.0,x,
Taylor Fedun,2500,DAL,D,DET,0.0,x,
Zach Trotman,2500,PIT,D,BOS,0.0,x,
Cameron Schilling,2500,WAS,D,NYI,0.0,x,
Anthony Bitetto,2500,NYR,D,BUF,0.0,x,
Sam Carrick,2500,ANH,C,ARI,0.0,,
Gabriel Dumont,2500,MIN,C,LA,0.0,,
Paul Carey,2500,BOS,RW,PIT,0.0,,
Leo Komarov,2500,NYI,C,WAS,0.0,5,
Zemgus Girgensons,2500,BUF,LW,NYR,0.0,5,
Olli Maatta,3100,LA,D,MIN,0.0,x,
Pontus Aberg,2500,PIT,RW,BOS,0.0,,
Slater Koekkoek,2600,EDM,D,WPG,0.0,x,
Tyler Wotherspoon,2500,PHI,D,NJ,0.0,x,
Adam Clendening,2500,CLS,D,FLA,0.0,x,
Stefan Noesen,2500,SJ,RW,COL,0.0,5,
Tomas Jurco,2500,VGK,LW,STL,0.0,5,
Rocco Grimaldi,2700,NSH,RW,CHI,0.0,5,
Scott Harrington,2500,CLS,D,FLA,0.0,x,
T.J. Tynan,2500,COL,RW,SJ,0.0,,
Brett Ritchie,2500,CGY,RW,TOR,0.0,,
Byron Froese,2500,CGY,C,TOR,0.0,,
Louis Domingue,6500,CGY,G,TOR,0.0,,
Miikka Salomaki,2500,COL,LW,SJ,0.0,,
Zac Dalpe,2500,CLS,C,FLA,0.0,,
Luca Sbisa,2500,NSH,D,CHI,0.0,x,
Nathan Gerbe,2500,CLS,RW,FLA,0.0,5,
Darren Helm,2500,DET,LW,DAL,0.0,5,
Tommy Cross,2500,FLA,D,CLS,0.0,x,
Thomas Hickey,2500,NYI,D,WAS,0.0,x,
Alex Chiasson,2500,EDM,RW,WPG,0.0,5,
Oliver Ekman-Larsson,5500,ARI,D,ANH,0.0,x,
Michael Hutchinson,6500,TOR,G,CGY,0.0,,
Michael Stone,2500,CGY,D,TOR,0.0,x,
Tyler Ennis,2500,EDM,LW,WPG,0.0,5,
Aaron Ness,2500,ARI,D,ANH,0.0,x,
Carl Gunnarsson,2500,STL,D,VGK,0.0,x,
Greg Pateryn,2600,COL,D,SJ,0.0,x,
Jamie Benn,4900,DAL,LW,DET,0.0,7,
Zack Smith,2500,CHI,C,NSH,0.0,,
Nick Holden,2500,VGK,D,STL,0.0,x,
Jonathan Toews,5000,CHI,C,NSH,0.0,5,
Jonathan Quick,7100,LA,G,MIN,0.0,,
Nate Thompson,2500,WPG,C,EDM,0.0,6,
Jack Johnson,2500,NYR,D,BUF,0.0,x,
Jaroslav Halak,7700,BOS,G,PIT,0.0,,
Jonathan Bernier,6600,DET,G,DAL,0.0,,
Ryan Miller,7400,ANH,G,ARI,0.0,,
Alexander Steen,2500,STL,LW,VGK,0.0,7,
Craig Anderson,7100,WAS,G,NYI,0.0,,
Marc-Andre Fleury,7900,VGK,G,STL,0.0,,
Joe Thornton,3200,TOR,LW,CGY,0.0,6,
Jason Spezza,2500,TOR,LW,CGY,0.0,5,
Brent Seabrook,2500,CHI,D,NSH,0.0,x,
Brandon Dubinsky,2500,CLS,C,FLA,0.0,6,
Bryan Little,2500,WPG,C,EDM,0.0,7,
Cory Schneider,6500,NYI,G,WAS,0.0,,
Henrik Lundqvist,6500,WAS,G,NYI,0.0,,
David Backes,2500,ANH,RW,ARI,0.0,5,
Andrew Ladd,2500,NYI,LW,WAS,0.0,,
Devan Dubnyk,6700,SJ,G,COL,0.0,,
Mike Smith,6500,EDM,G,WPG,0.0,,
