CAPT,FLEX,FLEX,FLEX,FLEX,FLEX
Davante Adams,Tom Brady,Chris Godwin,Mike Evans,Scotty Miller,Jamaal Williams
Tom Brady,Chris Godwin,Mike Evans,Davante Adams,Scotty Miller,Jamaal Williams
Davante Adams,Tom Brady,Chris Godwin,Aaron Jones,Tampa Bay Buccaneers,Scotty Miller
Davante Adams,Aaron Rodgers,Tom Brady,Chris Godwin,Scotty Miller,Equanimeous St. Brown
Tyler Johnson,Tom Brady,Chris Godwin,Mike Evans,Davante Adams,Aaron Jones
Aaron Rodgers,Tom Brady,Chris Godwin,Davante Adams,Scotty Miller,Equanimeous St. Brown
Jamaal Williams,Aaron Rodgers,Chris Godwin,Mike Evans,Davante Adams,Allen Lazard
Chris Godwin,Tom Brady,Mike Evans,Davante Adams,Rob Gronkowski,Jamaal Williams
Tom Brady,Chris Godwin,Davante Adams,Aaron Jones,Tampa Bay Buccaneers,Scotty Miller
Chris Godwin,Tom Brady,Davante Adams,Aaron Jones,Rob Gronkowski,Scotty Miller
Mike Evans,Tom Brady,Chris Godwin,Davante Adams,Scotty Miller,Jamaal Williams
Tom Brady,Aaron Rodgers,Chris Godwin,Davante Adams,Scotty Miller,Equanimeous St. Brown
Davante Adams,Tom Brady,Mike Evans,Aaron Jones,Scotty Miller,Tyler Johnson
Scotty Miller,Aaron Rodgers,Chris Godwin,Davante Adams,Aaron Jones,Allen Lazard
Aaron Rodgers,Tom Brady,Mike Evans,Davante Adams,Scotty Miller,Malik Taylor
Davante Adams,Tom Brady,Chris Godwin,Mike Evans,Rob Gronkowski,Tyler Johnson
Scotty Miller,Aaron Rodgers,Tom Brady,Chris Godwin,Davante Adams,Marquez Valdes-Scantling
Chris Godwin,Tom Brady,Mike Evans,Robert Tonyan,Davante Adams,Tyler Johnson
Chris Godwin,Tom Brady,Mike Evans,Davante Adams,Scotty Miller,Marquez Valdes-Scantling
Tom Brady,Aaron Rodgers,Mike Evans,Davante Adams,Scotty Miller,Marcedes Lewis
