C,C,W,W,W,D,D,G,UTIL,,Instructions,,,,,,,,
16226459,16226461,16226611,16226621,16226653,16226883,16226967,16227114,16226663,,1. Locate the player you want to select in the list below ,,,,,,,,
16226459,16226469,16226611,16226621,16226653,16226883,16226967,16227114,16226649,,2. Copy the ID of your player (you can use the Name + ID column or the ID column) ,,,,,,,,
16226459,16226469,16226611,16226607,16226653,16226883,16226967,16227125,16226649,,3. Paste the ID into the roster position desired ,,,,,,,,
16226459,16226461,16226611,16226621,16226649,16226883,16226967,16227125,16226663,,4. You must include an ID for each player; you cannot use just the player's name ,,,,,,,,
16226459,16226461,16226611,16226609,16226621,16226967,16226901,16227125,16226663,,5. You can create up to 500 lineups per file ,,,,,,,,
16226459,16226461,16226611,16226607,16226621,16226883,16226967,16227125,16226701,,,,,,,,,,
16226459,16226461,16226611,16226621,16226631,16226877,16226967,16227125,16226663,,Position,Name + ID,Name,ID,Roster Position,Salary,Game Info,TeamAbbrev,AvgPointsPerGame
16226461,16226469,16226611,16226621,16226653,16226883,16226967,16227125,16226649,,G,Robin Lehner (16227109),Robin Lehner,16227109,G,8400,VGK@ARI 01/24/2021 04:00PM ET,VGK,11.23
16226461,16226469,16226621,16226615,16226653,16226883,16226967,16227114,16226649,,LW,Alex Ovechkin (16226603),Alex Ovechkin,16226603,W/UTIL,8300,BUF@WAS 01/24/2021 03:00PM ET,WAS,14.05
16226461,16226469,16226607,16226615,16226653,16226883,16226967,16227125,16226649,,C,Auston Matthews (16226449),Auston Matthews,16226449,C/UTIL,8300,TOR@CGY 01/24/2021 04:00PM ET,TOR,17.68
16226459,16226469,16226611,16226615,16226653,16226883,16226967,16227122,16226649,,G,Vitek Vanecek (16227110),Vitek Vanecek,16227110,G,8200,BUF@WAS 01/24/2021 03:00PM ET,WAS,12.6
16226459,16226461,16226611,16226607,16226621,16226967,16226893,16227125,16226663,,G,Marc-Andre Fleury (16227111),Marc-Andre Fleury,16227111,G,8200,VGK@ARI 01/24/2021 04:00PM ET,VGK,15.45
16226461,16226469,16226607,16226621,16226653,16226883,16226967,16227122,16226649,,G,Craig Anderson (16227113),Craig Anderson,16227113,G,8000,BUF@WAS 01/24/2021 03:00PM ET,WAS,0
16226459,16226461,16226611,16226621,16226647,16226883,16226967,16227122,16226663,,G,Malcolm Subban (16227112),Malcolm Subban,16227112,G,8000,DET@CHI 01/24/2021 12:30PM ET,CHI,2.1
16226453,16226459,16226611,16226621,16226663,16226967,16226901,16227122,16226461,,G,Collin Delia (16227115),Collin Delia,16227115,G,7800,DET@CHI 01/24/2021 12:30PM ET,CHI,4.55
16226459,16226469,16226611,16226615,16226653,16226883,16226967,16227114,16226663,,G,Jacob Markstrom (16227114),Jacob Markstrom,16227114,G,7800,TOR@CGY 01/24/2021 04:00PM ET,CGY,19.3
16226459,16226461,16226611,16226621,16226653,16226883,16226913,16227125,16226663,,C,Jack Eichel (16226451),Jack Eichel,16226451,C/UTIL,7700,BUF@WAS 01/24/2021 03:00PM ET,BUF,13
16226451,16226459,16226611,16226621,16226663,16226967,16226913,16227125,16226461,,RW,Patrick Kane (16226605),Patrick Kane,16226605,W/UTIL,7600,DET@CHI 01/24/2021 12:30PM ET,CHI,15.08
16226453,16226459,16226611,16226621,16226619,16226967,16226901,16227125,16226663,,G,Frederik Andersen (16227116),Frederik Andersen,16227116,G,7600,TOR@CGY 01/24/2021 04:00PM ET,TOR,12.02
16226451,16226481,16226607,16226615,16226657,16226883,16226967,16227125,16226645,,G,David Rittich (16227117),David Rittich,16227117,G,7600,TOR@CGY 01/24/2021 04:00PM ET,CGY,0
,,,,,,,,,,G,Thomas Greiss (16227118),Thomas Greiss,16227118,G,7400,DET@CHI 01/24/2021 12:30PM ET,DET,12.67
,,,,,,,,,,G,Jack Campbell (16227119),Jack Campbell,16227119,G,7400,TOR@CGY 01/24/2021 04:00PM ET,TOR,10.9
,,,,,,,,,,LW,Max Pacioretty (16226607),Max Pacioretty,16226607,W/UTIL,7300,VGK@ARI 01/24/2021 04:00PM ET,VGK,14.76
,,,,,,,,,,G,Jonathan Bernier (16227121),Jonathan Bernier,16227121,G,7200,DET@CHI 01/24/2021 12:30PM ET,DET,16.85
,,,,,,,,,,G,Darcy Kuemper (16227120),Darcy Kuemper,16227120,G,7200,VGK@ARI 01/24/2021 04:00PM ET,ARI,9.7
,,,,,,,,,,C,John Tavares (16226453),John Tavares,16226453,C/UTIL,7100,TOR@CGY 01/24/2021 04:00PM ET,TOR,15.1
,,,,,,,,,,RW,Mitchell Marner (16226609),Mitchell Marner,16226609,W/UTIL,7100,TOR@CGY 01/24/2021 04:00PM ET,TOR,12.43
,,,,,,,,,,G,Linus Ullmark (16227122),Linus Ullmark,16227122,G,7000,BUF@WAS 01/24/2021 03:00PM ET,BUF,9.05
,,,,,,,,,,G,Adin Hill (16227123),Adin Hill,16227123,G,7000,VGK@ARI 01/24/2021 04:00PM ET,ARI,0
,,,,,,,,,,D,John Carlson (16226877),John Carlson,16226877,D/UTIL,6900,BUF@WAS 01/24/2021 03:00PM ET,WAS,11.7
,,,,,,,,,,RW,Matthew Tkachuk (16226611),Matthew Tkachuk,16226611,W/UTIL,6900,TOR@CGY 01/24/2021 04:00PM ET,CGY,15.83
,,,,,,,,,,LW,Taylor Hall (16226613),Taylor Hall,16226613,W/UTIL,6800,BUF@WAS 01/24/2021 03:00PM ET,BUF,12.28
,,,,,,,,,,G,Carter Hutton (16227124),Carter Hutton,16227124,G,6800,BUF@WAS 01/24/2021 03:00PM ET,BUF,8.3
,,,,,,,,,,C,Dylan Larkin (16226455),Dylan Larkin,16226455,C/UTIL,6700,DET@CHI 01/24/2021 12:30PM ET,DET,14.56
,,,,,,,,,,RW,Mark Stone (16226615),Mark Stone,16226615,W/UTIL,6700,VGK@ARI 01/24/2021 04:00PM ET,VGK,13.48
,,,,,,,,,,D,Shea Theodore (16226879),Shea Theodore,16226879,D/UTIL,6600,VGK@ARI 01/24/2021 04:00PM ET,VGK,16.56
,,,,,,,,,,G,Pheonix Copley (16227126),Pheonix Copley,16227126,G,6500,BUF@WAS 01/24/2021 03:00PM ET,WAS,0
,,,,,,,,,,G,Jonas Johansson (16227131),Jonas Johansson,16227131,G,6500,BUF@WAS 01/24/2021 03:00PM ET,BUF,2.1
,,,,,,,,,,G,Zach Fucale (16227132),Zach Fucale,16227132,G,6500,BUF@WAS 01/24/2021 03:00PM ET,WAS,0
,,,,,,,,,,G,Ilya Samsonov (16227133),Ilya Samsonov,16227133,G,6500,BUF@WAS 01/24/2021 03:00PM ET,WAS,7.85
,,,,,,,,,,G,Henrik Lundqvist (16227134),Henrik Lundqvist,16227134,G,6500,BUF@WAS 01/24/2021 03:00PM ET,WAS,0
,,,,,,,,,,LW,Alex DeBrincat (16226617),Alex DeBrincat,16226617,W/UTIL,6500,DET@CHI 01/24/2021 12:30PM ET,CHI,11.98
,,,,,,,,,,G,Kevin Lankinen (16227125),Kevin Lankinen,16227125,G,6500,DET@CHI 01/24/2021 12:30PM ET,CHI,12.75
,,,,,,,,,,G,Calvin Pickard (16227130),Calvin Pickard,16227130,G,6500,DET@CHI 01/24/2021 12:30PM ET,DET,0
,,,,,,,,,,G,Cale Morris (16227135),Cale Morris,16227135,G,6500,DET@CHI 01/24/2021 12:30PM ET,CHI,0
,,,,,,,,,,G,Matt Tomkins (16227136),Matt Tomkins,16227136,G,6500,DET@CHI 01/24/2021 12:30PM ET,CHI,0
,,,,,,,,,,G,Kevin Boyle (16227143),Kevin Boyle,16227143,G,6500,DET@CHI 01/24/2021 12:30PM ET,DET,0
,,,,,,,,,,G,Kaden Fulcher (16227144),Kaden Fulcher,16227144,G,6500,DET@CHI 01/24/2021 12:30PM ET,DET,0
,,,,,,,,,,G,Jimmy Howard (16227145),Jimmy Howard,16227145,G,6500,DET@CHI 01/24/2021 12:30PM ET,DET,0
,,,,,,,,,,G,Pat Nagle (16227146),Pat Nagle,16227146,G,6500,DET@CHI 01/24/2021 12:30PM ET,DET,0
,,,,,,,,,,G,Antti Raanta (16227127),Antti Raanta,16227127,G,6500,VGK@ARI 01/24/2021 04:00PM ET,ARI,17.2
,,,,,,,,,,G,Ivan Prosvetov (16227137),Ivan Prosvetov,16227137,G,6500,VGK@ARI 01/24/2021 04:00PM ET,ARI,0
,,,,,,,,,,G,Oscar Dansk (16227141),Oscar Dansk,16227141,G,6500,VGK@ARI 01/24/2021 04:00PM ET,VGK,0
,,,,,,,,,,G,Louis Domingue (16227128),Louis Domingue,16227128,G,6500,TOR@CGY 01/24/2021 04:00PM ET,CGY,0
,,,,,,,,,,G,Michael Hutchinson (16227129),Michael Hutchinson,16227129,G,6500,TOR@CGY 01/24/2021 04:00PM ET,TOR,0
,,,,,,,,,,G,Artyom Zagidulin (16227138),Artyom Zagidulin,16227138,G,6500,TOR@CGY 01/24/2021 04:00PM ET,CGY,0
,,,,,,,,,,G,Garret Sparks (16227139),Garret Sparks,16227139,G,6500,TOR@CGY 01/24/2021 04:00PM ET,CGY,0
,,,,,,,,,,G,Dustin Wolf (16227140),Dustin Wolf,16227140,G,6500,TOR@CGY 01/24/2021 04:00PM ET,CGY,0
,,,,,,,,,,G,Joseph Woll (16227142),Joseph Woll,16227142,G,6500,TOR@CGY 01/24/2021 04:00PM ET,TOR,0
,,,,,,,,,,D,Mark Giordano (16226881),Mark Giordano,16226881,D/UTIL,6400,TOR@CGY 01/24/2021 04:00PM ET,CGY,12.73
,,,,,,,,,,D,Alex Pietrangelo (16226883),Alex Pietrangelo,16226883,D/UTIL,6300,VGK@ARI 01/24/2021 04:00PM ET,VGK,12.78
,,,,,,,,,,RW,William Nylander (16226619),William Nylander,16226619,W/UTIL,6300,TOR@CGY 01/24/2021 04:00PM ET,TOR,10.18
,,,,,,,,,,C,Nicklas Backstrom (16226457),Nicklas Backstrom,16226457,C/UTIL,6100,BUF@WAS 01/24/2021 03:00PM ET,WAS,11.18
,,,,,,,,,,LW,Johnny Gaudreau (16226621),Johnny Gaudreau,16226621,W/UTIL,6100,TOR@CGY 01/24/2021 04:00PM ET,CGY,12.5
,,,,,,,,,,RW,Conor Garland (16226623),Conor Garland,16226623,W/UTIL,6000,VGK@ARI 01/24/2021 04:00PM ET,ARI,15.46
,,,,,,,,,,C,Elias Lindholm (16226459),Elias Lindholm,16226459,C/UTIL,6000,TOR@CGY 01/24/2021 04:00PM ET,CGY,12.43
,,,,,,,,,,RW,T.J. Oshie (16226625),T.J. Oshie,16226625,W/UTIL,5900,BUF@WAS 01/24/2021 03:00PM ET,WAS,10.08
,,,,,,,,,,RW,Phil Kessel (16226627),Phil Kessel,16226627,W/UTIL,5800,VGK@ARI 01/24/2021 04:00PM ET,ARI,11.26
,,,,,,,,,,C,Sean Monahan (16226461),Sean Monahan,16226461,C/UTIL,5800,TOR@CGY 01/24/2021 04:00PM ET,CGY,11.33
,,,,,,,,,,C,Evgeny Kuznetsov (16226463),Evgeny Kuznetsov,16226463,C/UTIL,5700,BUF@WAS 01/24/2021 03:00PM ET,WAS,10.48
,,,,,,,,,,LW,Bobby Ryan (16226629),Bobby Ryan,16226629,W/UTIL,5700,DET@CHI 01/24/2021 12:30PM ET,DET,15.52
,,,,,,,,,,D,Duncan Keith (16226885),Duncan Keith,16226885,D/UTIL,5700,DET@CHI 01/24/2021 12:30PM ET,CHI,9.34
,,,,,,,,,,C,Nick Schmaltz (16226465),Nick Schmaltz,16226465,C/UTIL,5600,VGK@ARI 01/24/2021 04:00PM ET,ARI,13.32
,,,,,,,,,,LW,Jakub Vrana (16226631),Jakub Vrana,16226631,W/UTIL,5500,BUF@WAS 01/24/2021 03:00PM ET,WAS,11.56
,,,,,,,,,,D,Jakob Chychrun (16226887),Jakob Chychrun,16226887,D/UTIL,5500,VGK@ARI 01/24/2021 04:00PM ET,ARI,12.06
,,,,,,,,,,RW,Tom Wilson (16226633),Tom Wilson,16226633,W/UTIL,5400,BUF@WAS 01/24/2021 03:00PM ET,WAS,10.76
,,,,,,,,,,C,Jonathan Toews (16226467),Jonathan Toews,16226467,C/UTIL,5400,DET@CHI 01/24/2021 12:30PM ET,CHI,0
,,,,,,,,,,D,Oliver Ekman-Larsson (16226889),Oliver Ekman-Larsson,16226889,D/UTIL,5400,VGK@ARI 01/24/2021 04:00PM ET,ARI,12.65
,,,,,,,,,,RW,Sam Reinhart (16226635),Sam Reinhart,16226635,W/UTIL,5300,BUF@WAS 01/24/2021 03:00PM ET,BUF,8.86
,,,,,,,,,,C,William Karlsson (16226469),William Karlsson,16226469,C/UTIL,5300,VGK@ARI 01/24/2021 04:00PM ET,VGK,7.34
,,,,,,,,,,D,Alec Martinez (16226891),Alec Martinez,16226891,D/UTIL,5300,VGK@ARI 01/24/2021 04:00PM ET,VGK,11.5
,,,,,,,,,,C,Dylan Strome (16226471),Dylan Strome,16226471,C/UTIL,5200,DET@CHI 01/24/2021 12:30PM ET,CHI,8.6
,,,,,,,,,,LW,Clayton Keller (16226637),Clayton Keller,16226637,W/UTIL,5200,VGK@ARI 01/24/2021 04:00PM ET,ARI,9.16
,,,,,,,,,,D,Rasmus Andersson (16226893),Rasmus Andersson,16226893,D/UTIL,5200,TOR@CGY 01/24/2021 04:00PM ET,CGY,13.27
,,,,,,,,,,LW,Dominik Kubalik (16226639),Dominik Kubalik,16226639,W/UTIL,5100,DET@CHI 01/24/2021 12:30PM ET,CHI,11.9
,,,,,,,,,,D,Connor Murphy (16226895),Connor Murphy,16226895,D/UTIL,5100,DET@CHI 01/24/2021 12:30PM ET,CHI,10.08
,,,,,,,,,,C,Mikael Backlund (16226473),Mikael Backlund,16226473,C/UTIL,5100,TOR@CGY 01/24/2021 04:00PM ET,CGY,8.37
,,,,,,,,,,D,Rasmus Ristolainen (16226897),Rasmus Ristolainen,16226897,D/UTIL,5000,BUF@WAS 01/24/2021 03:00PM ET,BUF,5.74
,,,,,,,,,,LW,Zach Hyman (16226641),Zach Hyman,16226641,W/UTIL,5000,TOR@CGY 01/24/2021 04:00PM ET,TOR,8.45
,,,,,,,,,,RW,Anthony Mantha (16226643),Anthony Mantha,16226643,W/UTIL,4900,DET@CHI 01/24/2021 12:30PM ET,DET,6.7
,,,,,,,,,,D,Filip Hronek (16226899),Filip Hronek,16226899,D/UTIL,4900,DET@CHI 01/24/2021 12:30PM ET,DET,7.12
,,,,,,,,,,LW,Victor Olofsson (16226645),Victor Olofsson,16226645,W/UTIL,4800,BUF@WAS 01/24/2021 03:00PM ET,BUF,9.82
,,,,,,,,,,C,Christian Dvorak (16226475),Christian Dvorak,16226475,C/UTIL,4800,VGK@ARI 01/24/2021 04:00PM ET,ARI,9.74
,,,,,,,,,,D,Morgan Rielly (16226901),Morgan Rielly,16226901,D/UTIL,4800,TOR@CGY 01/24/2021 04:00PM ET,TOR,5.88
,,,,,,,,,,LW,Alex Tuch (16226647),Alex Tuch,16226647,W/UTIL,4700,VGK@ARI 01/24/2021 04:00PM ET,VGK,10.3
,,,,,,,,,,D,Jake Muzzin (16226903),Jake Muzzin,16226903,D/UTIL,4700,TOR@CGY 01/24/2021 04:00PM ET,TOR,8
,,,,,,,,,,C,Chandler Stephenson (16226477),Chandler Stephenson,16226477,C/UTIL,4600,VGK@ARI 01/24/2021 04:00PM ET,VGK,5.64
,,,,,,,,,,LW,Jonathan Marchessault (16226649),Jonathan Marchessault,16226649,W/UTIL,4600,VGK@ARI 01/24/2021 04:00PM ET,VGK,7.62
,,,,,,,,,,D,T.J. Brodie (16226905),T.J. Brodie,16226905,D/UTIL,4600,TOR@CGY 01/24/2021 04:00PM ET,TOR,6.73
,,,,,,,,,,LW,Tyler Bertuzzi (16226651),Tyler Bertuzzi,16226651,W/UTIL,4500,DET@CHI 01/24/2021 12:30PM ET,DET,8.38
,,,,,,,,,,D,Christopher Tanev (16226907),Christopher Tanev,16226907,D/UTIL,4500,TOR@CGY 01/24/2021 04:00PM ET,CGY,8.43
,,,,,,,,,,C,Robby Fabbri (16226479),Robby Fabbri,16226479,C/UTIL,4400,DET@CHI 01/24/2021 12:30PM ET,DET,9.2
,,,,,,,,,,RW,Reilly Smith (16226653),Reilly Smith,16226653,W/UTIL,4400,VGK@ARI 01/24/2021 04:00PM ET,VGK,7.72
,,,,,,,,,,D,Brenden Dillon (16226909),Brenden Dillon,16226909,D/UTIL,4300,BUF@WAS 01/24/2021 03:00PM ET,WAS,6.54
,,,,,,,,,,C,Eric Staal (16226481),Eric Staal,16226481,C/UTIL,4200,BUF@WAS 01/24/2021 03:00PM ET,BUF,6.82
,,,,,,,,,,D,Adam Boqvist (16226911),Adam Boqvist,16226911,D/UTIL,4200,DET@CHI 01/24/2021 12:30PM ET,CHI,4.68
,,,,,,,,,,LW,Jimmy Vesey (16226655),Jimmy Vesey,16226655,W/UTIL,4200,TOR@CGY 01/24/2021 04:00PM ET,TOR,5.52
,,,,,,,,,,D,Rasmus Dahlin (16226913),Rasmus Dahlin,16226913,D/UTIL,4100,BUF@WAS 01/24/2021 03:00PM ET,BUF,4.42
,,,,,,,,,,RW,Tage Thompson (16226657),Tage Thompson,16226657,W/UTIL,4000,BUF@WAS 01/24/2021 03:00PM ET,BUF,4.85
,,,,,,,,,,C,Pius Suter (16226483),Pius Suter,16226483,C/UTIL,4000,DET@CHI 01/24/2021 12:30PM ET,CHI,4.26
,,,,,,,,,,D,Alex Goligoski (16226915),Alex Goligoski,16226915,D/UTIL,4000,VGK@ARI 01/24/2021 04:00PM ET,ARI,5.18
,,,,,,,,,,LW,Jeff Skinner (16226659),Jeff Skinner,16226659,W/UTIL,3900,BUF@WAS 01/24/2021 03:00PM ET,BUF,7.22
,,,,,,,,,,D,Calvin de Haan (16226917),Calvin de Haan,16226917,D/UTIL,3900,DET@CHI 01/24/2021 12:30PM ET,CHI,5.36
,,,,,,,,,,D,Jordan Oesterle (16226919),Jordan Oesterle,16226919,D/UTIL,3800,VGK@ARI 01/24/2021 04:00PM ET,ARI,6.48
,,,,,,,,,,LW,Joe Thornton (16226661),Joe Thornton,16226661,W/UTIL,3800,TOR@CGY 01/24/2021 04:00PM ET,TOR,5.06
,,,,,,,,,,C,Lars Eller (16226485),Lars Eller,16226485,C/UTIL,3700,BUF@WAS 01/24/2021 03:00PM ET,WAS,4.46
,,,,,,,,,,D,Jake McCabe (16226921),Jake McCabe,16226921,D/UTIL,3700,BUF@WAS 01/24/2021 03:00PM ET,BUF,5.24
,,,,,,,,,,LW,Andrew Mangiapane (16226663),Andrew Mangiapane,16226663,W/UTIL,3700,TOR@CGY 01/24/2021 04:00PM ET,CGY,5.47
,,,,,,,,,,D,Brandon Montour (16226923),Brandon Montour,16226923,D/UTIL,3600,BUF@WAS 01/24/2021 03:00PM ET,BUF,7.4
,,,,,,,,,,RW,Dillon Dube (16226665),Dillon Dube,16226665,W/UTIL,3600,TOR@CGY 01/24/2021 04:00PM ET,CGY,7.5
,,,,,,,,,,RW,Andrew Shaw (16226667),Andrew Shaw,16226667,W/UTIL,3500,DET@CHI 01/24/2021 12:30PM ET,CHI,6
,,,,,,,,,,D,Patrik Nemeth (16226925),Patrik Nemeth,16226925,D/UTIL,3500,DET@CHI 01/24/2021 12:30PM ET,DET,5.3
,,,,,,,,,,C,Alexander Kerfoot (16226487),Alexander Kerfoot,16226487,C/UTIL,3500,TOR@CGY 01/24/2021 04:00PM ET,TOR,6.02
,,,,,,,,,,LW,Derick Brassard (16226669),Derick Brassard,16226669,W/UTIL,3400,VGK@ARI 01/24/2021 04:00PM ET,ARI,6.2
,,,,,,,,,,D,Brayden McNabb (16226927),Brayden McNabb,16226927,D/UTIL,3400,VGK@ARI 01/24/2021 04:00PM ET,VGK,5.52
,,,,,,,,,,RW,Filip Zadina (16226671),Filip Zadina,16226671,W/UTIL,3300,DET@CHI 01/24/2021 12:30PM ET,DET,4.22
,,,,,,,,,,D,Danny DeKeyser (16226929),Danny DeKeyser,16226929,D/UTIL,3300,DET@CHI 01/24/2021 12:30PM ET,DET,2.5
,,,,,,,,,,C,Cody Glass (16226489),Cody Glass,16226489,C/UTIL,3300,VGK@ARI 01/24/2021 04:00PM ET,VGK,5.93
,,,,,,,,,,D,Dmitry Orlov (16226931),Dmitry Orlov,16226931,D/UTIL,3200,BUF@WAS 01/24/2021 03:00PM ET,WAS,2.7
,,,,,,,,,,C,Barrett Hayton (16226491),Barrett Hayton,16226491,C/UTIL,3200,VGK@ARI 01/24/2021 04:00PM ET,ARI,3.62
,,,,,,,,,,LW,Drake Caggiula (16226673),Drake Caggiula,16226673,W/UTIL,3200,VGK@ARI 01/24/2021 04:00PM ET,ARI,6.22
,,,,,,,,,,C,Michael Rasmussen (16226493),Michael Rasmussen,16226493,C/UTIL,3100,DET@CHI 01/24/2021 12:30PM ET,DET,4.1
,,,,,,,,,,LW,Mattias Janmark (16226675),Mattias Janmark,16226675,W/UTIL,3100,DET@CHI 01/24/2021 12:30PM ET,CHI,4.46
,,,,,,,,,,D,Justin Holl (16226933),Justin Holl,16226933,D/UTIL,3100,TOR@CGY 01/24/2021 04:00PM ET,TOR,7.18
,,,,,,,,,,C,Kirby Dach (16226495),Kirby Dach,16226495,C/UTIL,3000,DET@CHI 01/24/2021 12:30PM ET,CHI,0
,,,,,,,,,,LW,Vladislav Namestnikov (16226677),Vladislav Namestnikov,16226677,W/UTIL,3000,DET@CHI 01/24/2021 12:30PM ET,DET,2.92
,,,,,,,,,,LW,Ilya Mikheyev (16226679),Ilya Mikheyev,16226679,W/UTIL,3000,TOR@CGY 01/24/2021 04:00PM ET,TOR,4.73
,,,,,,,,,,D,Noah Hanifin (16226935),Noah Hanifin,16226935,D/UTIL,3000,TOR@CGY 01/24/2021 04:00PM ET,CGY,3.93
,,,,,,,,,,LW,Tobias Rieder (16226681),Tobias Rieder,16226681,W/UTIL,2900,BUF@WAS 01/24/2021 03:00PM ET,BUF,6.9
,,,,,,,,,,RW,Dylan Cozens (16226683),Dylan Cozens,16226683,W/UTIL,2900,BUF@WAS 01/24/2021 03:00PM ET,BUF,4.42
,,,,,,,,,,C,Lucas Wallmark (16226497),Lucas Wallmark,16226497,C/UTIL,2900,DET@CHI 01/24/2021 12:30PM ET,CHI,4.3
,,,,,,,,,,D,Nikita Zadorov (16226937),Nikita Zadorov,16226937,D/UTIL,2900,DET@CHI 01/24/2021 12:30PM ET,CHI,6
,,,,,,,,,,C,Nic Dowd (16226499),Nic Dowd,16226499,C/UTIL,2800,BUF@WAS 01/24/2021 03:00PM ET,WAS,4.56
,,,,,,,,,,D,Henri Jokiharju (16226941),Henri Jokiharju,16226941,D/UTIL,2800,BUF@WAS 01/24/2021 03:00PM ET,BUF,5.36
,,,,,,,,,,RW,Philipp Kurashev (16226685),Philipp Kurashev,16226685,W/UTIL,2800,DET@CHI 01/24/2021 12:30PM ET,CHI,4.38
,,,,,,,,,,LW,Frans Nielsen (16226687),Frans Nielsen,16226687,W/UTIL,2800,DET@CHI 01/24/2021 12:30PM ET,DET,5.35
,,,,,,,,,,D,Niklas Hjalmarsson (16226939),Niklas Hjalmarsson,16226939,D/UTIL,2800,VGK@ARI 01/24/2021 04:00PM ET,ARI,3.84
,,,,,,,,,,D,Zdeno Chara (16226945),Zdeno Chara,16226945,D/UTIL,2700,BUF@WAS 01/24/2021 03:00PM ET,WAS,4.44
,,,,,,,,,,C,Tomas Nosek (16226501),Tomas Nosek,16226501,C/UTIL,2700,VGK@ARI 01/24/2021 04:00PM ET,VGK,4.32
,,,,,,,,,,RW,Tyler Pitlick (16226689),Tyler Pitlick,16226689,W/UTIL,2700,VGK@ARI 01/24/2021 04:00PM ET,ARI,5.34
,,,,,,,,,,LW,Lawson Crouse (16226691),Lawson Crouse,16226691,W/UTIL,2700,VGK@ARI 01/24/2021 04:00PM ET,ARI,3.8
,,,,,,,,,,D,Juuso Valimaki (16226943),Juuso Valimaki,16226943,D/UTIL,2700,TOR@CGY 01/24/2021 04:00PM ET,CGY,5.17
,,,,,,,,,,C,Curtis Lazar (16226505),Curtis Lazar,16226505,C/UTIL,2600,BUF@WAS 01/24/2021 03:00PM ET,BUF,6.46
,,,,,,,,,,LW,Carl Hagelin (16226693),Carl Hagelin,16226693,W/UTIL,2600,BUF@WAS 01/24/2021 03:00PM ET,WAS,2.02
,,,,,,,,,,RW,Riley Sheahan (16226697),Riley Sheahan,16226697,W/UTIL,2600,BUF@WAS 01/24/2021 03:00PM ET,BUF,3.86
,,,,,,,,,,D,Troy Stecher (16226949),Troy Stecher,16226949,D/UTIL,2600,DET@CHI 01/24/2021 12:30PM ET,DET,3.88
,,,,,,,,,,D,Jon Merrill (16226951),Jon Merrill,16226951,D/UTIL,2600,DET@CHI 01/24/2021 12:30PM ET,DET,4.65
,,,,,,,,,,D,Zach Whitecloud (16226947),Zach Whitecloud,16226947,D/UTIL,2600,VGK@ARI 01/24/2021 04:00PM ET,VGK,5.6
,,,,,,,,,,C,Adam Brooks (16226503),Adam Brooks,16226503,C/UTIL,2600,TOR@CGY 01/24/2021 04:00PM ET,TOR,10
,,,,,,,,,,RW,Josh Leivo (16226695),Josh Leivo,16226695,W/UTIL,2600,TOR@CGY 01/24/2021 04:00PM ET,CGY,2.67
,,,,,,,,,,C,Cody Eakin (16226511),Cody Eakin,16226511,C/UTIL,2500,BUF@WAS 01/24/2021 03:00PM ET,BUF,0.6
,,,,,,,,,,C,Brian Pinho (16226515),Brian Pinho,16226515,C/UTIL,2500,BUF@WAS 01/24/2021 03:00PM ET,WAS,1.5
,,,,,,,,,,C,Connor McMichael (16226525),Connor McMichael,16226525,C/UTIL,2500,BUF@WAS 01/24/2021 03:00PM ET,WAS,0
,,,,,,,,,,C,Casey Mittelstadt (16226531),Casey Mittelstadt,16226531,C/UTIL,2500,BUF@WAS 01/24/2021 03:00PM ET,BUF,0
,,,,,,,,,,C,Shane Gersich (16226543),Shane Gersich,16226543,C/UTIL,2500,BUF@WAS 01/24/2021 03:00PM ET,WAS,0
,,,,,,,,,,C,Michael Sgarbossa (16226545),Michael Sgarbossa,16226545,C/UTIL,2500,BUF@WAS 01/24/2021 03:00PM ET,WAS,0
,,,,,,,,,,C,Liam O'Brien (16226547),Liam O'Brien,16226547,C/UTIL,2500,BUF@WAS 01/24/2021 03:00PM ET,WAS,0
,,,,,,,,,,C,Philippe Maillet (16226549),Philippe Maillet,16226549,C/UTIL,2500,BUF@WAS 01/24/2021 03:00PM ET,WAS,0
,,,,,,,,,,C,Garrett Pilon (16226551),Garrett Pilon,16226551,C/UTIL,2500,BUF@WAS 01/24/2021 03:00PM ET,WAS,0
,,,,,,,,,,C,Arttu Ruotsalainen (16226599),Arttu Ruotsalainen,16226599,C/UTIL,2500,BUF@WAS 01/24/2021 03:00PM ET,BUF,0
,,,,,,,,,,C,Jean-Sebastien Dea (16226601),Jean-Sebastien Dea,16226601,C/UTIL,2500,BUF@WAS 01/24/2021 03:00PM ET,BUF,0
,,,,,,,,,,LW,Richard Panik (16226699),Richard Panik,16226699,W/UTIL,2500,BUF@WAS 01/24/2021 03:00PM ET,WAS,2.8
,,,,,,,,,,RW,Garnet Hathaway (16226705),Garnet Hathaway,16226705,W/UTIL,2500,BUF@WAS 01/24/2021 03:00PM ET,WAS,2.9
,,,,,,,,,,RW,Conor Sheary (16226719),Conor Sheary,16226719,W/UTIL,2500,BUF@WAS 01/24/2021 03:00PM ET,WAS,1.67
,,,,,,,,,,LW,Daniel Sprong (16226721),Daniel Sprong,16226721,W/UTIL,2500,BUF@WAS 01/24/2021 03:00PM ET,WAS,5.1
,,,,,,,,,,LW,Daniel Carr (16226743),Daniel Carr,16226743,W/UTIL,2500,BUF@WAS 01/24/2021 03:00PM ET,WAS,0
,,,,,,,,,,RW,Kyle Okposo (16226757),Kyle Okposo,16226757,W/UTIL,2500,BUF@WAS 01/24/2021 03:00PM ET,BUF,0
,,,,,,,,,,LW,Zemgus Girgensons (16226759),Zemgus Girgensons,16226759,W/UTIL,2500,BUF@WAS 01/24/2021 03:00PM ET,BUF,0
,,,,,,,,,,LW,Beck Malenstyn (16226791),Beck Malenstyn,16226791,W/UTIL,2500,BUF@WAS 01/24/2021 03:00PM ET,WAS,0
,,,,,,,,,,LW,Brendan Leipsic (16226793),Brendan Leipsic,16226793,W/UTIL,2500,BUF@WAS 01/24/2021 03:00PM ET,WAS,0
,,,,,,,,,,RW,Kody Clark (16226795),Kody Clark,16226795,W/UTIL,2500,BUF@WAS 01/24/2021 03:00PM ET,WAS,0
,,,,,,,,,,RW,Rasmus Asplund (16226861),Rasmus Asplund,16226861,W/UTIL,2500,BUF@WAS 01/24/2021 03:00PM ET,BUF,3
,,,,,,,,,,LW,C.J. Smith (16226863),C.J. Smith,16226863,W/UTIL,2500,BUF@WAS 01/24/2021 03:00PM ET,BUF,0
,,,,,,,,,,RW,Jack Quinn (16226865),Jack Quinn,16226865,W/UTIL,2500,BUF@WAS 01/24/2021 03:00PM ET,BUF,0
,,,,,,,,,,RW,Steven Fogarty (16226867),Steven Fogarty,16226867,W/UTIL,2500,BUF@WAS 01/24/2021 03:00PM ET,BUF,0
,,,,,,,,,,LW,Remi Elie (16226869),Remi Elie,16226869,W/UTIL,2500,BUF@WAS 01/24/2021 03:00PM ET,BUF,0
,,,,,,,,,,LW,Brandon Biro (16226871),Brandon Biro,16226871,W/UTIL,2500,BUF@WAS 01/24/2021 03:00PM ET,BUF,0
,,,,,,,,,,LW,Dalton Smith (16226873),Dalton Smith,16226873,W/UTIL,2500,BUF@WAS 01/24/2021 03:00PM ET,BUF,0
,,,,,,,,,,RW,Vladimir Sobotka (16226875),Vladimir Sobotka,16226875,W/UTIL,2500,BUF@WAS 01/24/2021 03:00PM ET,BUF,0
,,,,,,,,,,D,Justin Schultz (16226953),Justin Schultz,16226953,D/UTIL,2500,BUF@WAS 01/24/2021 03:00PM ET,WAS,1.98
,,,,,,,,,,D,Jonas Siegenthaler (16226955),Jonas Siegenthaler,16226955,D/UTIL,2500,BUF@WAS 01/24/2021 03:00PM ET,WAS,4.1
,,,,,,,,,,D,Nick Jensen (16226965),Nick Jensen,16226965,D/UTIL,2500,BUF@WAS 01/24/2021 03:00PM ET,WAS,2.94
,,,,,,,,,,D,Colin Miller (16226979),Colin Miller,16226979,D/UTIL,2500,BUF@WAS 01/24/2021 03:00PM ET,BUF,2.28
,,,,,,,,,,D,Trevor van Riemsdyk (16226985),Trevor van Riemsdyk,16226985,D/UTIL,2500,BUF@WAS 01/24/2021 03:00PM ET,WAS,0
,,,,,,,,,,D,Martin Fehervary (16226987),Martin Fehervary,16226987,D/UTIL,2500,BUF@WAS 01/24/2021 03:00PM ET,WAS,0
,,,,,,,,,,D,Matt Irwin (16227007),Matt Irwin,16227007,D/UTIL,2500,BUF@WAS 01/24/2021 03:00PM ET,BUF,0
,,,,,,,,,,D,Michal Kempny (16227013),Michal Kempny,16227013,D/UTIL,2500,BUF@WAS 01/24/2021 03:00PM ET,WAS,0
,,,,,,,,,,D,William Borgen (16227023),William Borgen,16227023,D/UTIL,2500,BUF@WAS 01/24/2021 03:00PM ET,BUF,0
,,,,,,,,,,D,Brandon Davidson (16227025),Brandon Davidson,16227025,D/UTIL,2500,BUF@WAS 01/24/2021 03:00PM ET,BUF,0
,,,,,,,,,,D,Paul LaDue (16227039),Paul LaDue,16227039,D/UTIL,2500,BUF@WAS 01/24/2021 03:00PM ET,WAS,0
,,,,,,,,,,D,Connor Hobbs (16227041),Connor Hobbs,16227041,D/UTIL,2500,BUF@WAS 01/24/2021 03:00PM ET,WAS,0
,,,,,,,,,,D,Alexander Alexeyev (16227043),Alexander Alexeyev,16227043,D/UTIL,2500,BUF@WAS 01/24/2021 03:00PM ET,WAS,0
,,,,,,,,,,D,Cameron Schilling (16227045),Cameron Schilling,16227045,D/UTIL,2500,BUF@WAS 01/24/2021 03:00PM ET,WAS,0
,,,,,,,,,,D,Colby Williams (16227047),Colby Williams,16227047,D/UTIL,2500,BUF@WAS 01/24/2021 03:00PM ET,WAS,0
,,,,,,,,,,D,Matt Hunwick (16227101),Matt Hunwick,16227101,D/UTIL,2500,BUF@WAS 01/24/2021 03:00PM ET,BUF,0
,,,,,,,,,,D,Casey Nelson (16227103),Casey Nelson,16227103,D/UTIL,2500,BUF@WAS 01/24/2021 03:00PM ET,BUF,0
,,,,,,,,,,D,Lawrence Pilut (16227105),Lawrence Pilut,16227105,D/UTIL,2500,BUF@WAS 01/24/2021 03:00PM ET,BUF,0
,,,,,,,,,,D,John Gilmour (16227107),John Gilmour,16227107,D/UTIL,2500,BUF@WAS 01/24/2021 03:00PM ET,BUF,0
,,,,,,,,,,C,Luke Glendening (16226509),Luke Glendening,16226509,C/UTIL,2500,DET@CHI 01/24/2021 12:30PM ET,DET,4.14
,,,,,,,,,,C,David Kampf (16226513),David Kampf,16226513,C/UTIL,2500,DET@CHI 01/24/2021 12:30PM ET,CHI,2.06
,,,,,,,,,,C,Valtteri Filppula (16226521),Valtteri Filppula,16226521,C/UTIL,2500,DET@CHI 01/24/2021 12:30PM ET,DET,0.56
,,,,,,,,,,C,Carl Soderberg (16226523),Carl Soderberg,16226523,C/UTIL,2500,DET@CHI 01/24/2021 12:30PM ET,CHI,0
,,,,,,,,,,C,Tim Soderlund (16226535),Tim Soderlund,16226535,C/UTIL,2500,DET@CHI 01/24/2021 12:30PM ET,CHI,0
,,,,,,,,,,C,Jacob Nilsson (16226537),Jacob Nilsson,16226537,C/UTIL,2500,DET@CHI 01/24/2021 12:30PM ET,CHI,0
,,,,,,,,,,C,Zack Smith (16226539),Zack Smith,16226539,C/UTIL,2500,DET@CHI 01/24/2021 12:30PM ET,CHI,0
,,,,,,,,,,C,Evan Barratt (16226541),Evan Barratt,16226541,C/UTIL,2500,DET@CHI 01/24/2021 12:30PM ET,CHI,0
,,,,,,,,,,C,Kyle Criscuolo (16226587),Kyle Criscuolo,16226587,C/UTIL,2500,DET@CHI 01/24/2021 12:30PM ET,DET,0
,,,,,,,,,,C,Dominic Turgeon (16226589),Dominic Turgeon,16226589,C/UTIL,2500,DET@CHI 01/24/2021 12:30PM ET,DET,0
,,,,,,,,,,C,Kyle Brodziak (16226591),Kyle Brodziak,16226591,C/UTIL,2500,DET@CHI 01/24/2021 12:30PM ET,DET,0
,,,,,,,,,,C,Chase Pearson (16226593),Chase Pearson,16226593,C/UTIL,2500,DET@CHI 01/24/2021 12:30PM ET,DET,0
,,,,,,,,,,C,Joseph Veleno (16226595),Joseph Veleno,16226595,C/UTIL,2500,DET@CHI 01/24/2021 12:30PM ET,DET,0
,,,,,,,,,,C,Christoffer Ehn (16226597),Christoffer Ehn,16226597,C/UTIL,2500,DET@CHI 01/24/2021 12:30PM ET,DET,0
,,,,,,,,,,RW,Mathias Brome (16226703),Mathias Brome,16226703,W/UTIL,2500,DET@CHI 01/24/2021 12:30PM ET,DET,0.86
,,,,,,,,,,RW,Darren Helm (16226713),Darren Helm,16226713,W/UTIL,2500,DET@CHI 01/24/2021 12:30PM ET,DET,0
,,,,,,,,,,RW,Ryan Carpenter (16226715),Ryan Carpenter,16226715,W/UTIL,2500,DET@CHI 01/24/2021 12:30PM ET,CHI,4.08
,,,,,,,,,,LW,Brandon Hagel (16226717),Brandon Hagel,16226717,W/UTIL,2500,DET@CHI 01/24/2021 12:30PM ET,CHI,2.8
,,,,,,,,,,RW,Givani Smith (16226737),Givani Smith,16226737,W/UTIL,2500,DET@CHI 01/24/2021 12:30PM ET,DET,0
,,,,,,,,,,LW,Matthew Highmore (16226739),Matthew Highmore,16226739,W/UTIL,2500,DET@CHI 01/24/2021 12:30PM ET,CHI,1
,,,,,,,,,,RW,MacKenzie Entwistle (16226741),MacKenzie Entwistle,16226741,W/UTIL,2500,DET@CHI 01/24/2021 12:30PM ET,CHI,0
,,,,,,,,,,RW,Taro Hirose (16226755),Taro Hirose,16226755,W/UTIL,2500,DET@CHI 01/24/2021 12:30PM ET,DET,0
,,,,,,,,,,LW,Brandon Pirri (16226761),Brandon Pirri,16226761,W/UTIL,2500,DET@CHI 01/24/2021 12:30PM ET,CHI,3
,,,,,,,,,,RW,Reese Johnson (16226763),Reese Johnson,16226763,W/UTIL,2500,DET@CHI 01/24/2021 12:30PM ET,CHI,0
,,,,,,,,,,LW,Alex Nylander (16226771),Alex Nylander,16226771,W/UTIL,2500,DET@CHI 01/24/2021 12:30PM ET,CHI,0
,,,,,,,,,,RW,Sam Gagner (16226773),Sam Gagner,16226773,W/UTIL,2500,DET@CHI 01/24/2021 12:30PM ET,DET,2.25
,,,,,,,,,,RW,Adam Erne (16226775),Adam Erne,16226775,W/UTIL,2500,DET@CHI 01/24/2021 12:30PM ET,DET,0.75
,,,,,,,,,,RW,Matej Chalupa (16226777),Matej Chalupa,16226777,W/UTIL,2500,DET@CHI 01/24/2021 12:30PM ET,CHI,0
,,,,,,,,,,RW,Andrei Altybarmakyan (16226779),Andrei Altybarmakyan,16226779,W/UTIL,2500,DET@CHI 01/24/2021 12:30PM ET,CHI,0
,,,,,,,,,,LW,Michal Teply (16226781),Michal Teply,16226781,W/UTIL,2500,DET@CHI 01/24/2021 12:30PM ET,CHI,0
,,,,,,,,,,LW,Alexandre Fortin (16226783),Alexandre Fortin,16226783,W/UTIL,2500,DET@CHI 01/24/2021 12:30PM ET,CHI,0
,,,,,,,,,,LW,Cam Morrison (16226785),Cam Morrison,16226785,W/UTIL,2500,DET@CHI 01/24/2021 12:30PM ET,CHI,0
,,,,,,,,,,RW,John Quenneville (16226787),John Quenneville,16226787,W/UTIL,2500,DET@CHI 01/24/2021 12:30PM ET,CHI,0
,,,,,,,,,,LW,Anton Wedin (16226789),Anton Wedin,16226789,W/UTIL,2500,DET@CHI 01/24/2021 12:30PM ET,CHI,0
,,,,,,,,,,LW,Turner Elson (16226849),Turner Elson,16226849,W/UTIL,2500,DET@CHI 01/24/2021 12:30PM ET,DET,0
,,,,,,,,,,RW,Justin Abdelkader (16226851),Justin Abdelkader,16226851,W/UTIL,2500,DET@CHI 01/24/2021 12:30PM ET,DET,0
,,,,,,,,,,RW,Brendan Perlini (16226853),Brendan Perlini,16226853,W/UTIL,2500,DET@CHI 01/24/2021 12:30PM ET,DET,0
,,,,,,,,,,RW,Evgeny Svechnikov (16226855),Evgeny Svechnikov,16226855,W/UTIL,2500,DET@CHI 01/24/2021 12:30PM ET,DET,0
,,,,,,,,,,RW,Riley Barber (16226857),Riley Barber,16226857,W/UTIL,2500,DET@CHI 01/24/2021 12:30PM ET,DET,0
,,,,,,,,,,LW,Matt Puempel (16226859),Matt Puempel,16226859,W/UTIL,2500,DET@CHI 01/24/2021 12:30PM ET,DET,0
,,,,,,,,,,D,Marc Staal (16226959),Marc Staal,16226959,D/UTIL,2500,DET@CHI 01/24/2021 12:30PM ET,DET,3.24
,,,,,,,,,,D,Alex Biega (16226961),Alex Biega,16226961,D/UTIL,2500,DET@CHI 01/24/2021 12:30PM ET,DET,2.8
,,,,,,,,,,D,Ian Mitchell (16226963),Ian Mitchell,16226963,D/UTIL,2500,DET@CHI 01/24/2021 12:30PM ET,CHI,2.94
,,,,,,,,,,D,Gustav Lindstrom (16226977),Gustav Lindstrom,16226977,D/UTIL,2500,DET@CHI 01/24/2021 12:30PM ET,DET,0
,,,,,,,,,,D,Lucas Carlsson (16226981),Lucas Carlsson,16226981,D/UTIL,2500,DET@CHI 01/24/2021 12:30PM ET,CHI,0
,,,,,,,,,,D,Wyatt Kalynuk (16226983),Wyatt Kalynuk,16226983,D/UTIL,2500,DET@CHI 01/24/2021 12:30PM ET,CHI,0
,,,,,,,,,,D,Christian Djoos (16227005),Christian Djoos,16227005,D/UTIL,2500,DET@CHI 01/24/2021 12:30PM ET,DET,1.3
,,,,,,,,,,D,Nicolas Beaudin (16227009),Nicolas Beaudin,16227009,D/UTIL,2500,DET@CHI 01/24/2021 12:30PM ET,CHI,0
,,,,,,,,,,D,Brent Seabrook (16227011),Brent Seabrook,16227011,D/UTIL,2500,DET@CHI 01/24/2021 12:30PM ET,CHI,0
,,,,,,,,,,D,Dennis Cholowski (16227027),Dennis Cholowski,16227027,D/UTIL,2500,DET@CHI 01/24/2021 12:30PM ET,DET,0
,,,,,,,,,,D,Alec Regula (16227029),Alec Regula,16227029,D/UTIL,2500,DET@CHI 01/24/2021 12:30PM ET,CHI,0
,,,,,,,,,,D,Chad Krys (16227031),Chad Krys,16227031,D/UTIL,2500,DET@CHI 01/24/2021 12:30PM ET,CHI,0
,,,,,,,,,,D,Anton Lindholm (16227033),Anton Lindholm,16227033,D/UTIL,2500,DET@CHI 01/24/2021 12:30PM ET,CHI,0
,,,,,,,,,,D,Michael Krutil (16227035),Michael Krutil,16227035,D/UTIL,2500,DET@CHI 01/24/2021 12:30PM ET,CHI,0
,,,,,,,,,,D,Nick Seeler (16227037),Nick Seeler,16227037,D/UTIL,2500,DET@CHI 01/24/2021 12:30PM ET,CHI,0
,,,,,,,,,,D,Trevor Daley (16227087),Trevor Daley,16227087,D/UTIL,2500,DET@CHI 01/24/2021 12:30PM ET,DET,0
,,,,,,,,,,D,Dylan McIlrath (16227089),Dylan McIlrath,16227089,D/UTIL,2500,DET@CHI 01/24/2021 12:30PM ET,DET,0
,,,,,,,,,,D,Jonathan Ericsson (16227091),Jonathan Ericsson,16227091,D/UTIL,2500,DET@CHI 01/24/2021 12:30PM ET,DET,0
,,,,,,,,,,D,Madison Bowey (16227093),Madison Bowey,16227093,D/UTIL,2500,DET@CHI 01/24/2021 12:30PM ET,DET,0
,,,,,,,,,,D,Brian Lashoff (16227095),Brian Lashoff,16227095,D/UTIL,2500,DET@CHI 01/24/2021 12:30PM ET,DET,0
,,,,,,,,,,D,Joe Hicketts (16227097),Joe Hicketts,16227097,D/UTIL,2500,DET@CHI 01/24/2021 12:30PM ET,DET,0
,,,,,,,,,,D,Cody Goloubef (16227099),Cody Goloubef,16227099,D/UTIL,2500,DET@CHI 01/24/2021 12:30PM ET,DET,0
,,,,,,,,,,C,Johan Larsson (16226517),Johan Larsson,16226517,C/UTIL,2500,VGK@ARI 01/24/2021 04:00PM ET,ARI,2.8
,,,,,,,,,,C,Michael Chaput (16226527),Michael Chaput,16226527,C/UTIL,2500,VGK@ARI 01/24/2021 04:00PM ET,ARI,0
,,,,,,,,,,C,Gage Quinney (16226529),Gage Quinney,16226529,C/UTIL,2500,VGK@ARI 01/24/2021 04:00PM ET,VGK,0
,,,,,,,,,,C,Frederik Gauthier (16226533),Frederik Gauthier,16226533,C/UTIL,2500,VGK@ARI 01/24/2021 04:00PM ET,ARI,0
,,,,,,,,,,C,Andy Miele (16226553),Andy Miele,16226553,C/UTIL,2500,VGK@ARI 01/24/2021 04:00PM ET,ARI,0
,,,,,,,,,,C,Ryan McGregor (16226555),Ryan McGregor,16226555,C/UTIL,2500,VGK@ARI 01/24/2021 04:00PM ET,ARI,0
,,,,,,,,,,C,Lane Pederson (16226557),Lane Pederson,16226557,C/UTIL,2500,VGK@ARI 01/24/2021 04:00PM ET,ARI,0
,,,,,,,,,,C,Blake Speers (16226559),Blake Speers,16226559,C/UTIL,2500,VGK@ARI 01/24/2021 04:00PM ET,ARI,0
,,,,,,,,,,C,Danny O'Regan (16226573),Danny O'Regan,16226573,C/UTIL,2500,VGK@ARI 01/24/2021 04:00PM ET,VGK,0
,,,,,,,,,,C,Patrick Brown (16226575),Patrick Brown,16226575,C/UTIL,2500,VGK@ARI 01/24/2021 04:00PM ET,VGK,0
,,,,,,,,,,C,Peyton Krebs (16226577),Peyton Krebs,16226577,C/UTIL,2500,VGK@ARI 01/24/2021 04:00PM ET,VGK,0
,,,,,,,,,,C,Reid Duke (16226579),Reid Duke,16226579,C/UTIL,2500,VGK@ARI 01/24/2021 04:00PM ET,VGK,0
,,,,,,,,,,RW,Nicolas Roy (16226709),Nicolas Roy,16226709,W/UTIL,2500,VGK@ARI 01/24/2021 04:00PM ET,VGK,3.5
,,,,,,,,,,RW,Christian Fischer (16226723),Christian Fischer,16226723,W/UTIL,2500,VGK@ARI 01/24/2021 04:00PM ET,ARI,1.08
,,,,,,,,,,RW,Ryan Reaves (16226729),Ryan Reaves,16226729,W/UTIL,2500,VGK@ARI 01/24/2021 04:00PM ET,VGK,3.46
,,,,,,,,,,LW,William Carrier (16226731),William Carrier,16226731,W/UTIL,2500,VGK@ARI 01/24/2021 04:00PM ET,VGK,2.62
,,,,,,,,,,RW,John Hayden (16226745),John Hayden,16226745,W/UTIL,2500,VGK@ARI 01/24/2021 04:00PM ET,ARI,1.3
,,,,,,,,,,LW,Dryden Hunt (16226747),Dryden Hunt,16226747,W/UTIL,2500,VGK@ARI 01/24/2021 04:00PM ET,ARI,0
,,,,,,,,,,LW,Tomas Jurco (16226751),Tomas Jurco,16226751,W/UTIL,2500,VGK@ARI 01/24/2021 04:00PM ET,VGK,0
,,,,,,,,,,RW,Hudson Fasching (16226765),Hudson Fasching,16226765,W/UTIL,2500,VGK@ARI 01/24/2021 04:00PM ET,ARI,0
,,,,,,,,,,LW,Michael Bunting (16226797),Michael Bunting,16226797,W/UTIL,2500,VGK@ARI 01/24/2021 04:00PM ET,ARI,0
,,,,,,,,,,RW,Markus Hannikainen (16226799),Markus Hannikainen,16226799,W/UTIL,2500,VGK@ARI 01/24/2021 04:00PM ET,ARI,0
,,,,,,,,,,LW,Nate Sucese (16226801),Nate Sucese,16226801,W/UTIL,2500,VGK@ARI 01/24/2021 04:00PM ET,ARI,0
,,,,,,,,,,LW,Tyler Steenbergen (16226803),Tyler Steenbergen,16226803,W/UTIL,2500,VGK@ARI 01/24/2021 04:00PM ET,ARI,0
,,,,,,,,,,LW,Michael Grabner (16226805),Michael Grabner,16226805,W/UTIL,2500,VGK@ARI 01/24/2021 04:00PM ET,ARI,0
,,,,,,,,,,LW,Giovanni Fiore (16226807),Giovanni Fiore,16226807,W/UTIL,2500,VGK@ARI 01/24/2021 04:00PM ET,ARI,0
,,,,,,,,,,RW,Beau Bennett (16226809),Beau Bennett,16226809,W/UTIL,2500,VGK@ARI 01/24/2021 04:00PM ET,ARI,0
,,,,,,,,,,RW,Jan Jenik (16226811),Jan Jenik,16226811,W/UTIL,2500,VGK@ARI 01/24/2021 04:00PM ET,ARI,0
,,,,,,,,,,LW,Brayden Burke (16226813),Brayden Burke,16226813,W/UTIL,2500,VGK@ARI 01/24/2021 04:00PM ET,ARI,0
,,,,,,,,,,LW,Tyrell Goulbourne (16226825),Tyrell Goulbourne,16226825,W/UTIL,2500,VGK@ARI 01/24/2021 04:00PM ET,VGK,0
,,,,,,,,,,LW,Valentin Zykov (16226827),Valentin Zykov,16226827,W/UTIL,2500,VGK@ARI 01/24/2021 04:00PM ET,VGK,0
,,,,,,,,,,LW,Dylan Sikura (16226829),Dylan Sikura,16226829,W/UTIL,2500,VGK@ARI 01/24/2021 04:00PM ET,VGK,0
,,,,,,,,,,D,Jason Demers (16226957),Jason Demers,16226957,D/UTIL,2500,VGK@ARI 01/24/2021 04:00PM ET,ARI,1.9
,,,,,,,,,,D,Victor Soderstrom (16226967),Victor Soderstrom,16226967,D/UTIL,2500,VGK@ARI 01/24/2021 04:00PM ET,ARI,0
,,,,,,,,,,D,Keegan Kolesar (16226971),Keegan Kolesar,16226971,D/UTIL,2500,VGK@ARI 01/24/2021 04:00PM ET,VGK,2.16
,,,,,,,,,,D,Kyle Capobianco (16226989),Kyle Capobianco,16226989,D/UTIL,2500,VGK@ARI 01/24/2021 04:00PM ET,ARI,3.55
,,,,,,,,,,D,Aaron Ness (16226991),Aaron Ness,16226991,D/UTIL,2500,VGK@ARI 01/24/2021 04:00PM ET,ARI,0
,,,,,,,,,,D,Nicolas Hague (16226997),Nicolas Hague,16226997,D/UTIL,2500,VGK@ARI 01/24/2021 04:00PM ET,VGK,4
,,,,,,,,,,D,Dylan Coghlan (16226999),Dylan Coghlan,16226999,D/UTIL,2500,VGK@ARI 01/24/2021 04:00PM ET,VGK,0
,,,,,,,,,,D,Jordan Gross (16227015),Jordan Gross,16227015,D/UTIL,2500,VGK@ARI 01/24/2021 04:00PM ET,ARI,0
,,,,,,,,,,D,Ilya Lyubushkin (16227017),Ilya Lyubushkin,16227017,D/UTIL,2500,VGK@ARI 01/24/2021 04:00PM ET,ARI,0
,,,,,,,,,,D,Nick Holden (16227021),Nick Holden,16227021,D/UTIL,2500,VGK@ARI 01/24/2021 04:00PM ET,VGK,0
,,,,,,,,,,D,Cam Crotty (16227049),Cam Crotty,16227049,D/UTIL,2500,VGK@ARI 01/24/2021 04:00PM ET,ARI,0
,,,,,,,,,,D,Robbie Russo (16227051),Robbie Russo,16227051,D/UTIL,2500,VGK@ARI 01/24/2021 04:00PM ET,ARI,0
,,,,,,,,,,D,Cam Dineen (16227053),Cam Dineen,16227053,D/UTIL,2500,VGK@ARI 01/24/2021 04:00PM ET,ARI,0
,,,,,,,,,,D,Jordan Schmaltz (16227055),Jordan Schmaltz,16227055,D/UTIL,2500,VGK@ARI 01/24/2021 04:00PM ET,ARI,0
,,,,,,,,,,D,Dysin Mayo (16227057),Dysin Mayo,16227057,D/UTIL,2500,VGK@ARI 01/24/2021 04:00PM ET,ARI,0
,,,,,,,,,,D,Carl Dahlstrom (16227067),Carl Dahlstrom,16227067,D/UTIL,2500,VGK@ARI 01/24/2021 04:00PM ET,VGK,0
,,,,,,,,,,D,Jimmy Schuldt (16227069),Jimmy Schuldt,16227069,D/UTIL,2500,VGK@ARI 01/24/2021 04:00PM ET,VGK,0
,,,,,,,,,,D,Jake Bischoff (16227071),Jake Bischoff,16227071,D/UTIL,2500,VGK@ARI 01/24/2021 04:00PM ET,VGK,0
,,,,,,,,,,C,Pierre Engvall (16226507),Pierre Engvall,16226507,C/UTIL,2500,TOR@CGY 01/24/2021 04:00PM ET,TOR,6
,,,,,,,,,,C,Derek Ryan (16226519),Derek Ryan,16226519,C/UTIL,2500,TOR@CGY 01/24/2021 04:00PM ET,CGY,1.87
,,,,,,,,,,C,Matthew Phillips (16226561),Matthew Phillips,16226561,C/UTIL,2500,TOR@CGY 01/24/2021 04:00PM ET,CGY,0
,,,,,,,,,,C,Glenn Gawdin (16226563),Glenn Gawdin,16226563,C/UTIL,2500,TOR@CGY 01/24/2021 04:00PM ET,CGY,0
,,,,,,,,,,C,Byron Froese (16226565),Byron Froese,16226565,C/UTIL,2500,TOR@CGY 01/24/2021 04:00PM ET,CGY,0
,,,,,,,,,,C,Adam Ruzicka (16226567),Adam Ruzicka,16226567,C/UTIL,2500,TOR@CGY 01/24/2021 04:00PM ET,CGY,0
,,,,,,,,,,C,Connor Zary (16226569),Connor Zary,16226569,C/UTIL,2500,TOR@CGY 01/24/2021 04:00PM ET,CGY,0
,,,,,,,,,,C,Mathias Emilio Pettersen (16226571),Mathias Emilio Pettersen,16226571,C/UTIL,2500,TOR@CGY 01/24/2021 04:00PM ET,CGY,0
,,,,,,,,,,C,Rourke Chartier (16226581),Rourke Chartier,16226581,C/UTIL,2500,TOR@CGY 01/24/2021 04:00PM ET,TOR,0
,,,,,,,,,,C,Tyler Gaudet (16226583),Tyler Gaudet,16226583,C/UTIL,2500,TOR@CGY 01/24/2021 04:00PM ET,TOR,0
,,,,,,,,,,C,Kalle Kossila (16226585),Kalle Kossila,16226585,C/UTIL,2500,TOR@CGY 01/24/2021 04:00PM ET,TOR,0
,,,,,,,,,,RW,Dominik Simon (16226701),Dominik Simon,16226701,W/UTIL,2500,TOR@CGY 01/24/2021 04:00PM ET,CGY,0.75
,,,,,,,,,,LW,Sam Bennett (16226707),Sam Bennett,16226707,W/UTIL,2500,TOR@CGY 01/24/2021 04:00PM ET,CGY,1.93
,,,,,,,,,,RW,Wayne Simmonds (16226711),Wayne Simmonds,16226711,W/UTIL,2500,TOR@CGY 01/24/2021 04:00PM ET,TOR,1.97
,,,,,,,,,,LW,Milan Lucic (16226725),Milan Lucic,16226725,W/UTIL,2500,TOR@CGY 01/24/2021 04:00PM ET,CGY,4.97
,,,,,,,,,,RW,Joakim Nordstrom (16226727),Joakim Nordstrom,16226727,W/UTIL,2500,TOR@CGY 01/24/2021 04:00PM ET,CGY,0
,,,,,,,,,,LW,Jason Spezza (16226733),Jason Spezza,16226733,W/UTIL,2500,TOR@CGY 01/24/2021 04:00PM ET,TOR,2.67
,,,,,,,,,,RW,Alexander Barabanov (16226735),Alexander Barabanov,16226735,W/UTIL,2500,TOR@CGY 01/24/2021 04:00PM ET,TOR,2.23
,,,,,,,,,,LW,Zac Rinaldo (16226749),Zac Rinaldo,16226749,W/UTIL,2500,TOR@CGY 01/24/2021 04:00PM ET,CGY,0
,,,,,,,,,,RW,Joey Anderson (16226753),Joey Anderson,16226753,W/UTIL,2500,TOR@CGY 01/24/2021 04:00PM ET,TOR,0
,,,,,,,,,,RW,Buddy Robinson (16226767),Buddy Robinson,16226767,W/UTIL,2500,TOR@CGY 01/24/2021 04:00PM ET,CGY,0
,,,,,,,,,,LW,Nicholas Robertson (16226769),Nicholas Robertson,16226769,W/UTIL,2500,TOR@CGY 01/24/2021 04:00PM ET,TOR,1.5
,,,,,,,,,,LW,Justin Kirkland (16226815),Justin Kirkland,16226815,W/UTIL,2500,TOR@CGY 01/24/2021 04:00PM ET,CGY,0
,,,,,,,,,,RW,Spencer Foo (16226817),Spencer Foo,16226817,W/UTIL,2500,TOR@CGY 01/24/2021 04:00PM ET,CGY,0
,,,,,,,,,,LW,Dmitry Zavgorodniy (16226819),Dmitry Zavgorodniy,16226819,W/UTIL,2500,TOR@CGY 01/24/2021 04:00PM ET,CGY,0
,,,,,,,,,,LW,Jakob Pelletier (16226821),Jakob Pelletier,16226821,W/UTIL,2500,TOR@CGY 01/24/2021 04:00PM ET,CGY,0
,,,,,,,,,,RW,Brett Ritchie (16226823),Brett Ritchie,16226823,W/UTIL,2500,TOR@CGY 01/24/2021 04:00PM ET,CGY,0
,,,,,,,,,,RW,Yegor Korshkov (16226831),Yegor Korshkov,16226831,W/UTIL,2500,TOR@CGY 01/24/2021 04:00PM ET,TOR,0
,,,,,,,,,,RW,Garrett Wilson (16226833),Garrett Wilson,16226833,W/UTIL,2500,TOR@CGY 01/24/2021 04:00PM ET,TOR,0
,,,,,,,,,,LW,Kenny Agostino (16226835),Kenny Agostino,16226835,W/UTIL,2500,TOR@CGY 01/24/2021 04:00PM ET,TOR,0
,,,,,,,,,,RW,Scott Sabourin (16226837),Scott Sabourin,16226837,W/UTIL,2500,TOR@CGY 01/24/2021 04:00PM ET,TOR,0
,,,,,,,,,,RW,Travis Boyd (16226839),Travis Boyd,16226839,W/UTIL,2500,TOR@CGY 01/24/2021 04:00PM ET,TOR,0
,,,,,,,,,,LW,Justin Brazeau (16226841),Justin Brazeau,16226841,W/UTIL,2500,TOR@CGY 01/24/2021 04:00PM ET,TOR,0
,,,,,,,,,,RW,Denis Malgin (16226843),Denis Malgin,16226843,W/UTIL,2500,TOR@CGY 01/24/2021 04:00PM ET,TOR,0
,,,,,,,,,,LW,Nic Petan (16226845),Nic Petan,16226845,W/UTIL,2500,TOR@CGY 01/24/2021 04:00PM ET,TOR,0
,,,,,,,,,,RW,Max Veronneau (16226847),Max Veronneau,16226847,W/UTIL,2500,TOR@CGY 01/24/2021 04:00PM ET,TOR,0
,,,,,,,,,,D,Nikita Nesterov (16226969),Nikita Nesterov,16226969,D/UTIL,2500,TOR@CGY 01/24/2021 04:00PM ET,CGY,1.43
,,,,,,,,,,D,Zach Bogosian (16226973),Zach Bogosian,16226973,D/UTIL,2500,TOR@CGY 01/24/2021 04:00PM ET,TOR,1.22
,,,,,,,,,,D,Travis Dermott (16226975),Travis Dermott,16226975,D/UTIL,2500,TOR@CGY 01/24/2021 04:00PM ET,TOR,3.05
,,,,,,,,,,D,Oliver Kylington (16226993),Oliver Kylington,16226993,D/UTIL,2500,TOR@CGY 01/24/2021 04:00PM ET,CGY,0
,,,,,,,,,,D,Connor Mackey (16226995),Connor Mackey,16226995,D/UTIL,2500,TOR@CGY 01/24/2021 04:00PM ET,CGY,0
,,,,,,,,,,D,Mikko Lehtonen (16227001),Mikko Lehtonen,16227001,D/UTIL,2500,TOR@CGY 01/24/2021 04:00PM ET,TOR,0
,,,,,,,,,,D,Rasmus Sandin (16227003),Rasmus Sandin,16227003,D/UTIL,2500,TOR@CGY 01/24/2021 04:00PM ET,TOR,0
,,,,,,,,,,D,Michael Stone (16227019),Michael Stone,16227019,D/UTIL,2500,TOR@CGY 01/24/2021 04:00PM ET,CGY,0
,,,,,,,,,,D,Alexander Yelesin (16227059),Alexander Yelesin,16227059,D/UTIL,2500,TOR@CGY 01/24/2021 04:00PM ET,CGY,0
,,,,,,,,,,D,Carl-Johan Lerby (16227061),Carl-Johan Lerby,16227061,D/UTIL,2500,TOR@CGY 01/24/2021 04:00PM ET,CGY,0
,,,,,,,,,,D,Alexander Petrovic (16227063),Alexander Petrovic,16227063,D/UTIL,2500,TOR@CGY 01/24/2021 04:00PM ET,CGY,0
,,,,,,,,,,D,Rinat Valiev (16227065),Rinat Valiev,16227065,D/UTIL,2500,TOR@CGY 01/24/2021 04:00PM ET,CGY,0
,,,,,,,,,,D,David Warsofsky (16227073),David Warsofsky,16227073,D/UTIL,2500,TOR@CGY 01/24/2021 04:00PM ET,TOR,0
,,,,,,,,,,D,Calle Rosen (16227075),Calle Rosen,16227075,D/UTIL,2500,TOR@CGY 01/24/2021 04:00PM ET,TOR,0
,,,,,,,,,,D,Teemu Kivihalme (16227077),Teemu Kivihalme,16227077,D/UTIL,2500,TOR@CGY 01/24/2021 04:00PM ET,TOR,0
,,,,,,,,,,D,Martin Marincin (16227079),Martin Marincin,16227079,D/UTIL,2500,TOR@CGY 01/24/2021 04:00PM ET,TOR,0
,,,,,,,,,,D,Mac Hollowell (16227081),Mac Hollowell,16227081,D/UTIL,2500,TOR@CGY 01/24/2021 04:00PM ET,TOR,0
,,,,,,,,,,D,Kevin Gravel (16227083),Kevin Gravel,16227083,D/UTIL,2500,TOR@CGY 01/24/2021 04:00PM ET,TOR,0
,,,,,,,,,,D,Timothy Liljegren (16227085),Timothy Liljegren,16227085,D/UTIL,2500,TOR@CGY 01/24/2021 04:00PM ET,TOR,0
