QB,RB,RB,WR,WR,WR,TE,FLEX,DST,,Instructions,,,,,,,,
30500488,30500575,30500591,30500867,30500897,30500903,30501373,30501401,30501653,,1. Locate the player you want to select in the list below ,,,,,,,,
30500487,30500575,30500591,30500867,30500909,30500913,30501401,30500933,30501659,,2. Copy the ID of your player (you can use the Name + ID column or the ID column) ,,,,,,,,
30500506,30500591,30500589,30500861,30500867,30500913,30501363,30501401,30501653,,3. Paste the ID into the roster position desired ,,,,,,,,
30500493,30500575,30500591,30500867,30500881,30500905,30501363,30501401,30501652,,4. You must include an ID for each player, you cannot use just the player's name ,,,,,,,
30500487,30500591,30500589,30500867,30500865,30500935,30501401,30501381,30501651,,5. You can create up to 500 lineups per file ,,,,,,,,
30500487,30500591,30500587,30500867,30500903,30500909,30501363,30501381,30501653,,,,,,,,,,
30500488,30500591,30500589,30500903,30500909,30500933,30501351,30501401,30501651,,Position,Name + ID,Name,ID,Roster Position,Salary,Game Info,TeamAbbrev,AvgPointsPerGame
30500492,30500575,30500591,30500865,30500881,30500909,30501401,30500935,30501653,,WR,Tyreek Hill (30500861),Tyreek Hill,30500861,WR/FLEX,9500,NE@MIA 10/29/2023 01:00PM ET,MIA,28.37
30500488,30500591,30500587,30500865,30500881,30500903,30501363,30501401,30501659,,RB,Christian McCaffrey (30500565),Christian McCaffrey,30500565,RB/FLEX,9200,CIN@SF 10/29/2023 04:25PM ET,SF,25.94
30500494,30500591,30500589,30500863,30500867,30500881,30501401,30500983,30501659,,WR,Cooper Kupp (30500863),Cooper Kupp,30500863,WR/FLEX,9000,LAR@DAL 10/29/2023 01:00PM ET,LAR,20.17
30500506,30500575,30500591,30500867,30500881,30500903,30501381,30500933,30501651,,QB,Patrick Mahomes (30500486),Patrick Mahomes,30500486,QB,8400,KC@DEN 10/29/2023 04:25PM ET,KC,23.58
30500487,30500591,30500587,30500867,30500881,30500913,30501373,30500983,30501651,,TE,Travis Kelce (30501351),Travis Kelce,30501351,TE/FLEX,8400,KC@DEN 10/29/2023 04:25PM ET,KC,21.75
30500506,30500575,30500591,30500867,30500865,30500913,30501367,30500983,30501652,,QB,Jalen Hurts (30500487),Jalen Hurts,30500487,QB,8200,PHI@WAS 10/29/2023 01:00PM ET,PHI,24.03
30500489,30500575,30500591,30500861,30500903,30500935,30501401,30500983,30501651,,QB,Lamar Jackson (30500488),Lamar Jackson,30500488,QB,8100,BAL@ARI 10/29/2023 04:25PM ET,BAL,22.96
30500487,30500565,30500591,30500867,30500903,30500949,30501401,30501019,30501652,,WR,Ja'Marr Chase (30500865),Ja'Marr Chase,30500865,WR/FLEX,8100,CIN@SF 10/29/2023 04:25PM ET,CIN,21.63
30500486,30500575,30500591,30500901,30500915,30500983,30501351,30501401,30501653,,RB,Saquon Barkley (30500567),Saquon Barkley,30500567,RB/FLEX,8000,NYJ@NYG 10/29/2023 01:00PM ET,NYG,17.52
30500487,30500575,30500589,30500867,30500881,30500949,30501367,30501401,30501653,,WR,A.J. Brown (30500867),A.J. Brown,30500867,WR/FLEX,8000,PHI@WAS 10/29/2023 01:00PM ET,PHI,23.7
30500487,30500575,30500589,30500867,30500897,30500903,30501381,30500983,30501659,,WR,Puka Nacua (30500869),Puka Nacua,30500869,WR/FLEX,7900,LAR@DAL 10/29/2023 01:00PM ET,LAR,22.51
30500499,30500575,30500591,30500867,30500865,30500875,30501401,30501019,30501660,,QB,Tua Tagovailoa (30500489),Tua Tagovailoa,30500489,QB,7700,NE@MIA 10/29/2023 01:00PM ET,MIA,21.07
30500488,30500591,30500589,30500867,30500881,30500903,30501367,30500987,30501656,,RB,Raheem Mostert (30500569),Raheem Mostert,30500569,RB/FLEX,7700,NE@MIA 10/29/2023 01:00PM ET,MIA,21.79
30500488,30500565,30500591,30500881,30500933,30500983,30501353,30501401,30501653,,WR,CeeDee Lamb (30500871),CeeDee Lamb,30500871,WR/FLEX,7600,LAR@DAL 10/29/2023 01:00PM ET,DAL,15.93
30500492,30500591,30500589,30500867,30500881,30500897,30501373,30500909,30501660,,RB,Derrick Henry (30500571),Derrick Henry,30500571,RB/FLEX,7600,ATL@TEN 10/29/2023 01:00PM ET,TEN,15.05
30500488,30500591,30500587,30500867,30500909,30500935,30501353,30501401,30501656,,RB,Tony Pollard (30500573),Tony Pollard,30500573,RB/FLEX,7500,LAR@DAL 10/29/2023 01:00PM ET,DAL,15.93
30500506,30500565,30500575,30500867,30500909,30500901,30501401,30501381,30501653,,WR,Jaylen Waddle (30500873),Jaylen Waddle,30500873,WR/FLEX,7500,NE@MIA 10/29/2023 01:00PM ET,MIA,12.95
30500488,30500575,30500589,30500861,30500903,30501019,30501363,30501401,30501652,,RB,Alvin Kamara (30500575),Alvin Kamara,30500575,RB/FLEX,7300,NO@IND 10/29/2023 01:00PM ET,NO,21.7
30500487,30500591,30500607,30500867,30500897,30500913,30501367,30500935,30501653,,RB,Travis Etienne Jr. (30500577),Travis Etienne Jr.,30500577,RB/FLEX,7200,JAX@PIT 10/29/2023 01:00PM ET,JAX,20.14
,,,,,,,,,,RB,Kenneth Walker III (30500579),Kenneth Walker III,30500579,RB/FLEX,7000,CLE@SEA 10/29/2023 04:05PM ET,SEA,17.93
,,,,,,,,,,WR,Brandon Aiyuk (30500875),Brandon Aiyuk,30500875,WR/FLEX,7000,CIN@SF 10/29/2023 04:25PM ET,SF,16.52
,,,,,,,,,,QB,Kirk Cousins (30500490),Kirk Cousins,30500490,QB,6900,MIN@GB 10/29/2023 01:00PM ET,MIN,21.55
,,,,,,,,,,WR,DK Metcalf (30500877),DK Metcalf,30500877,WR/FLEX,6800,CLE@SEA 10/29/2023 04:05PM ET,SEA,14.14
,,,,,,,,,,WR,DeVonta Smith (30500879),DeVonta Smith,30500879,WR/FLEX,6700,PHI@WAS 10/29/2023 01:00PM ET,PHI,12.19
,,,,,,,,,,WR,Adam Thielen (30500881),Adam Thielen,30500881,WR/FLEX,6600,HOU@CAR 10/29/2023 01:00PM ET,CAR,22.58
,,,,,,,,,,QB,Matthew Stafford (30500491),Matthew Stafford,30500491,QB,6600,LAR@DAL 10/29/2023 01:00PM ET,LAR,16.46
,,,,,,,,,,WR,Michael Pittman Jr. (30500883),Michael Pittman Jr.,30500883,WR/FLEX,6500,NO@IND 10/29/2023 01:00PM ET,IND,15.41
,,,,,,,,,,RB,Aaron Jones (30500581),Aaron Jones,30500581,RB/FLEX,6400,MIN@GB 10/29/2023 01:00PM ET,GB,12.6
,,,,,,,,,,WR,Chris Olave (30500885),Chris Olave,30500885,WR/FLEX,6400,NO@IND 10/29/2023 01:00PM ET,NO,14.01
,,,,,,,,,,TE,Mark Andrews (30501353),Mark Andrews,30501353,TE/FLEX,6400,BAL@ARI 10/29/2023 04:25PM ET,BAL,15.62
,,,,,,,,,,QB,C.J. Stroud (30500492),C.J. Stroud,30500492,QB,6300,HOU@CAR 10/29/2023 01:00PM ET,HOU,18.65
,,,,,,,,,,WR,Garrett Wilson (30500887),Garrett Wilson,30500887,WR/FLEX,6300,NYJ@NYG 10/29/2023 01:00PM ET,NYJ,13.48
,,,,,,,,,,RB,D'Andre Swift (30500583),D'Andre Swift,30500583,RB/FLEX,6300,PHI@WAS 10/29/2023 01:00PM ET,PHI,16.17
,,,,,,,,,,TE,T.J. Hockenson (30501355),T.J. Hockenson,30501355,TE/FLEX,6200,MIN@GB 10/29/2023 01:00PM ET,MIN,13.86
,,,,,,,,,,RB,Jonathan Taylor (30500585),Jonathan Taylor,30500585,RB/FLEX,6200,NO@IND 10/29/2023 01:00PM ET,IND,12.3
,,,,,,,,,,QB,Trevor Lawrence (30500493),Trevor Lawrence,30500493,QB,6200,JAX@PIT 10/29/2023 01:00PM ET,JAX,16.47
,,,,,,,,,,WR,Amari Cooper (30500889),Amari Cooper,30500889,WR/FLEX,6200,CLE@SEA 10/29/2023 04:05PM ET,CLE,12.48
,,,,,,,,,,QB,Dak Prescott (30500494),Dak Prescott,30500494,QB,6100,LAR@DAL 10/29/2023 01:00PM ET,DAL,14.64
,,,,,,,,,,RB,Isiah Pacheco (30500587),Isiah Pacheco,30500587,RB/FLEX,6100,KC@DEN 10/29/2023 04:25PM ET,KC,15.17
,,,,,,,,,,WR,Deebo Samuel (30500891),Deebo Samuel,30500891,WR/FLEX,6100,CIN@SF 10/29/2023 04:25PM ET,SF,12.45
,,,,,,,,,,RB,Bijan Robinson (30500589),Bijan Robinson,30500589,RB/FLEX,6000,ATL@TEN 10/29/2023 01:00PM ET,ATL,14.61
,,,,,,,,,,WR,Tyler Lockett (30500893),Tyler Lockett,30500893,WR/FLEX,6000,CLE@SEA 10/29/2023 04:05PM ET,SEA,11.65
,,,,,,,,,,QB,Joe Burrow (30500495),Joe Burrow,30500495,QB,6000,CIN@SF 10/29/2023 04:25PM ET,CIN,12.77
,,,,,,,,,,RB,Breece Hall (30500591),Breece Hall,30500591,RB/FLEX,5900,NYJ@NYG 10/29/2023 01:00PM ET,NYJ,14.15
,,,,,,,,,,WR,Christian Kirk (30500897),Christian Kirk,30500897,WR/FLEX,5900,JAX@PIT 10/29/2023 01:00PM ET,JAX,15.28
,,,,,,,,,,QB,Geno Smith (30500496),Geno Smith,30500496,QB,5900,CLE@SEA 10/29/2023 04:05PM ET,SEA,15.42
,,,,,,,,,,WR,Tee Higgins (30500895),Tee Higgins,30500895,WR/FLEX,5900,CIN@SF 10/29/2023 04:25PM ET,CIN,8.18
,,,,,,,,,,WR,Calvin Ridley (30500899),Calvin Ridley,30500899,WR/FLEX,5800,JAX@PIT 10/29/2023 01:00PM ET,JAX,11.83
,,,,,,,,,,QB,Kyler Murray (30500497),Kyler Murray,30500497,QB,5800,BAL@ARI 10/29/2023 04:25PM ET,ARI,0
,,,,,,,,,,RB,Joe Mixon (30500593),Joe Mixon,30500593,RB/FLEX,5800,CIN@SF 10/29/2023 04:25PM ET,CIN,11.5
,,,,,,,,,,QB,Jordan Love (30500498),Jordan Love,30500498,QB,5700,MIN@GB 10/29/2023 01:00PM ET,GB,18.75
,,,,,,,,,,WR,Jordan Addison (30500901),Jordan Addison,30500901,WR/FLEX,5700,MIN@GB 10/29/2023 01:00PM ET,MIN,15.43
,,,,,,,,,,RB,Zack Moss (30500595),Zack Moss,30500595,RB/FLEX,5700,NO@IND 10/29/2023 01:00PM ET,IND,19.47
,,,,,,,,,,RB,Alexander Mattison (30500597),Alexander Mattison,30500597,RB/FLEX,5600,MIN@GB 10/29/2023 01:00PM ET,MIN,11.09
,,,,,,,,,,WR,George Pickens (30500905),George Pickens,30500905,WR/FLEX,5600,JAX@PIT 10/29/2023 01:00PM ET,PIT,16.6
,,,,,,,,,,WR,Zay Flowers (30500903),Zay Flowers,30500903,WR/FLEX,5600,BAL@ARI 10/29/2023 04:25PM ET,BAL,12.91
,,,,,,,,,,QB,Brock Purdy (30500499),Brock Purdy,30500499,QB,5600,CIN@SF 10/29/2023 04:25PM ET,SF,18.1
,,,,,,,,,,WR,Nico Collins (30500909),Nico Collins,30500909,WR/FLEX,5500,HOU@CAR 10/29/2023 01:00PM ET,HOU,17.95
,,,,,,,,,,QB,Derek Carr (30500500),Derek Carr,30500500,QB,5500,NO@IND 10/29/2023 01:00PM ET,NO,13.73
,,,,,,,,,,WR,DeAndre Hopkins (30500907),DeAndre Hopkins,30500907,WR/FLEX,5500,ATL@TEN 10/29/2023 01:00PM ET,TEN,11.27
,,,,,,,,,,QB,Deshaun Watson (30500501),Deshaun Watson,30500501,QB,5500,CLE@SEA 10/29/2023 04:05PM ET,CLE,14.16
,,,,,,,,,,RB,Gus Edwards (30500599),Gus Edwards,30500599,RB/FLEX,5500,BAL@ARI 10/29/2023 04:25PM ET,BAL,8.84
,,,,,,,,,,QB,Gardner Minshew II (30500502),Gardner Minshew II,30500502,QB,5400,NO@IND 10/29/2023 01:00PM ET,IND,11.6
,,,,,,,,,,RB,Rhamondre Stevenson (30500601),Rhamondre Stevenson,30500601,RB/FLEX,5400,NE@MIA 10/29/2023 01:00PM ET,NE,11.14
,,,,,,,,,,QB,Daniel Jones (30500503),Daniel Jones,30500503,QB,5400,NYJ@NYG 10/29/2023 01:00PM ET,NYG,13.01
,,,,,,,,,,RB,Brian Robinson Jr. (30500603),Brian Robinson Jr.,30500603,RB/FLEX,5400,PHI@WAS 10/29/2023 01:00PM ET,WAS,13.26
,,,,,,,,,,WR,Jerry Jeudy (30500911),Jerry Jeudy,30500911,WR/FLEX,5400,KC@DEN 10/29/2023 04:25PM ET,DEN,8.93
,,,,,,,,,,TE,George Kittle (30501357),George Kittle,30501357,TE/FLEX,5400,CIN@SF 10/29/2023 04:25PM ET,SF,10.09
,,,,,,,,,,RB,Dameon Pierce (30500607),Dameon Pierce,30500607,RB/FLEX,5300,HOU@CAR 10/29/2023 01:00PM ET,HOU,8.58
,,,,,,,,,,QB,Tyrod Taylor (30500505),Tyrod Taylor,30500505,QB,5300,NYJ@NYG 10/29/2023 01:00PM ET,NYG,6.22
,,,,,,,,,,WR,Terry McLaurin (30500913),Terry McLaurin,30500913,WR/FLEX,5300,PHI@WAS 10/29/2023 01:00PM ET,WAS,13.17
,,,,,,,,,,RB,Jerome Ford (30500605),Jerome Ford,30500605,RB/FLEX,5300,CLE@SEA 10/29/2023 04:05PM ET,CLE,14.47
,,,,,,,,,,QB,Russell Wilson (30500504),Russell Wilson,30500504,QB,5300,KC@DEN 10/29/2023 04:25PM ET,DEN,18.44
,,,,,,,,,,WR,Courtland Sutton (30500915),Courtland Sutton,30500915,WR/FLEX,5300,KC@DEN 10/29/2023 04:25PM ET,DEN,13.44
,,,,,,,,,,TE,Darren Waller (30501359),Darren Waller,30501359,TE/FLEX,5200,NYJ@NYG 10/29/2023 01:00PM ET,NYG,11.29
,,,,,,,,,,QB,Sam Howell (30500506),Sam Howell,30500506,QB,5200,PHI@WAS 10/29/2023 01:00PM ET,WAS,17.27
,,,,,,,,,,RB,Kareem Hunt (30500611),Kareem Hunt,30500611,RB/FLEX,5200,CLE@SEA 10/29/2023 04:05PM ET,CLE,9.48
,,,,,,,,,,QB,Joshua Dobbs (30500507),Joshua Dobbs,30500507,QB,5200,BAL@ARI 10/29/2023 04:25PM ET,ARI,15.52
,,,,,,,,,,WR,Marquise Brown (30500917),Marquise Brown,30500917,WR/FLEX,5200,BAL@ARI 10/29/2023 04:25PM ET,ARI,13.03
,,,,,,,,,,RB,Javonte Williams (30500609),Javonte Williams,30500609,RB/FLEX,5200,KC@DEN 10/29/2023 04:25PM ET,DEN,8.28
,,,,,,,,,,QB,Bryce Young (30500509),Bryce Young,30500509,QB,5100,HOU@CAR 10/29/2023 01:00PM ET,CAR,13.04
,,,,,,,,,,RB,AJ Dillon (30500613),AJ Dillon,30500613,RB/FLEX,5100,MIN@GB 10/29/2023 01:00PM ET,GB,7.07
,,,,,,,,,,WR,Christian Watson (30500919),Christian Watson,30500919,WR/FLEX,5100,MIN@GB 10/29/2023 01:00PM ET,GB,9.27
,,,,,,,,,,RB,Najee Harris (30500615),Najee Harris,30500615,RB/FLEX,5100,JAX@PIT 10/29/2023 01:00PM ET,PIT,8.2
,,,,,,,,,,QB,Desmond Ridder (30500508),Desmond Ridder,30500508,QB,5100,ATL@TEN 10/29/2023 01:00PM ET,ATL,16.56
,,,,,,,,,,WR,Drake London (30500921),Drake London,30500921,WR/FLEX,5100,ATL@TEN 10/29/2023 01:00PM ET,ATL,12.31
,,,,,,,,,,QB,Mac Jones (30500510),Mac Jones,30500510,QB,5000,NE@MIA 10/29/2023 01:00PM ET,NE,12.6
,,,,,,,,,,WR,Diontae Johnson (30500923),Diontae Johnson,30500923,WR/FLEX,5000,JAX@PIT 10/29/2023 01:00PM ET,PIT,10.35
,,,,,,,,,,RB,Tyler Allgeier (30500619),Tyler Allgeier,30500619,RB/FLEX,5000,ATL@TEN 10/29/2023 01:00PM ET,ATL,8.8
,,,,,,,,,,WR,Rashee Rice (30500925),Rashee Rice,30500925,WR/FLEX,5000,KC@DEN 10/29/2023 04:25PM ET,KC,10.6
,,,,,,,,,,RB,Jordan Mason (30500617),Jordan Mason,30500617,RB/FLEX,5000,CIN@SF 10/29/2023 04:25PM ET,SF,3.71
,,,,,,,,,,RB,Miles Sanders (30500625),Miles Sanders,30500625,RB/FLEX,4900,HOU@CAR 10/29/2023 01:00PM ET,CAR,9.22
,,,,,,,,,,WR,Tank Dell (30500929),Tank Dell,30500929,WR/FLEX,4900,HOU@CAR 10/29/2023 01:00PM ET,HOU,13.46
,,,,,,,,,,WR,Romeo Doubs (30500931),Romeo Doubs,30500931,WR/FLEX,4900,MIN@GB 10/29/2023 01:00PM ET,GB,12.13
,,,,,,,,,,WR,Michael Thomas (30500927),Michael Thomas,30500927,WR/FLEX,4900,NO@IND 10/29/2023 01:00PM ET,NO,11.01
,,,,,,,,,,QB,Kenny Pickett (30500511),Kenny Pickett,30500511,QB,4900,JAX@PIT 10/29/2023 01:00PM ET,PIT,12.25
,,,,,,,,,,RB,Jaylen Warren (30500623),Jaylen Warren,30500623,RB/FLEX,4900,JAX@PIT 10/29/2023 01:00PM ET,PIT,10.02
,,,,,,,,,,QB,Ryan Tannehill (30500512),Ryan Tannehill,30500512,QB,4900,ATL@TEN 10/29/2023 01:00PM ET,TEN,9.52
,,,,,,,,,,RB,Elijah Mitchell (30500621),Elijah Mitchell,30500621,RB/FLEX,4900,CIN@SF 10/29/2023 04:25PM ET,SF,2
,,,,,,,,,,RB,Chuba Hubbard (30500631),Chuba Hubbard,30500631,RB/FLEX,4800,HOU@CAR 10/29/2023 01:00PM ET,CAR,8.18
,,,,,,,,,,RB,Darrell Henderson Jr. (30500633),Darrell Henderson Jr.,30500633,RB/FLEX,4800,LAR@DAL 10/29/2023 01:00PM ET,LAR,13.6
,,,,,,,,,,RB,Cam Akers (30500627),Cam Akers,30500627,RB/FLEX,4800,MIN@GB 10/29/2023 01:00PM ET,MIN,6.08
,,,,,,,,,,WR,Josh Downs (30500933),Josh Downs,30500933,WR/FLEX,4800,NO@IND 10/29/2023 01:00PM ET,IND,12.59
,,,,,,,,,,QB,Zach Wilson (30500514),Zach Wilson,30500514,QB,4800,NYJ@NYG 10/29/2023 01:00PM ET,NYJ,11.28
,,,,,,,,,,QB,P.J. Walker (30500513),P.J. Walker,30500513,QB,4800,CLE@SEA 10/29/2023 04:05PM ET,CLE,6.1
,,,,,,,,,,RB,Emari Demercado (30500629),Emari Demercado,30500629,RB/FLEX,4800,BAL@ARI 10/29/2023 04:25PM ET,ARI,5
,,,,,,,,,,WR,K.J. Osborn (30500937),K.J. Osborn,30500937,WR/FLEX,4700,MIN@GB 10/29/2023 01:00PM ET,MIN,8.59
,,,,,,,,,,QB,Jameis Winston (30500519),Jameis Winston,30500519,QB,4700,NO@IND 10/29/2023 01:00PM ET,NO,0.88
,,,,,,,,,,QB,Mike White (30500518),Mike White,30500518,QB,4700,NE@MIA 10/29/2023 01:00PM ET,MIA,2.59
,,,,,,,,,,WR,Kendrick Bourne (30500935),Kendrick Bourne,30500935,WR/FLEX,4700,NE@MIA 10/29/2023 01:00PM ET,NE,12.63
,,,,,,,,,,QB,C.J. Beathard (30500515),C.J. Beathard,30500515,QB,4700,JAX@PIT 10/29/2023 01:00PM ET,JAX,0.08
,,,,,,,,,,QB,Malik Willis (30500516),Malik Willis,30500516,QB,4700,ATL@TEN 10/29/2023 01:00PM ET,TEN,2.33
,,,,,,,,,,RB,Tyjae Spears (30500637),Tyjae Spears,30500637,RB/FLEX,4700,ATL@TEN 10/29/2023 01:00PM ET,TEN,8.2
,,,,,,,,,,RB,Cordarrelle Patterson (30500641),Cordarrelle Patterson,30500641,RB/FLEX,4700,ATL@TEN 10/29/2023 01:00PM ET,ATL,2.22
,,,,,,,,,,QB,Tyler Huntley (30500517),Tyler Huntley,30500517,QB,4700,BAL@ARI 10/29/2023 04:25PM ET,BAL,0.4
,,,,,,,,,,RB,Justice Hill (30500635),Justice Hill,30500635,RB/FLEX,4700,BAL@ARI 10/29/2023 04:25PM ET,BAL,8.38
,,,,,,,,,,RB,Jaleel McLaughlin (30500639),Jaleel McLaughlin,30500639,RB/FLEX,4700,KC@DEN 10/29/2023 04:25PM ET,DEN,8.2
,,,,,,,,,,QB,Brett Rypien (30500524),Brett Rypien,30500524,QB,4600,LAR@DAL 10/29/2023 01:00PM ET,LAR,0
,,,,,,,,,,RB,Royce Freeman (30500651),Royce Freeman,30500651,RB/FLEX,4600,LAR@DAL 10/29/2023 01:00PM ET,LAR,1.65
,,,,,,,,,,WR,Brandin Cooks (30500941),Brandin Cooks,30500941,WR/FLEX,4600,LAR@DAL 10/29/2023 01:00PM ET,DAL,6.38
,,,,,,,,,,QB,Jaren Hall (30500520),Jaren Hall,30500520,QB,4600,MIN@GB 10/29/2023 01:00PM ET,MIN,0
,,,,,,,,,,RB,Ezekiel Elliott (30500643),Ezekiel Elliott,30500643,RB/FLEX,4600,NE@MIA 10/29/2023 01:00PM ET,NE,7.47
,,,,,,,,,,RB,Salvon Ahmed (30500649),Salvon Ahmed,30500649,RB/FLEX,4600,NE@MIA 10/29/2023 01:00PM ET,MIA,4.38
,,,,,,,,,,RB,Dalvin Cook (30500647),Dalvin Cook,30500647,RB/FLEX,4600,NYJ@NYG 10/29/2023 01:00PM ET,NYJ,3.92
,,,,,,,,,,QB,Mitch Trubisky (30500523),Mitch Trubisky,30500523,QB,4600,JAX@PIT 10/29/2023 01:00PM ET,PIT,0.72
,,,,,,,,,,TE,Dallas Goedert (30501361),Dallas Goedert,30501361,TE/FLEX,4600,PHI@WAS 10/29/2023 01:00PM ET,PHI,11.2
,,,,,,,,,,QB,Dorian Thompson-Robinson (30500521),Dorian Thompson-Robinson,30500521,QB,4600,CLE@SEA 10/29/2023 04:05PM ET,CLE,2.12
,,,,,,,,,,QB,Drew Lock (30500522),Drew Lock,30500522,QB,4600,CLE@SEA 10/29/2023 04:05PM ET,SEA,3.62
,,,,,,,,,,QB,Blaine Gabbert (30500525),Blaine Gabbert,30500525,QB,4600,KC@DEN 10/29/2023 04:25PM ET,KC,-0.86
,,,,,,,,,,QB,Jarrett Stidham (30500527),Jarrett Stidham,30500527,QB,4600,KC@DEN 10/29/2023 04:25PM ET,DEN,0
,,,,,,,,,,RB,Jerick McKinnon (30500645),Jerick McKinnon,30500645,RB/FLEX,4600,KC@DEN 10/29/2023 04:25PM ET,KC,5.69
,,,,,,,,,,QB,Jake Browning (30500526),Jake Browning,30500526,QB,4600,CIN@SF 10/29/2023 04:25PM ET,CIN,-0.1
,,,,,,,,,,WR,Tyler Boyd (30500939),Tyler Boyd,30500939,WR/FLEX,4600,CIN@SF 10/29/2023 04:25PM ET,CIN,9.4
,,,,,,,,,,QB,Andy Dalton (30500529),Andy Dalton,30500529,QB,4500,HOU@CAR 10/29/2023 01:00PM ET,CAR,8.88
,,,,,,,,,,QB,Davis Mills (30500534),Davis Mills,30500534,QB,4500,HOU@CAR 10/29/2023 01:00PM ET,HOU,0
,,,,,,,,,,QB,Cooper Rush (30500536),Cooper Rush,30500536,QB,4500,LAR@DAL 10/29/2023 01:00PM ET,DAL,0.24
,,,,,,,,,,QB,Sean Clifford (30500532),Sean Clifford,30500532,QB,4500,MIN@GB 10/29/2023 01:00PM ET,GB,0
,,,,,,,,,,QB,Sam Ehlinger (30500528),Sam Ehlinger,30500528,QB,4500,NO@IND 10/29/2023 01:00PM ET,IND,0
,,,,,,,,,,QB,Bailey Zappe (30500533),Bailey Zappe,30500533,QB,4500,NE@MIA 10/29/2023 01:00PM ET,NE,1.58
,,,,,,,,,,RB,Jeff Wilson Jr. (30500659),Jeff Wilson Jr.,30500659,RB/FLEX,4500,NE@MIA 10/29/2023 01:00PM ET,MIA,1.4
,,,,,,,,,,TE,Evan Engram (30501363),Evan Engram,30501363,TE/FLEX,4500,JAX@PIT 10/29/2023 01:00PM ET,JAX,10.8
,,,,,,,,,,QB,Taylor Heinicke (30500535),Taylor Heinicke,30500535,QB,4500,ATL@TEN 10/29/2023 01:00PM ET,ATL,0
,,,,,,,,,,QB,Marcus Mariota (30500530),Marcus Mariota,30500530,QB,4500,PHI@WAS 10/29/2023 01:00PM ET,PHI,0
,,,,,,,,,,QB,Jacoby Brissett (30500531),Jacoby Brissett,30500531,QB,4500,PHI@WAS 10/29/2023 01:00PM ET,WAS,0
,,,,,,,,,,RB,Antonio Gibson (30500655),Antonio Gibson,30500655,RB/FLEX,4500,PHI@WAS 10/29/2023 01:00PM ET,WAS,6.04
,,,,,,,,,,RB,Kenneth Gainwell (30500657),Kenneth Gainwell,30500657,RB/FLEX,4500,PHI@WAS 10/29/2023 01:00PM ET,PHI,6.17
,,,,,,,,,,WR,Jahan Dotson (30500943),Jahan Dotson,30500943,WR/FLEX,4500,PHI@WAS 10/29/2023 01:00PM ET,WAS,6.61
,,,,,,,,,,RB,Keaontay Ingram (30500653),Keaontay Ingram,30500653,RB/FLEX,4500,BAL@ARI 10/29/2023 04:25PM ET,ARI,2.08
,,,,,,,,,,RB,Devin Singletary (30500661),Devin Singletary,30500661,RB/FLEX,4400,HOU@CAR 10/29/2023 01:00PM ET,HOU,4.57
,,,,,,,,,,WR,Tutu Atwell (30500945),Tutu Atwell,30500945,WR/FLEX,4400,LAR@DAL 10/29/2023 01:00PM ET,LAR,11.96
,,,,,,,,,,RB,Ty Chandler (30500665),Ty Chandler,30500665,RB/FLEX,4400,MIN@GB 10/29/2023 01:00PM ET,MIN,1.93
,,,,,,,,,,RB,Matt Breida (30500663),Matt Breida,30500663,RB/FLEX,4400,NYJ@NYG 10/29/2023 01:00PM ET,NYG,4.61
,,,,,,,,,,QB,Will Levis (30500537),Will Levis,30500537,QB,4400,ATL@TEN 10/29/2023 01:00PM ET,TEN,0
,,,,,,,,,,QB,Clayton Tune (30500538),Clayton Tune,30500538,QB,4400,BAL@ARI 10/29/2023 04:25PM ET,ARI,0.16
,,,,,,,,,,RB,Trayveon Williams (30500667),Trayveon Williams,30500667,RB/FLEX,4400,CIN@SF 10/29/2023 04:25PM ET,CIN,1.12
,,,,,,,,,,RB,Rico Dowdle (30500673),Rico Dowdle,30500673,RB/FLEX,4300,LAR@DAL 10/29/2023 01:00PM ET,DAL,4.45
,,,,,,,,,,RB,Jamaal Williams (30500669),Jamaal Williams,30500669,RB/FLEX,4300,NO@IND 10/29/2023 01:00PM ET,NO,3.83
,,,,,,,,,,DST,Eagles  (30501637),Eagles ,30501637,DST,4300,PHI@WAS 10/29/2023 01:00PM ET,PHI,8.43
,,,,,,,,,,RB,Zach Charbonnet (30500671),Zach Charbonnet,30500671,RB/FLEX,4300,CLE@SEA 10/29/2023 04:05PM ET,SEA,4.1
,,,,,,,,,,RB,Pierre Strong Jr. (30500675),Pierre Strong Jr.,30500675,RB/FLEX,4300,CLE@SEA 10/29/2023 04:05PM ET,CLE,2.7
,,,,,,,,,,WR,Jaxon Smith-Njigba (30500947),Jaxon Smith-Njigba,30500947,WR/FLEX,4300,CLE@SEA 10/29/2023 04:05PM ET,SEA,7.22
,,,,,,,,,,QB,Sam Darnold (30500539),Sam Darnold,30500539,QB,4300,CIN@SF 10/29/2023 04:25PM ET,SF,-0.12
,,,,,,,,,,RB,Kendre Miller (30500677),Kendre Miller,30500677,RB/FLEX,4200,NO@IND 10/29/2023 01:00PM ET,NO,4.28
,,,,,,,,,,RB,Tank Bigsby (30500687),Tank Bigsby,30500687,RB/FLEX,4200,JAX@PIT 10/29/2023 01:00PM ET,JAX,2.44
,,,,,,,,,,WR,Curtis Samuel (30500949),Curtis Samuel,30500949,WR/FLEX,4200,PHI@WAS 10/29/2023 01:00PM ET,WAS,11.71
,,,,,,,,,,RB,DeeJay Dallas (30500683),DeeJay Dallas,30500683,RB/FLEX,4200,CLE@SEA 10/29/2023 04:05PM ET,SEA,0.92
,,,,,,,,,,RB,Tony Jones Jr. (30500681),Tony Jones Jr.,30500681,RB/FLEX,4200,BAL@ARI 10/29/2023 04:25PM ET,ARI,6.28
,,,,,,,,,,DST,Ravens  (30501638),Ravens ,30501638,DST,4200,BAL@ARI 10/29/2023 04:25PM ET,BAL,9.86
,,,,,,,,,,RB,Samaje Perine (30500679),Samaje Perine,30500679,RB/FLEX,4200,KC@DEN 10/29/2023 04:25PM ET,DEN,7.04
,,,,,,,,,,RB,Clyde Edwards-Helaire (30500685),Clyde Edwards-Helaire,30500685,RB/FLEX,4200,KC@DEN 10/29/2023 04:25PM ET,KC,3.73
,,,,,,,,,,RB,Deuce Vaughn (30500689),Deuce Vaughn,30500689,RB/FLEX,4100,LAR@DAL 10/29/2023 01:00PM ET,DAL,2.18
,,,,,,,,,,WR,Elijah Moore (30500951),Elijah Moore,30500951,WR/FLEX,4100,CLE@SEA 10/29/2023 04:05PM ET,CLE,7.95
,,,,,,,,,,DST,49ers  (30501639),49ers ,30501639,DST,4100,CIN@SF 10/29/2023 04:25PM ET,SF,7.57
,,,,,,,,,,QB,Case Keenum (30500564),Case Keenum,30500564,QB,4000,HOU@CAR 10/29/2023 01:00PM ET,HOU,0
,,,,,,,,,,RB,Raheem Blackshear (30500843),Raheem Blackshear,30500843,RB/FLEX,4000,HOU@CAR 10/29/2023 01:00PM ET,CAR,1.6
,,,,,,,,,,RB,Tarik Cohen (30500845),Tarik Cohen,30500845,RB/FLEX,4000,HOU@CAR 10/29/2023 01:00PM ET,CAR,0
,,,,,,,,,,RB,Mike Boone (30500849),Mike Boone,30500849,RB/FLEX,4000,HOU@CAR 10/29/2023 01:00PM ET,HOU,1.26
,,,,,,,,,,RB,Dare Ogunbowale (30500851),Dare Ogunbowale,30500851,RB/FLEX,4000,HOU@CAR 10/29/2023 01:00PM ET,HOU,0.4
,,,,,,,,,,RB,Andrew Beck (30500853),Andrew Beck,30500853,RB/FLEX,4000,HOU@CAR 10/29/2023 01:00PM ET,HOU,1.03
,,,,,,,,,,RB,Troy Hairston (30500855),Troy Hairston,30500855,RB/FLEX,4000,HOU@CAR 10/29/2023 01:00PM ET,HOU,0
,,,,,,,,,,RB,Gerrid Doaks (30500857),Gerrid Doaks,30500857,RB/FLEX,4000,HOU@CAR 10/29/2023 01:00PM ET,HOU,0
,,,,,,,,,,WR,Robert Woods (30500955),Robert Woods,30500955,WR/FLEX,4000,HOU@CAR 10/29/2023 01:00PM ET,HOU,8.45
,,,,,,,,,,QB,Stetson Bennett (30500562),Stetson Bennett,30500562,QB,4000,LAR@DAL 10/29/2023 01:00PM ET,LAR,0
,,,,,,,,,,QB,Trey Lance (30500563),Trey Lance,30500563,QB,4000,LAR@DAL 10/29/2023 01:00PM ET,DAL,0
,,,,,,,,,,RB,Myles Gaskin (30500691),Myles Gaskin,30500691,RB/FLEX,4000,LAR@DAL 10/29/2023 01:00PM ET,LAR,0
,,,,,,,,,,RB,Kyren Williams (30500693),Kyren Williams,30500693,RB/FLEX,4000,LAR@DAL 10/29/2023 01:00PM ET,LAR,19.52
,,,,,,,,,,RB,Ronnie Rivers (30500697),Ronnie Rivers,30500697,RB/FLEX,4000,LAR@DAL 10/29/2023 01:00PM ET,LAR,1.92
,,,,,,,,,,RB,Zach Evans (30500837),Zach Evans,30500837,RB/FLEX,4000,LAR@DAL 10/29/2023 01:00PM ET,LAR,0.33
,,,,,,,,,,RB,Hunter Luepke (30500839),Hunter Luepke,30500839,RB/FLEX,4000,LAR@DAL 10/29/2023 01:00PM ET,DAL,1.58
,,,,,,,,,,RB,Malik Davis (30500841),Malik Davis,30500841,RB/FLEX,4000,LAR@DAL 10/29/2023 01:00PM ET,DAL,0
,,,,,,,,,,QB,Nick Mullens (30500559),Nick Mullens,30500559,QB,4000,MIN@GB 10/29/2023 01:00PM ET,MIN,0
,,,,,,,,,,QB,Sean Mannion (30500560),Sean Mannion,30500560,QB,4000,MIN@GB 10/29/2023 01:00PM ET,MIN,0
,,,,,,,,,,QB,Alex McGough (30500561),Alex McGough,30500561,QB,4000,MIN@GB 10/29/2023 01:00PM ET,GB,0
,,,,,,,,,,RB,Kene Nwangwu (30500825),Kene Nwangwu,30500825,RB/FLEX,4000,MIN@GB 10/29/2023 01:00PM ET,MIN,0
,,,,,,,,,,RB,C.J. Ham (30500827),C.J. Ham,30500827,RB/FLEX,4000,MIN@GB 10/29/2023 01:00PM ET,MIN,0.63
,,,,,,,,,,RB,DeWayne McBride (30500829),DeWayne McBride,30500829,RB/FLEX,4000,MIN@GB 10/29/2023 01:00PM ET,MIN,0
,,,,,,,,,,RB,Emanuel Wilson (30500831),Emanuel Wilson,30500831,RB/FLEX,4000,MIN@GB 10/29/2023 01:00PM ET,GB,1.85
,,,,,,,,,,RB,Henry Pearson (30500833),Henry Pearson,30500833,RB/FLEX,4000,MIN@GB 10/29/2023 01:00PM ET,GB,0
,,,,,,,,,,RB,James Robinson (30500835),James Robinson,30500835,RB/FLEX,4000,MIN@GB 10/29/2023 01:00PM ET,GB,0
,,,,,,,,,,QB,Jake Haener (30500556),Jake Haener,30500556,QB,4000,NO@IND 10/29/2023 01:00PM ET,NO,0
,,,,,,,,,,QB,Anthony Richardson (30500557),Anthony Richardson,30500557,QB,4000,NO@IND 10/29/2023 01:00PM ET,IND,18.67
,,,,,,,,,,QB,Kellen Mond (30500558),Kellen Mond,30500558,QB,4000,NO@IND 10/29/2023 01:00PM ET,IND,0
,,,,,,,,,,RB,Eno Benjamin (30500815),Eno Benjamin,30500815,RB/FLEX,4000,NO@IND 10/29/2023 01:00PM ET,NO,0
,,,,,,,,,,RB,Adam Prentice (30500817),Adam Prentice,30500817,RB/FLEX,4000,NO@IND 10/29/2023 01:00PM ET,NO,0.2
,,,,,,,,,,RB,Trey Sermon (30500819),Trey Sermon,30500819,RB/FLEX,4000,NO@IND 10/29/2023 01:00PM ET,IND,0.76
,,,,,,,,,,RB,Evan Hull (30500821),Evan Hull,30500821,RB/FLEX,4000,NO@IND 10/29/2023 01:00PM ET,IND,1.7
,,,,,,,,,,RB,Tyler Goodson (30500823),Tyler Goodson,30500823,RB/FLEX,4000,NO@IND 10/29/2023 01:00PM ET,IND,0
,,,,,,,,,,RB,Zavier Scott (30500859),Zavier Scott,30500859,RB/FLEX,4000,NO@IND 10/29/2023 01:00PM ET,IND,0
,,,,,,,,,,TE,Taysom Hill (30501365),Taysom Hill,30501365,TE/FLEX,4000,NO@IND 10/29/2023 01:00PM ET,NO,6.79
,,,,,,,,,,QB,Malik Cunningham (30500541),Malik Cunningham,30500541,QB,4000,NE@MIA 10/29/2023 01:00PM ET,NE,0
,,,,,,,,,,QB,Will Grier (30500554),Will Grier,30500554,QB,4000,NE@MIA 10/29/2023 01:00PM ET,NE,0
,,,,,,,,,,QB,Skylar Thompson (30500555),Skylar Thompson,30500555,QB,4000,NE@MIA 10/29/2023 01:00PM ET,MIA,0
,,,,,,,,,,RB,Kevin Harris (30500803),Kevin Harris,30500803,RB/FLEX,4000,NE@MIA 10/29/2023 01:00PM ET,NE,0
,,,,,,,,,,RB,Patrick Taylor (30500805),Patrick Taylor,30500805,RB/FLEX,4000,NE@MIA 10/29/2023 01:00PM ET,NE,2.72
,,,,,,,,,,RB,De'Von Achane (30500807),De'Von Achane,30500807,RB/FLEX,4000,NE@MIA 10/29/2023 01:00PM ET,MIA,27.92
,,,,,,,,,,RB,Chris Brooks (30500809),Chris Brooks,30500809,RB/FLEX,4000,NE@MIA 10/29/2023 01:00PM ET,MIA,1.57
,,,,,,,,,,RB,Jake Funk (30500811),Jake Funk,30500811,RB/FLEX,4000,NE@MIA 10/29/2023 01:00PM ET,MIA,0.8
,,,,,,,,,,RB,Alec Ingold (30500813),Alec Ingold,30500813,RB/FLEX,4000,NE@MIA 10/29/2023 01:00PM ET,MIA,1.24
,,,,,,,,,,QB,Trevor Siemian (30500540),Trevor Siemian,30500540,QB,4000,NYJ@NYG 10/29/2023 01:00PM ET,NYJ,0
,,,,,,,,,,QB,Tim Boyle (30500551),Tim Boyle,30500551,QB,4000,NYJ@NYG 10/29/2023 01:00PM ET,NYJ,0
,,,,,,,,,,QB,Aaron Rodgers (30500552),Aaron Rodgers,30500552,QB,4000,NYJ@NYG 10/29/2023 01:00PM ET,NYJ,0
,,,,,,,,,,QB,Tommy DeVito (30500553),Tommy DeVito,30500553,QB,4000,NYJ@NYG 10/29/2023 01:00PM ET,NYG,0
,,,,,,,,,,RB,Deon Jackson (30500741),Deon Jackson,30500741,RB/FLEX,4000,NYJ@NYG 10/29/2023 01:00PM ET,NYG,1.93
,,,,,,,,,,RB,Michael Carter (30500789),Michael Carter,30500789,RB/FLEX,4000,NYJ@NYG 10/29/2023 01:00PM ET,NYJ,2.83
,,,,,,,,,,RB,Israel Abanikanda (30500791),Israel Abanikanda,30500791,RB/FLEX,4000,NYJ@NYG 10/29/2023 01:00PM ET,NYJ,0
,,,,,,,,,,RB,Nick Bawden (30500793),Nick Bawden,30500793,RB/FLEX,4000,NYJ@NYG 10/29/2023 01:00PM ET,NYJ,1.02
,,,,,,,,,,RB,Xazavian Valladay (30500795),Xazavian Valladay,30500795,RB/FLEX,4000,NYJ@NYG 10/29/2023 01:00PM ET,NYJ,0
,,,,,,,,,,RB,Eric Gray (30500797),Eric Gray,30500797,RB/FLEX,4000,NYJ@NYG 10/29/2023 01:00PM ET,NYG,0.54
,,,,,,,,,,RB,Chris Myarick (30500799),Chris Myarick,30500799,RB/FLEX,4000,NYJ@NYG 10/29/2023 01:00PM ET,NYG,0
,,,,,,,,,,RB,Gary Brightwell (30500801),Gary Brightwell,30500801,RB/FLEX,4000,NYJ@NYG 10/29/2023 01:00PM ET,NYG,1.66
,,,,,,,,,,RB,Jashaun Corbin (30500847),Jashaun Corbin,30500847,RB/FLEX,4000,NYJ@NYG 10/29/2023 01:00PM ET,NYG,0
,,,,,,,,,,DST,Jets  (30501640),Jets ,30501640,DST,4000,NYJ@NYG 10/29/2023 01:00PM ET,NYJ,10
,,,,,,,,,,QB,Mason Rudolph (30500542),Mason Rudolph,30500542,QB,4000,JAX@PIT 10/29/2023 01:00PM ET,PIT,0
,,,,,,,,,,RB,D'Ernest Johnson (30500773),D'Ernest Johnson,30500773,RB/FLEX,4000,JAX@PIT 10/29/2023 01:00PM ET,JAX,1.03
,,,,,,,,,,RB,JaMycal Hasty (30500775),JaMycal Hasty,30500775,RB/FLEX,4000,JAX@PIT 10/29/2023 01:00PM ET,JAX,0
,,,,,,,,,,RB,Snoop Conner (30500777),Snoop Conner,30500777,RB/FLEX,4000,JAX@PIT 10/29/2023 01:00PM ET,JAX,0
,,,,,,,,,,RB,Godwin Igwebuike (30500779),Godwin Igwebuike,30500779,RB/FLEX,4000,JAX@PIT 10/29/2023 01:00PM ET,PIT,0
,,,,,,,,,,RB,Anthony McFarland Jr. (30500781),Anthony McFarland Jr.,30500781,RB/FLEX,4000,JAX@PIT 10/29/2023 01:00PM ET,PIT,3.1
,,,,,,,,,,RB,Alfonzo Graham (30500783),Alfonzo Graham,30500783,RB/FLEX,4000,JAX@PIT 10/29/2023 01:00PM ET,PIT,0
,,,,,,,,,,RB,Qadree Ollison (30500785),Qadree Ollison,30500785,RB/FLEX,4000,JAX@PIT 10/29/2023 01:00PM ET,PIT,0
,,,,,,,,,,RB,Jack Colletto (30500787),Jack Colletto,30500787,RB/FLEX,4000,JAX@PIT 10/29/2023 01:00PM ET,PIT,0
,,,,,,,,,,WR,Zay Jones (30500953),Zay Jones,30500953,WR/FLEX,4000,JAX@PIT 10/29/2023 01:00PM ET,JAX,9.27
,,,,,,,,,,QB,Logan Woodside (30500550),Logan Woodside,30500550,QB,4000,ATL@TEN 10/29/2023 01:00PM ET,ATL,0
,,,,,,,,,,RB,Hassan Haskins (30500757),Hassan Haskins,30500757,RB/FLEX,4000,ATL@TEN 10/29/2023 01:00PM ET,TEN,0
,,,,,,,,,,RB,Julius Chestnut (30500759),Julius Chestnut,30500759,RB/FLEX,4000,ATL@TEN 10/29/2023 01:00PM ET,TEN,0
,,,,,,,,,,RB,Jacques Patrick (30500761),Jacques Patrick,30500761,RB/FLEX,4000,ATL@TEN 10/29/2023 01:00PM ET,TEN,0
,,,,,,,,,,RB,Avery Williams (30500763),Avery Williams,30500763,RB/FLEX,4000,ATL@TEN 10/29/2023 01:00PM ET,ATL,0
,,,,,,,,,,RB,Keith Smith (30500765),Keith Smith,30500765,RB/FLEX,4000,ATL@TEN 10/29/2023 01:00PM ET,ATL,0.67
,,,,,,,,,,RB,B.J. Baylor (30500767),B.J. Baylor,30500767,RB/FLEX,4000,ATL@TEN 10/29/2023 01:00PM ET,ATL,0
,,,,,,,,,,RB,Carlos Washington Jr. (30500769),Carlos Washington Jr.,30500769,RB/FLEX,4000,ATL@TEN 10/29/2023 01:00PM ET,ATL,0
,,,,,,,,,,RB,Jacob Saylors (30500771),Jacob Saylors,30500771,RB/FLEX,4000,ATL@TEN 10/29/2023 01:00PM ET,ATL,0
,,,,,,,,,,QB,Jake Fromm (30500548),Jake Fromm,30500548,QB,4000,PHI@WAS 10/29/2023 01:00PM ET,WAS,0
,,,,,,,,,,QB,Tanner McKee (30500549),Tanner McKee,30500549,QB,4000,PHI@WAS 10/29/2023 01:00PM ET,PHI,0
,,,,,,,,,,RB,Chris Rodriguez Jr. (30500745),Chris Rodriguez Jr.,30500745,RB/FLEX,4000,PHI@WAS 10/29/2023 01:00PM ET,WAS,1.22
,,,,,,,,,,RB,Alex Armah (30500747),Alex Armah,30500747,RB/FLEX,4000,PHI@WAS 10/29/2023 01:00PM ET,WAS,0
,,,,,,,,,,RB,Derrick Gore (30500749),Derrick Gore,30500749,RB/FLEX,4000,PHI@WAS 10/29/2023 01:00PM ET,WAS,0
,,,,,,,,,,RB,Boston Scott (30500751),Boston Scott,30500751,RB/FLEX,4000,PHI@WAS 10/29/2023 01:00PM ET,PHI,1.43
,,,,,,,,,,RB,Rashaad Penny (30500753),Rashaad Penny,30500753,RB/FLEX,4000,PHI@WAS 10/29/2023 01:00PM ET,PHI,2.4
,,,,,,,,,,RB,Lew Nichols III (30500755),Lew Nichols III,30500755,RB/FLEX,4000,PHI@WAS 10/29/2023 01:00PM ET,PHI,0
,,,,,,,,,,RB,SaRodorick Thompson Jr. (30500737),SaRodorick Thompson Jr.,30500737,RB/FLEX,4000,CLE@SEA 10/29/2023 04:05PM ET,SEA,0
,,,,,,,,,,RB,Kenny McIntosh (30500739),Kenny McIntosh,30500739,RB/FLEX,4000,CLE@SEA 10/29/2023 04:05PM ET,SEA,0
,,,,,,,,,,RB,Nick Chubb (30500743),Nick Chubb,30500743,RB/FLEX,4000,CLE@SEA 10/29/2023 04:05PM ET,CLE,13.05
,,,,,,,,,,QB,Josh Johnson (30500547),Josh Johnson,30500547,QB,4000,BAL@ARI 10/29/2023 04:25PM ET,BAL,0
,,,,,,,,,,RB,Melvin Gordon III (30500695),Melvin Gordon III,30500695,RB/FLEX,4000,BAL@ARI 10/29/2023 04:25PM ET,BAL,6.45
,,,,,,,,,,RB,Keaton Mitchell (30500721),Keaton Mitchell,30500721,RB/FLEX,4000,BAL@ARI 10/29/2023 04:25PM ET,BAL,0.95
,,,,,,,,,,RB,J.K. Dobbins (30500723),J.K. Dobbins,30500723,RB/FLEX,4000,BAL@ARI 10/29/2023 04:25PM ET,BAL,11.7
,,,,,,,,,,RB,Owen Wright (30500725),Owen Wright,30500725,RB/FLEX,4000,BAL@ARI 10/29/2023 04:25PM ET,BAL,0
,,,,,,,,,,RB,Patrick Ricard (30500727),Patrick Ricard,30500727,RB/FLEX,4000,BAL@ARI 10/29/2023 04:25PM ET,BAL,1.26
,,,,,,,,,,RB,Damien Williams (30500729),Damien Williams,30500729,RB/FLEX,4000,BAL@ARI 10/29/2023 04:25PM ET,ARI,2.8
,,,,,,,,,,RB,James Conner (30500731),James Conner,30500731,RB/FLEX,4000,BAL@ARI 10/29/2023 04:25PM ET,ARI,12.48
,,,,,,,,,,RB,Marlon Mack (30500733),Marlon Mack,30500733,RB/FLEX,4000,BAL@ARI 10/29/2023 04:25PM ET,ARI,0
,,,,,,,,,,RB,Corey Clement (30500735),Corey Clement,30500735,RB/FLEX,4000,BAL@ARI 10/29/2023 04:25PM ET,ARI,0
,,,,,,,,,,QB,Chris Oladokun (30500545),Chris Oladokun,30500545,QB,4000,KC@DEN 10/29/2023 04:25PM ET,KC,0
,,,,,,,,,,QB,Ben DiNucci (30500546),Ben DiNucci,30500546,QB,4000,KC@DEN 10/29/2023 04:25PM ET,DEN,0
,,,,,,,,,,RB,La'Mical Perine (30500711),La'Mical Perine,30500711,RB/FLEX,4000,KC@DEN 10/29/2023 04:25PM ET,KC,0
,,,,,,,,,,RB,Deneric Prince (30500713),Deneric Prince,30500713,RB/FLEX,4000,KC@DEN 10/29/2023 04:25PM ET,KC,0
,,,,,,,,,,RB,Dwayne Washington (30500715),Dwayne Washington,30500715,RB/FLEX,4000,KC@DEN 10/29/2023 04:25PM ET,DEN,0
,,,,,,,,,,RB,Michael Burton (30500717),Michael Burton,30500717,RB/FLEX,4000,KC@DEN 10/29/2023 04:25PM ET,DEN,0.51
,,,,,,,,,,RB,Tyler Badie (30500719),Tyler Badie,30500719,RB/FLEX,4000,KC@DEN 10/29/2023 04:25PM ET,DEN,0
,,,,,,,,,,QB,Brandon Allen (30500543),Brandon Allen,30500543,QB,4000,CIN@SF 10/29/2023 04:25PM ET,SF,0
,,,,,,,,,,QB,AJ McCarron (30500544),AJ McCarron,30500544,QB,4000,CIN@SF 10/29/2023 04:25PM ET,CIN,0
,,,,,,,,,,RB,Tyrion Davis-Price (30500699),Tyrion Davis-Price,30500699,RB/FLEX,4000,CIN@SF 10/29/2023 04:25PM ET,SF,2.1
,,,,,,,,,,RB,Jeremy McNichols (30500701),Jeremy McNichols,30500701,RB/FLEX,4000,CIN@SF 10/29/2023 04:25PM ET,SF,0
,,,,,,,,,,RB,Kyle Juszczyk (30500703),Kyle Juszczyk,30500703,RB/FLEX,4000,CIN@SF 10/29/2023 04:25PM ET,SF,2.36
,,,,,,,,,,RB,Chase Brown (30500705),Chase Brown,30500705,RB/FLEX,4000,CIN@SF 10/29/2023 04:25PM ET,CIN,0.86
,,,,,,,,,,RB,Chris Evans (30500707),Chris Evans,30500707,RB/FLEX,4000,CIN@SF 10/29/2023 04:25PM ET,CIN,0.52
,,,,,,,,,,RB,Demetric Felton (30500709),Demetric Felton,30500709,RB/FLEX,4000,CIN@SF 10/29/2023 04:25PM ET,CIN,0
,,,,,,,,,,TE,Dalton Schultz (30501367),Dalton Schultz,30501367,TE/FLEX,3900,HOU@CAR 10/29/2023 01:00PM ET,HOU,10.08
,,,,,,,,,,WR,Rashid Shaheed (30500957),Rashid Shaheed,30500957,WR/FLEX,3900,NO@IND 10/29/2023 01:00PM ET,NO,10.41
,,,,,,,,,,WR,Treylon Burks (30500959),Treylon Burks,30500959,WR/FLEX,3900,ATL@TEN 10/29/2023 01:00PM ET,TEN,5.6
,,,,,,,,,,DST,Chiefs  (30501641),Chiefs ,30501641,DST,3900,KC@DEN 10/29/2023 04:25PM ET,KC,8.57
,,,,,,,,,,WR,DJ Chark Jr. (30500963),DJ Chark Jr.,30500963,WR/FLEX,3800,HOU@CAR 10/29/2023 01:00PM ET,CAR,8.94
,,,,,,,,,,DST,Dolphins  (30501642),Dolphins ,30501642,DST,3800,NE@MIA 10/29/2023 01:00PM ET,MIA,6.43
,,,,,,,,,,TE,Kyle Pitts (30501369),Kyle Pitts,30501369,TE/FLEX,3800,ATL@TEN 10/29/2023 01:00PM ET,ATL,8.63
,,,,,,,,,,WR,Odell Beckham Jr. (30500961),Odell Beckham Jr.,30500961,WR/FLEX,3800,BAL@ARI 10/29/2023 04:25PM ET,BAL,6.04
,,,,,,,,,,WR,Jauan Jennings (30500965),Jauan Jennings,30500965,WR/FLEX,3800,CIN@SF 10/29/2023 04:25PM ET,SF,5.02
,,,,,,,,,,WR,Jayden Reed (30500969),Jayden Reed,30500969,WR/FLEX,3700,MIN@GB 10/29/2023 01:00PM ET,GB,9.82
,,,,,,,,,,DST,Saints  (30501643),Saints ,30501643,DST,3700,NO@IND 10/29/2023 01:00PM ET,NO,9
,,,,,,,,,,TE,Hunter Henry (30501371),Hunter Henry,30501371,TE/FLEX,3700,NE@MIA 10/29/2023 01:00PM ET,NE,7.57
,,,,,,,,,,WR,Wan'Dale Robinson (30500967),Wan'Dale Robinson,30500967,WR/FLEX,3700,NYJ@NYG 10/29/2023 01:00PM ET,NYG,8.02
,,,,,,,,,,TE,Jake Ferguson (30501373),Jake Ferguson,30501373,TE/FLEX,3600,LAR@DAL 10/29/2023 01:00PM ET,DAL,7.67
,,,,,,,,,,DST,Cowboys  (30501644),Cowboys ,30501644,DST,3600,LAR@DAL 10/29/2023 01:00PM ET,DAL,13.83
,,,,,,,,,,TE,David Njoku (30501375),David Njoku,30501375,TE/FLEX,3600,CLE@SEA 10/29/2023 04:05PM ET,CLE,7.43
,,,,,,,,,,WR,Michael Wilson (30500971),Michael Wilson,30500971,WR/FLEX,3600,BAL@ARI 10/29/2023 04:25PM ET,ARI,9.61
,,,,,,,,,,TE,Luke Musgrave (30501379),Luke Musgrave,30501379,TE/FLEX,3500,MIN@GB 10/29/2023 01:00PM ET,GB,6.82
,,,,,,,,,,WR,Isaiah Hodgins (30500973),Isaiah Hodgins,30500973,WR/FLEX,3500,NYJ@NYG 10/29/2023 01:00PM ET,NYG,4.14
,,,,,,,,,,DST,Giants  (30501645),Giants ,30501645,DST,3500,NYJ@NYG 10/29/2023 01:00PM ET,NYG,4.71
,,,,,,,,,,TE,Jonnu Smith (30501377),Jonnu Smith,30501377,TE/FLEX,3500,ATL@TEN 10/29/2023 01:00PM ET,ATL,9.13
,,,,,,,,,,WR,Jake Bobo (30500975),Jake Bobo,30500975,WR/FLEX,3500,CLE@SEA 10/29/2023 04:05PM ET,SEA,5.2
,,,,,,,,,,WR,Jonathan Mingo (30500991),Jonathan Mingo,30500991,WR/FLEX,3400,HOU@CAR 10/29/2023 01:00PM ET,CAR,5.66
,,,,,,,,,,WR,Michael Gallup (30500983),Michael Gallup,30500983,WR/FLEX,3400,LAR@DAL 10/29/2023 01:00PM ET,DAL,6.4
,,,,,,,,,,WR,Alec Pierce (30500979),Alec Pierce,30500979,WR/FLEX,3400,NO@IND 10/29/2023 01:00PM ET,IND,4.89
,,,,,,,,,,WR,Allen Lazard (30500981),Allen Lazard,30500981,WR/FLEX,3400,NYJ@NYG 10/29/2023 01:00PM ET,NYJ,6.83
,,,,,,,,,,WR,Darius Slayton (30500989),Darius Slayton,30500989,WR/FLEX,3400,NYJ@NYG 10/29/2023 01:00PM ET,NYG,6.26
,,,,,,,,,,TE,Logan Thomas (30501381),Logan Thomas,30501381,TE/FLEX,3400,PHI@WAS 10/29/2023 01:00PM ET,WAS,9.63
,,,,,,,,,,DST,Seahawks  (30501646),Seahawks ,30501646,DST,3400,CLE@SEA 10/29/2023 04:05PM ET,SEA,10.17
,,,,,,,,,,WR,Nelson Agholor (30500977),Nelson Agholor,30500977,WR/FLEX,3400,BAL@ARI 10/29/2023 04:25PM ET,BAL,7.31
,,,,,,,,,,WR,Rondale Moore (30500987),Rondale Moore,30500987,WR/FLEX,3400,BAL@ARI 10/29/2023 04:25PM ET,ARI,6.84
,,,,,,,,,,WR,Kadarius Toney (30500985),Kadarius Toney,30500985,WR/FLEX,3400,KC@DEN 10/29/2023 04:25PM ET,KC,4.9
,,,,,,,,,,DST,Texans  (30501647),Texans ,30501647,DST,3300,HOU@CAR 10/29/2023 01:00PM ET,HOU,7.67
,,,,,,,,,,TE,Tyler Higbee (30501383),Tyler Higbee,30501383,TE/FLEX,3300,LAR@DAL 10/29/2023 01:00PM ET,LAR,6.44
,,,,,,,,,,WR,Demario Douglas (30501007),Demario Douglas,30501007,WR/FLEX,3300,NE@MIA 10/29/2023 01:00PM ET,NE,5.87
,,,,,,,,,,WR,Allen Robinson II (30500999),Allen Robinson II,30500999,WR/FLEX,3300,JAX@PIT 10/29/2023 01:00PM ET,PIT,5.4
,,,,,,,,,,WR,Nick Westbrook-Ikhine (30500995),Nick Westbrook-Ikhine,30500995,WR/FLEX,3300,ATL@TEN 10/29/2023 01:00PM ET,TEN,7.47
,,,,,,,,,,WR,Mack Hollins (30500997),Mack Hollins,30500997,WR/FLEX,3300,ATL@TEN 10/29/2023 01:00PM ET,ATL,4.34
,,,,,,,,,,WR,Rashod Bateman (30500993),Rashod Bateman,30500993,WR/FLEX,3300,BAL@ARI 10/29/2023 04:25PM ET,BAL,3.97
,,,,,,,,,,WR,Mecole Hardman Jr. (30501003),Mecole Hardman Jr.,30501003,WR/FLEX,3300,KC@DEN 10/29/2023 04:25PM ET,KC,0.53
,,,,,,,,,,WR,Marvin Mims Jr. (30501005),Marvin Mims Jr.,30501005,WR/FLEX,3300,KC@DEN 10/29/2023 04:25PM ET,DEN,6.97
,,,,,,,,,,WR,Ronnie Bell (30501001),Ronnie Bell,30501001,WR/FLEX,3300,CIN@SF 10/29/2023 04:25PM ET,SF,1.73
,,,,,,,,,,WR,Brandon Powell (30501019),Brandon Powell,30501019,WR/FLEX,3200,MIN@GB 10/29/2023 01:00PM ET,MIN,3.64
,,,,,,,,,,DST,Colts  (30501648),Colts ,30501648,DST,3200,NO@IND 10/29/2023 01:00PM ET,IND,6
,,,,,,,,,,WR,DeVante Parker (30501009),DeVante Parker,30501009,WR/FLEX,3200,NE@MIA 10/29/2023 01:00PM ET,NE,4.73
,,,,,,,,,,TE,Tyler Conklin (30501385),Tyler Conklin,30501385,TE/FLEX,3200,NYJ@NYG 10/29/2023 01:00PM ET,NYJ,7.12
,,,,,,,,,,WR,Calvin Austin III (30501021),Calvin Austin III,30501021,WR/FLEX,3200,JAX@PIT 10/29/2023 01:00PM ET,PIT,5.45
,,,,,,,,,,WR,Van Jefferson (30501017),Van Jefferson,30501017,WR/FLEX,3200,ATL@TEN 10/29/2023 01:00PM ET,ATL,2.96
,,,,,,,,,,WR,Julio Jones (30501015),Julio Jones,30501015,WR/FLEX,3200,PHI@WAS 10/29/2023 01:00PM ET,PHI,1.3
,,,,,,,,,,WR,Marquez Valdes-Scantling (30501011),Marquez Valdes-Scantling,30501011,WR/FLEX,3200,KC@DEN 10/29/2023 04:25PM ET,KC,5.14
,,,,,,,,,,WR,Skyy Moore (30501013),Skyy Moore,30501013,WR/FLEX,3200,KC@DEN 10/29/2023 04:25PM ET,KC,5.33
,,,,,,,,,,WR,JuJu Smith-Schuster (30501023),JuJu Smith-Schuster,30501023,WR/FLEX,3100,NE@MIA 10/29/2023 01:00PM ET,NE,4.52
,,,,,,,,,,WR,Jalin Hyatt (30501027),Jalin Hyatt,30501027,WR/FLEX,3100,NYJ@NYG 10/29/2023 01:00PM ET,NYG,4.07
,,,,,,,,,,DST,Titans  (30501649),Titans ,30501649,DST,3100,ATL@TEN 10/29/2023 01:00PM ET,TEN,5.83
,,,,,,,,,,WR,Donovan Peoples-Jones (30501025),Donovan Peoples-Jones,30501025,WR/FLEX,3100,CLE@SEA 10/29/2023 04:05PM ET,CLE,2.95
,,,,,,,,,,TE,Zach Ertz (30501387),Zach Ertz,30501387,TE/FLEX,3100,BAL@ARI 10/29/2023 04:25PM ET,ARI,7.39
,,,,,,,,,,WR,John Metchie III (30501029),John Metchie III,30501029,WR/FLEX,3000,HOU@CAR 10/29/2023 01:00PM ET,HOU,2.64
,,,,,,,,,,WR,Laviska Shenault Jr. (30501327),Laviska Shenault Jr.,30501327,WR/FLEX,3000,HOU@CAR 10/29/2023 01:00PM ET,CAR,2.8
,,,,,,,,,,WR,Terrace Marshall Jr. (30501329),Terrace Marshall Jr.,30501329,WR/FLEX,3000,HOU@CAR 10/29/2023 01:00PM ET,CAR,5.48
,,,,,,,,,,WR,Ihmir Smith-Marsette (30501331),Ihmir Smith-Marsette,30501331,WR/FLEX,3000,HOU@CAR 10/29/2023 01:00PM ET,CAR,0
,,,,,,,,,,WR,Derek Wright (30501333),Derek Wright,30501333,WR/FLEX,3000,HOU@CAR 10/29/2023 01:00PM ET,CAR,0
,,,,,,,,,,WR,Matt Landers (30501335),Matt Landers,30501335,WR/FLEX,3000,HOU@CAR 10/29/2023 01:00PM ET,CAR,0
,,,,,,,,,,WR,Mike Strachan (30501337),Mike Strachan,30501337,WR/FLEX,3000,HOU@CAR 10/29/2023 01:00PM ET,CAR,0
,,,,,,,,,,WR,Noah Brown (30501339),Noah Brown,30501339,WR/FLEX,3000,HOU@CAR 10/29/2023 01:00PM ET,HOU,5.3
,,,,,,,,,,WR,Xavier Hutchinson (30501341),Xavier Hutchinson,30501341,WR/FLEX,3000,HOU@CAR 10/29/2023 01:00PM ET,HOU,0.57
,,,,,,,,,,WR,Jesse Matthews (30501343),Jesse Matthews,30501343,WR/FLEX,3000,HOU@CAR 10/29/2023 01:00PM ET,HOU,0
,,,,,,,,,,WR,Johnny Johnson III (30501345),Johnny Johnson III,30501345,WR/FLEX,3000,HOU@CAR 10/29/2023 01:00PM ET,HOU,0
,,,,,,,,,,WR,Steven Sims Jr. (30501347),Steven Sims Jr.,30501347,WR/FLEX,3000,HOU@CAR 10/29/2023 01:00PM ET,HOU,0
,,,,,,,,,,WR,Jared Wayne (30501349),Jared Wayne,30501349,WR/FLEX,3000,HOU@CAR 10/29/2023 01:00PM ET,HOU,0
,,,,,,,,,,WR,Ben Skowronek (30501303),Ben Skowronek,30501303,WR/FLEX,3000,LAR@DAL 10/29/2023 01:00PM ET,LAR,0.63
,,,,,,,,,,WR,Demarcus Robinson (30501305),Demarcus Robinson,30501305,WR/FLEX,3000,LAR@DAL 10/29/2023 01:00PM ET,LAR,0
,,,,,,,,,,WR,Austin Trammell (30501307),Austin Trammell,30501307,WR/FLEX,3000,LAR@DAL 10/29/2023 01:00PM ET,LAR,-0.17
,,,,,,,,,,WR,Xavier Smith (30501309),Xavier Smith,30501309,WR/FLEX,3000,LAR@DAL 10/29/2023 01:00PM ET,LAR,0
,,,,,,,,,,WR,Tyler Johnson (30501311),Tyler Johnson,30501311,WR/FLEX,3000,LAR@DAL 10/29/2023 01:00PM ET,LAR,0
,,,,,,,,,,WR,Jalen Tolbert (30501313),Jalen Tolbert,30501313,WR/FLEX,3000,LAR@DAL 10/29/2023 01:00PM ET,DAL,2.18
,,,,,,,,,,WR,KaVontae Turpin (30501315),KaVontae Turpin,30501315,WR/FLEX,3000,LAR@DAL 10/29/2023 01:00PM ET,DAL,4.78
,,,,,,,,,,WR,John Stephens Jr. (30501317),John Stephens Jr.,30501317,WR/FLEX,3000,LAR@DAL 10/29/2023 01:00PM ET,DAL,0
,,,,,,,,,,WR,Jalen Brooks (30501319),Jalen Brooks,30501319,WR/FLEX,3000,LAR@DAL 10/29/2023 01:00PM ET,DAL,0
,,,,,,,,,,WR,David Durden (30501321),David Durden,30501321,WR/FLEX,3000,LAR@DAL 10/29/2023 01:00PM ET,DAL,0
,,,,,,,,,,WR,Tyron Billy-Johnson (30501323),Tyron Billy-Johnson,30501323,WR/FLEX,3000,LAR@DAL 10/29/2023 01:00PM ET,DAL,0
,,,,,,,,,,WR,Jalen Cropper (30501325),Jalen Cropper,30501325,WR/FLEX,3000,LAR@DAL 10/29/2023 01:00PM ET,DAL,0
,,,,,,,,,,WR,N'Keal Harry (30501277),N'Keal Harry,30501277,WR/FLEX,3000,MIN@GB 10/29/2023 01:00PM ET,MIN,0
,,,,,,,,,,WR,Jalen Nailor (30501279),Jalen Nailor,30501279,WR/FLEX,3000,MIN@GB 10/29/2023 01:00PM ET,MIN,0
,,,,,,,,,,WR,Justin Jefferson (30501281),Justin Jefferson,30501281,WR/FLEX,3000,MIN@GB 10/29/2023 01:00PM ET,MIN,23.82
,,,,,,,,,,WR,Malik Knowles (30501283),Malik Knowles,30501283,WR/FLEX,3000,MIN@GB 10/29/2023 01:00PM ET,MIN,0
,,,,,,,,,,WR,Trishton Jackson (30501285),Trishton Jackson,30501285,WR/FLEX,3000,MIN@GB 10/29/2023 01:00PM ET,MIN,0.57
,,,,,,,,,,WR,Thayer Thomas (30501287),Thayer Thomas,30501287,WR/FLEX,3000,MIN@GB 10/29/2023 01:00PM ET,MIN,0
,,,,,,,,,,WR,Dan Chisena (30501289),Dan Chisena,30501289,WR/FLEX,3000,MIN@GB 10/29/2023 01:00PM ET,MIN,0
,,,,,,,,,,WR,Lucky Jackson (30501291),Lucky Jackson,30501291,WR/FLEX,3000,MIN@GB 10/29/2023 01:00PM ET,MIN,0
,,,,,,,,,,WR,Dontayvion Wicks (30501293),Dontayvion Wicks,30501293,WR/FLEX,3000,MIN@GB 10/29/2023 01:00PM ET,GB,4.31
,,,,,,,,,,WR,Samori Toure (30501295),Samori Toure,30501295,WR/FLEX,3000,MIN@GB 10/29/2023 01:00PM ET,GB,2.2
,,,,,,,,,,WR,Malik Heath (30501297),Malik Heath,30501297,WR/FLEX,3000,MIN@GB 10/29/2023 01:00PM ET,GB,0
,,,,,,,,,,WR,Bo Melton (30501299),Bo Melton,30501299,WR/FLEX,3000,MIN@GB 10/29/2023 01:00PM ET,GB,0
,,,,,,,,,,WR,Grant DuBose (30501301),Grant DuBose,30501301,WR/FLEX,3000,MIN@GB 10/29/2023 01:00PM ET,GB,0
,,,,,,,,,,WR,Keith Kirkwood (30501257),Keith Kirkwood,30501257,WR/FLEX,3000,NO@IND 10/29/2023 01:00PM ET,NO,0.16
,,,,,,,,,,WR,Lynn Bowden Jr. (30501259),Lynn Bowden Jr.,30501259,WR/FLEX,3000,NO@IND 10/29/2023 01:00PM ET,NO,0
,,,,,,,,,,WR,A.T. Perry (30501261),A.T. Perry,30501261,WR/FLEX,3000,NO@IND 10/29/2023 01:00PM ET,NO,0
,,,,,,,,,,WR,Jontre Kirklin (30501263),Jontre Kirklin,30501263,WR/FLEX,3000,NO@IND 10/29/2023 01:00PM ET,NO,0
,,,,,,,,,,WR,Isaiah McKenzie (30501265),Isaiah McKenzie,30501265,WR/FLEX,3000,NO@IND 10/29/2023 01:00PM ET,IND,1.43
,,,,,,,,,,WR,Juwann Winfree (30501267),Juwann Winfree,30501267,WR/FLEX,3000,NO@IND 10/29/2023 01:00PM ET,IND,0
,,,,,,,,,,WR,Ashton Dulin (30501269),Ashton Dulin,30501269,WR/FLEX,3000,NO@IND 10/29/2023 01:00PM ET,IND,0
,,,,,,,,,,WR,Tyrie Cleveland (30501271),Tyrie Cleveland,30501271,WR/FLEX,3000,NO@IND 10/29/2023 01:00PM ET,IND,0
,,,,,,,,,,WR,KJ Hamler (30501273),KJ Hamler,30501273,WR/FLEX,3000,NO@IND 10/29/2023 01:00PM ET,IND,0
,,,,,,,,,,WR,D.J. Montgomery (30501275),D.J. Montgomery,30501275,WR/FLEX,3000,NO@IND 10/29/2023 01:00PM ET,IND,0
,,,,,,,,,,TE,Kylen Granson (30501391),Kylen Granson,30501391,TE/FLEX,3000,NO@IND 10/29/2023 01:00PM ET,IND,6.5
,,,,,,,,,,TE,Juwan Johnson (30501393),Juwan Johnson,30501393,TE/FLEX,3000,NO@IND 10/29/2023 01:00PM ET,NO,4.37
,,,,,,,,,,WR,Ty Montgomery II (30501227),Ty Montgomery II,30501227,WR/FLEX,3000,NE@MIA 10/29/2023 01:00PM ET,NE,1
,,,,,,,,,,WR,Tyquan Thornton (30501229),Tyquan Thornton,30501229,WR/FLEX,3000,NE@MIA 10/29/2023 01:00PM ET,NE,1.4
,,,,,,,,,,WR,Kayshon Boutte (30501231),Kayshon Boutte,30501231,WR/FLEX,3000,NE@MIA 10/29/2023 01:00PM ET,NE,0
,,,,,,,,,,WR,Jalen Reagor (30501233),Jalen Reagor,30501233,WR/FLEX,3000,NE@MIA 10/29/2023 01:00PM ET,NE,1.05
,,,,,,,,,,WR,Matthew Slater (30501235),Matthew Slater,30501235,WR/FLEX,3000,NE@MIA 10/29/2023 01:00PM ET,NE,0
,,,,,,,,,,WR,Tre Nixon (30501237),Tre Nixon,30501237,WR/FLEX,3000,NE@MIA 10/29/2023 01:00PM ET,NE,0
,,,,,,,,,,WR,Cedrick Wilson Jr. (30501239),Cedrick Wilson Jr.,30501239,WR/FLEX,3000,NE@MIA 10/29/2023 01:00PM ET,MIA,3.72
,,,,,,,,,,WR,Braxton Berrios (30501241),Braxton Berrios,30501241,WR/FLEX,3000,NE@MIA 10/29/2023 01:00PM ET,MIA,6.24
,,,,,,,,,,WR,Robbie Chosen (30501243),Robbie Chosen,30501243,WR/FLEX,3000,NE@MIA 10/29/2023 01:00PM ET,MIA,3.45
,,,,,,,,,,WR,Chase Claypool (30501245),Chase Claypool,30501245,WR/FLEX,3000,NE@MIA 10/29/2023 01:00PM ET,MIA,3.78
,,,,,,,,,,WR,River Cracraft (30501247),River Cracraft,30501247,WR/FLEX,3000,NE@MIA 10/29/2023 01:00PM ET,MIA,6.9
,,,,,,,,,,WR,Erik Ezukanma (30501249),Erik Ezukanma,30501249,WR/FLEX,3000,NE@MIA 10/29/2023 01:00PM ET,MIA,1.1
,,,,,,,,,,WR,Freddie Swain (30501251),Freddie Swain,30501251,WR/FLEX,3000,NE@MIA 10/29/2023 01:00PM ET,MIA,0
,,,,,,,,,,WR,Braylon Sanders (30501253),Braylon Sanders,30501253,WR/FLEX,3000,NE@MIA 10/29/2023 01:00PM ET,MIA,0
,,,,,,,,,,WR,Raleigh Webb (30501255),Raleigh Webb,30501255,WR/FLEX,3000,NE@MIA 10/29/2023 01:00PM ET,MIA,0
,,,,,,,,,,WR,Randall Cobb (30501209),Randall Cobb,30501209,WR/FLEX,3000,NYJ@NYG 10/29/2023 01:00PM ET,NYJ,1.17
,,,,,,,,,,WR,Xavier Gipson (30501211),Xavier Gipson,30501211,WR/FLEX,3000,NYJ@NYG 10/29/2023 01:00PM ET,NYJ,1.58
,,,,,,,,,,WR,Irvin Charles (30501213),Irvin Charles,30501213,WR/FLEX,3000,NYJ@NYG 10/29/2023 01:00PM ET,NYJ,0
,,,,,,,,,,WR,Jason Brownlee (30501215),Jason Brownlee,30501215,WR/FLEX,3000,NYJ@NYG 10/29/2023 01:00PM ET,NYJ,0
,,,,,,,,,,WR,Malik Taylor (30501217),Malik Taylor,30501217,WR/FLEX,3000,NYJ@NYG 10/29/2023 01:00PM ET,NYJ,0
,,,,,,,,,,WR,Sterling Shepard (30501219),Sterling Shepard,30501219,WR/FLEX,3000,NYJ@NYG 10/29/2023 01:00PM ET,NYG,0.8
,,,,,,,,,,WR,Parris Campbell (30501221),Parris Campbell,30501221,WR/FLEX,3000,NYJ@NYG 10/29/2023 01:00PM ET,NYG,3.5
,,,,,,,,,,WR,Bryce Ford-Wheaton (30501223),Bryce Ford-Wheaton,30501223,WR/FLEX,3000,NYJ@NYG 10/29/2023 01:00PM ET,NYG,0
,,,,,,,,,,WR,Dennis Houston (30501225),Dennis Houston,30501225,WR/FLEX,3000,NYJ@NYG 10/29/2023 01:00PM ET,NYG,0
,,,,,,,,,,WR,Jamal Agnew (30501187),Jamal Agnew,30501187,WR/FLEX,3000,JAX@PIT 10/29/2023 01:00PM ET,JAX,2.8
,,,,,,,,,,WR,Tim Jones (30501189),Tim Jones,30501189,WR/FLEX,3000,JAX@PIT 10/29/2023 01:00PM ET,JAX,1.1
,,,,,,,,,,WR,Elijah Cooks (30501191),Elijah Cooks,30501191,WR/FLEX,3000,JAX@PIT 10/29/2023 01:00PM ET,JAX,0
,,,,,,,,,,WR,Parker Washington (30501193),Parker Washington,30501193,WR/FLEX,3000,JAX@PIT 10/29/2023 01:00PM ET,JAX,0
,,,,,,,,,,WR,Jaylon Moore (30501195),Jaylon Moore,30501195,WR/FLEX,3000,JAX@PIT 10/29/2023 01:00PM ET,JAX,0
,,,,,,,,,,WR,Seth Williams (30501197),Seth Williams,30501197,WR/FLEX,3000,JAX@PIT 10/29/2023 01:00PM ET,JAX,0
,,,,,,,,,,WR,Jacob Harris (30501199),Jacob Harris,30501199,WR/FLEX,3000,JAX@PIT 10/29/2023 01:00PM ET,JAX,0
,,,,,,,,,,WR,Miles Boykin (30501201),Miles Boykin,30501201,WR/FLEX,3000,JAX@PIT 10/29/2023 01:00PM ET,PIT,0.25
,,,,,,,,,,WR,Dez Fitzpatrick (30501203),Dez Fitzpatrick,30501203,WR/FLEX,3000,JAX@PIT 10/29/2023 01:00PM ET,PIT,0
,,,,,,,,,,WR,Denzel Mims (30501205),Denzel Mims,30501205,WR/FLEX,3000,JAX@PIT 10/29/2023 01:00PM ET,PIT,0
,,,,,,,,,,WR,Duece Watts (30501207),Duece Watts,30501207,WR/FLEX,3000,JAX@PIT 10/29/2023 01:00PM ET,PIT,0
,,,,,,,,,,WR,Chris Moore (30501161),Chris Moore,30501161,WR/FLEX,3000,ATL@TEN 10/29/2023 01:00PM ET,TEN,3.17
,,,,,,,,,,WR,Kyle Philips (30501163),Kyle Philips,30501163,WR/FLEX,3000,ATL@TEN 10/29/2023 01:00PM ET,TEN,0.3
,,,,,,,,,,WR,Colton Dowell (30501165),Colton Dowell,30501165,WR/FLEX,3000,ATL@TEN 10/29/2023 01:00PM ET,TEN,0
,,,,,,,,,,WR,Kearis Jackson (30501167),Kearis Jackson,30501167,WR/FLEX,3000,ATL@TEN 10/29/2023 01:00PM ET,TEN,0
,,,,,,,,,,WR,Shi Smith (30501169),Shi Smith,30501169,WR/FLEX,3000,ATL@TEN 10/29/2023 01:00PM ET,TEN,0
,,,,,,,,,,WR,Tre'Shaun Harrison (30501171),Tre'Shaun Harrison,30501171,WR/FLEX,3000,ATL@TEN 10/29/2023 01:00PM ET,TEN,0
,,,,,,,,,,WR,Mason Kinsey (30501173),Mason Kinsey,30501173,WR/FLEX,3000,ATL@TEN 10/29/2023 01:00PM ET,TEN,0
,,,,,,,,,,WR,KhaDarel Hodge (30501175),KhaDarel Hodge,30501175,WR/FLEX,3000,ATL@TEN 10/29/2023 01:00PM ET,ATL,1.63
,,,,,,,,,,WR,Scotty Miller (30501177),Scotty Miller,30501177,WR/FLEX,3000,ATL@TEN 10/29/2023 01:00PM ET,ATL,1.43
,,,,,,,,,,WR,Josh Ali (30501179),Josh Ali,30501179,WR/FLEX,3000,ATL@TEN 10/29/2023 01:00PM ET,ATL,0
,,,,,,,,,,WR,Chris Blair (30501181),Chris Blair,30501181,WR/FLEX,3000,ATL@TEN 10/29/2023 01:00PM ET,ATL,0
,,,,,,,,,,WR,Frank Darby (30501183),Frank Darby,30501183,WR/FLEX,3000,ATL@TEN 10/29/2023 01:00PM ET,ATL,0
,,,,,,,,,,WR,Damiere Byrd (30501185),Damiere Byrd,30501185,WR/FLEX,3000,ATL@TEN 10/29/2023 01:00PM ET,ATL,0
,,,,,,,,,,TE,Chig Okonkwo (30501389),Chig Okonkwo,30501389,TE/FLEX,3000,ATL@TEN 10/29/2023 01:00PM ET,TEN,4.87
,,,,,,,,,,WR,Dyami Brown (30501135),Dyami Brown,30501135,WR/FLEX,3000,PHI@WAS 10/29/2023 01:00PM ET,WAS,2.1
,,,,,,,,,,WR,Byron Pringle (30501137),Byron Pringle,30501137,WR/FLEX,3000,PHI@WAS 10/29/2023 01:00PM ET,WAS,1.21
,,,,,,,,,,WR,Jamison Crowder (30501139),Jamison Crowder,30501139,WR/FLEX,3000,PHI@WAS 10/29/2023 01:00PM ET,WAS,0.59
,,,,,,,,,,WR,Mitchell Tinsley (30501141),Mitchell Tinsley,30501141,WR/FLEX,3000,PHI@WAS 10/29/2023 01:00PM ET,WAS,0
,,,,,,,,,,WR,Dax Milne (30501143),Dax Milne,30501143,WR/FLEX,3000,PHI@WAS 10/29/2023 01:00PM ET,WAS,0
,,,,,,,,,,WR,Brycen Tremayne (30501145),Brycen Tremayne,30501145,WR/FLEX,3000,PHI@WAS 10/29/2023 01:00PM ET,WAS,0
,,,,,,,,,,WR,Kazmeir Allen (30501147),Kazmeir Allen,30501147,WR/FLEX,3000,PHI@WAS 10/29/2023 01:00PM ET,WAS,0
,,,,,,,,,,WR,Olamide Zaccheaus (30501149),Olamide Zaccheaus,30501149,WR/FLEX,3000,PHI@WAS 10/29/2023 01:00PM ET,PHI,2.49
,,,,,,,,,,WR,Britain Covey (30501151),Britain Covey,30501151,WR/FLEX,3000,PHI@WAS 10/29/2023 01:00PM ET,PHI,0
,,,,,,,,,,WR,Quez Watkins (30501153),Quez Watkins,30501153,WR/FLEX,3000,PHI@WAS 10/29/2023 01:00PM ET,PHI,2.03
,,,,,,,,,,WR,Greg Ward (30501155),Greg Ward,30501155,WR/FLEX,3000,PHI@WAS 10/29/2023 01:00PM ET,PHI,0
,,,,,,,,,,WR,Joseph Ngata (30501157),Joseph Ngata,30501157,WR/FLEX,3000,PHI@WAS 10/29/2023 01:00PM ET,PHI,0
,,,,,,,,,,WR,Devon Allen (30501159),Devon Allen,30501159,WR/FLEX,3000,PHI@WAS 10/29/2023 01:00PM ET,PHI,0
,,,,,,,,,,WR,Cody Thompson (30501107),Cody Thompson,30501107,WR/FLEX,3000,CLE@SEA 10/29/2023 04:05PM ET,SEA,0.33
,,,,,,,,,,WR,Easop Winston Jr. (30501109),Easop Winston Jr.,30501109,WR/FLEX,3000,CLE@SEA 10/29/2023 04:05PM ET,SEA,0
,,,,,,,,,,WR,Dee Eskridge (30501111),Dee Eskridge,30501111,WR/FLEX,3000,CLE@SEA 10/29/2023 04:05PM ET,SEA,0
,,,,,,,,,,WR,Dareke Young (30501113),Dareke Young,30501113,WR/FLEX,3000,CLE@SEA 10/29/2023 04:05PM ET,SEA,0
,,,,,,,,,,WR,Cody White (30501115),Cody White,30501115,WR/FLEX,3000,CLE@SEA 10/29/2023 04:05PM ET,SEA,0
,,,,,,,,,,WR,Cade Johnson (30501117),Cade Johnson,30501117,WR/FLEX,3000,CLE@SEA 10/29/2023 04:05PM ET,SEA,0
,,,,,,,,,,WR,Tyjon Lindsey (30501119),Tyjon Lindsey,30501119,WR/FLEX,3000,CLE@SEA 10/29/2023 04:05PM ET,SEA,0
,,,,,,,,,,WR,Marquise Goodwin (30501121),Marquise Goodwin,30501121,WR/FLEX,3000,CLE@SEA 10/29/2023 04:05PM ET,CLE,1.3
,,,,,,,,,,WR,David Bell (30501123),David Bell,30501123,WR/FLEX,3000,CLE@SEA 10/29/2023 04:05PM ET,CLE,1.22
,,,,,,,,,,WR,Cedric Tillman (30501125),Cedric Tillman,30501125,WR/FLEX,3000,CLE@SEA 10/29/2023 04:05PM ET,CLE,0.38
,,,,,,,,,,WR,Jakeem Grant Sr. (30501127),Jakeem Grant Sr.,30501127,WR/FLEX,3000,CLE@SEA 10/29/2023 04:05PM ET,CLE,0
,,,,,,,,,,WR,Michael Woods II (30501129),Michael Woods II,30501129,WR/FLEX,3000,CLE@SEA 10/29/2023 04:05PM ET,CLE,0
,,,,,,,,,,WR,Austin Watkins Jr. (30501131),Austin Watkins Jr.,30501131,WR/FLEX,3000,CLE@SEA 10/29/2023 04:05PM ET,CLE,0
,,,,,,,,,,WR,Jaelon Darden (30501133),Jaelon Darden,30501133,WR/FLEX,3000,CLE@SEA 10/29/2023 04:05PM ET,CLE,0
,,,,,,,,,,DST,Browns  (30501650),Browns ,30501650,DST,3000,CLE@SEA 10/29/2023 04:05PM ET,CLE,9
,,,,,,,,,,WR,Devin Duvernay (30501087),Devin Duvernay,30501087,WR/FLEX,3000,BAL@ARI 10/29/2023 04:25PM ET,BAL,0.61
,,,,,,,,,,WR,Tylan Wallace (30501089),Tylan Wallace,30501089,WR/FLEX,3000,BAL@ARI 10/29/2023 04:25PM ET,BAL,0
,,,,,,,,,,WR,Tarik Black (30501091),Tarik Black,30501091,WR/FLEX,3000,BAL@ARI 10/29/2023 04:25PM ET,BAL,0
,,,,,,,,,,WR,Sean Ryan (30501093),Sean Ryan,30501093,WR/FLEX,3000,BAL@ARI 10/29/2023 04:25PM ET,BAL,0
,,,,,,,,,,WR,Laquon Treadwell (30501095),Laquon Treadwell,30501095,WR/FLEX,3000,BAL@ARI 10/29/2023 04:25PM ET,BAL,0
,,,,,,,,,,WR,Zach Pascal (30501097),Zach Pascal,30501097,WR/FLEX,3000,BAL@ARI 10/29/2023 04:25PM ET,ARI,0.98
,,,,,,,,,,WR,Greg Dortch (30501099),Greg Dortch,30501099,WR/FLEX,3000,BAL@ARI 10/29/2023 04:25PM ET,ARI,0
,,,,,,,,,,WR,Kaden Davis (30501101),Kaden Davis,30501101,WR/FLEX,3000,BAL@ARI 10/29/2023 04:25PM ET,ARI,0
,,,,,,,,,,WR,Jeff Smith (30501103),Jeff Smith,30501103,WR/FLEX,3000,BAL@ARI 10/29/2023 04:25PM ET,ARI,0
,,,,,,,,,,WR,Andre Baccellia (30501105),Andre Baccellia,30501105,WR/FLEX,3000,BAL@ARI 10/29/2023 04:25PM ET,ARI,0
,,,,,,,,,,WR,Justin Watson (30501057),Justin Watson,30501057,WR/FLEX,3000,KC@DEN 10/29/2023 04:25PM ET,KC,5.15
,,,,,,,,,,WR,Justyn Ross (30501059),Justyn Ross,30501059,WR/FLEX,3000,KC@DEN 10/29/2023 04:25PM ET,KC,0.91
,,,,,,,,,,WR,Richie James Jr. (30501061),Richie James Jr.,30501061,WR/FLEX,3000,KC@DEN 10/29/2023 04:25PM ET,KC,0.3
,,,,,,,,,,WR,Nikko Remigio (30501063),Nikko Remigio,30501063,WR/FLEX,3000,KC@DEN 10/29/2023 04:25PM ET,KC,0
,,,,,,,,,,WR,Montrell Washington (30501065),Montrell Washington,30501065,WR/FLEX,3000,KC@DEN 10/29/2023 04:25PM ET,KC,0
,,,,,,,,,,WR,Chase Cota (30501067),Chase Cota,30501067,WR/FLEX,3000,KC@DEN 10/29/2023 04:25PM ET,KC,0
,,,,,,,,,,WR,Cornell Powell (30501069),Cornell Powell,30501069,WR/FLEX,3000,KC@DEN 10/29/2023 04:25PM ET,KC,0
,,,,,,,,,,WR,Daniel Arias (30501071),Daniel Arias,30501071,WR/FLEX,3000,KC@DEN 10/29/2023 04:25PM ET,KC,0
,,,,,,,,,,WR,Brandon Johnson (30501073),Brandon Johnson,30501073,WR/FLEX,3000,KC@DEN 10/29/2023 04:25PM ET,DEN,5.46
,,,,,,,,,,WR,Lil'Jordan Humphrey (30501075),Lil'Jordan Humphrey,30501075,WR/FLEX,3000,KC@DEN 10/29/2023 04:25PM ET,DEN,1.8
,,,,,,,,,,WR,Tim Patrick (30501077),Tim Patrick,30501077,WR/FLEX,3000,KC@DEN 10/29/2023 04:25PM ET,DEN,0
,,,,,,,,,,WR,Jalen Virgil (30501079),Jalen Virgil,30501079,WR/FLEX,3000,KC@DEN 10/29/2023 04:25PM ET,DEN,0
,,,,,,,,,,WR,Tre'Quan Smith (30501081),Tre'Quan Smith,30501081,WR/FLEX,3000,KC@DEN 10/29/2023 04:25PM ET,DEN,0
,,,,,,,,,,WR,Phillip Dorsett II (30501083),Phillip Dorsett II,30501083,WR/FLEX,3000,KC@DEN 10/29/2023 04:25PM ET,DEN,0
,,,,,,,,,,WR,David Sills V (30501085),David Sills V,30501085,WR/FLEX,3000,KC@DEN 10/29/2023 04:25PM ET,DEN,0
,,,,,,,,,,WR,Trenton Irwin (30501031),Trenton Irwin,30501031,WR/FLEX,3000,CIN@SF 10/29/2023 04:25PM ET,CIN,3.34
,,,,,,,,,,WR,Ray-Ray McCloud III (30501033),Ray-Ray McCloud III,30501033,WR/FLEX,3000,CIN@SF 10/29/2023 04:25PM ET,SF,1.86
,,,,,,,,,,WR,Danny Gray (30501035),Danny Gray,30501035,WR/FLEX,3000,CIN@SF 10/29/2023 04:25PM ET,SF,0
,,,,,,,,,,WR,Chris Conley (30501037),Chris Conley,30501037,WR/FLEX,3000,CIN@SF 10/29/2023 04:25PM ET,SF,0
,,,,,,,,,,WR,Tay Martin (30501039),Tay Martin,30501039,WR/FLEX,3000,CIN@SF 10/29/2023 04:25PM ET,SF,0
,,,,,,,,,,WR,Willie Snead IV (30501041),Willie Snead IV,30501041,WR/FLEX,3000,CIN@SF 10/29/2023 04:25PM ET,SF,1.9
,,,,,,,,,,WR,Isaiah Winstead (30501043),Isaiah Winstead,30501043,WR/FLEX,3000,CIN@SF 10/29/2023 04:25PM ET,SF,0
,,,,,,,,,,WR,Andrei Iosivas (30501045),Andrei Iosivas,30501045,WR/FLEX,3000,CIN@SF 10/29/2023 04:25PM ET,CIN,1.53
,,,,,,,,,,WR,Charlie Jones (30501047),Charlie Jones,30501047,WR/FLEX,3000,CIN@SF 10/29/2023 04:25PM ET,CIN,2.53
,,,,,,,,,,WR,Kendric Pryor (30501049),Kendric Pryor,30501049,WR/FLEX,3000,CIN@SF 10/29/2023 04:25PM ET,CIN,0
,,,,,,,,,,WR,Stanley Morgan (30501051),Stanley Morgan,30501051,WR/FLEX,3000,CIN@SF 10/29/2023 04:25PM ET,CIN,0
,,,,,,,,,,WR,Kwamie Lassiter II (30501053),Kwamie Lassiter II,30501053,WR/FLEX,3000,CIN@SF 10/29/2023 04:25PM ET,CIN,1.2
,,,,,,,,,,WR,Shedrick Jackson (30501055),Shedrick Jackson,30501055,WR/FLEX,3000,CIN@SF 10/29/2023 04:25PM ET,CIN,0
,,,,,,,,,,TE,Hayden Hurst (30501397),Hayden Hurst,30501397,TE/FLEX,2900,HOU@CAR 10/29/2023 01:00PM ET,CAR,5.27
,,,,,,,,,,TE,Foster Moreau (30501395),Foster Moreau,30501395,TE/FLEX,2900,NO@IND 10/29/2023 01:00PM ET,NO,5.04
,,,,,,,,,,DST,Steelers  (30501651),Steelers ,30501651,DST,2900,JAX@PIT 10/29/2023 01:00PM ET,PIT,10.5
,,,,,,,,,,DST,Falcons  (30501652),Falcons ,30501652,DST,2900,ATL@TEN 10/29/2023 01:00PM ET,ATL,5.14
,,,,,,,,,,TE,Josh Oliver (30501407),Josh Oliver,30501407,TE/FLEX,2800,MIN@GB 10/29/2023 01:00PM ET,MIN,3.14
,,,,,,,,,,TE,Josiah Deguara (30501409),Josiah Deguara,30501409,TE/FLEX,2800,MIN@GB 10/29/2023 01:00PM ET,GB,2.13
,,,,,,,,,,TE,Durham Smythe (30501403),Durham Smythe,30501403,TE/FLEX,2800,NE@MIA 10/29/2023 01:00PM ET,MIA,3.33
,,,,,,,,,,DST,Jaguars  (30501653),Jaguars ,30501653,DST,2800,JAX@PIT 10/29/2023 01:00PM ET,JAX,8.71
,,,,,,,,,,TE,Trey McBride (30501401),Trey McBride,30501401,TE/FLEX,2800,BAL@ARI 10/29/2023 04:25PM ET,ARI,4.57
,,,,,,,,,,TE,Noah Gray (30501399),Noah Gray,30501399,TE/FLEX,2800,KC@DEN 10/29/2023 04:25PM ET,KC,4.94
,,,,,,,,,,TE,Irv Smith Jr. (30501405),Irv Smith Jr.,30501405,TE/FLEX,2800,CIN@SF 10/29/2023 04:25PM ET,CIN,2.3
,,,,,,,,,,DST,Packers  (30501654),Packers ,30501654,DST,2700,MIN@GB 10/29/2023 01:00PM ET,GB,6.17
,,,,,,,,,,TE,Mike Gesicki (30501411),Mike Gesicki,30501411,TE/FLEX,2700,NE@MIA 10/29/2023 01:00PM ET,NE,5.41
,,,,,,,,,,TE,Noah Fant (30501413),Noah Fant,30501413,TE/FLEX,2700,CLE@SEA 10/29/2023 04:05PM ET,SEA,5.23
,,,,,,,,,,DST,Panthers  (30501655),Panthers ,30501655,DST,2600,HOU@CAR 10/29/2023 01:00PM ET,CAR,4.33
,,,,,,,,,,TE,Connor Heyward (30501417),Connor Heyward,30501417,TE/FLEX,2600,JAX@PIT 10/29/2023 01:00PM ET,PIT,2.25
,,,,,,,,,,TE,Adam Trautman (30501415),Adam Trautman,30501415,TE/FLEX,2600,KC@DEN 10/29/2023 04:25PM ET,DEN,3.41
,,,,,,,,,,TE,Tommy Tremble (30501421),Tommy Tremble,30501421,TE/FLEX,2500,HOU@CAR 10/29/2023 01:00PM ET,CAR,2.35
,,,,,,,,,,TE,Stephen Sullivan (30501621),Stephen Sullivan,30501621,TE/FLEX,2500,HOU@CAR 10/29/2023 01:00PM ET,CAR,0
,,,,,,,,,,TE,Giovanni Ricci (30501623),Giovanni Ricci,30501623,TE/FLEX,2500,HOU@CAR 10/29/2023 01:00PM ET,CAR,0.24
,,,,,,,,,,TE,Ian Thomas (30501625),Ian Thomas,30501625,TE/FLEX,2500,HOU@CAR 10/29/2023 01:00PM ET,CAR,1.12
,,,,,,,,,,TE,Teagan Quitoriano (30501627),Teagan Quitoriano,30501627,TE/FLEX,2500,HOU@CAR 10/29/2023 01:00PM ET,HOU,0.88
,,,,,,,,,,TE,Brevin Jordan (30501629),Brevin Jordan,30501629,TE/FLEX,2500,HOU@CAR 10/29/2023 01:00PM ET,HOU,2.68
,,,,,,,,,,TE,Jordan Murray (30501631),Jordan Murray,30501631,TE/FLEX,2500,HOU@CAR 10/29/2023 01:00PM ET,HOU,0
,,,,,,,,,,TE,Dalton Keene (30501633),Dalton Keene,30501633,TE/FLEX,2500,HOU@CAR 10/29/2023 01:00PM ET,HOU,0
,,,,,,,,,,TE,Brycen Hopkins (30501603),Brycen Hopkins,30501603,TE/FLEX,2500,LAR@DAL 10/29/2023 01:00PM ET,LAR,0.87
,,,,,,,,,,TE,Davis Allen (30501605),Davis Allen,30501605,TE/FLEX,2500,LAR@DAL 10/29/2023 01:00PM ET,LAR,0
,,,,,,,,,,TE,Hunter Long (30501607),Hunter Long,30501607,TE/FLEX,2500,LAR@DAL 10/29/2023 01:00PM ET,LAR,0
,,,,,,,,,,TE,Nikola Kalinic (30501609),Nikola Kalinic,30501609,TE/FLEX,2500,LAR@DAL 10/29/2023 01:00PM ET,LAR,0
,,,,,,,,,,TE,Miller Forristall (30501611),Miller Forristall,30501611,TE/FLEX,2500,LAR@DAL 10/29/2023 01:00PM ET,LAR,0
,,,,,,,,,,TE,Luke Schoonmaker (30501613),Luke Schoonmaker,30501613,TE/FLEX,2500,LAR@DAL 10/29/2023 01:00PM ET,DAL,1.18
,,,,,,,,,,TE,Sean McKeon (30501615),Sean McKeon,30501615,TE/FLEX,2500,LAR@DAL 10/29/2023 01:00PM ET,DAL,0
,,,,,,,,,,TE,Peyton Hendershot (30501617),Peyton Hendershot,30501617,TE/FLEX,2500,LAR@DAL 10/29/2023 01:00PM ET,DAL,0.43
,,,,,,,,,,TE,Princeton Fant (30501619),Princeton Fant,30501619,TE/FLEX,2500,LAR@DAL 10/29/2023 01:00PM ET,DAL,0
,,,,,,,,,,TE,Johnny Mundt (30501589),Johnny Mundt,30501589,TE/FLEX,2500,MIN@GB 10/29/2023 01:00PM ET,MIN,0.3
,,,,,,,,,,TE,Nick Muse (30501591),Nick Muse,30501591,TE/FLEX,2500,MIN@GB 10/29/2023 01:00PM ET,MIN,0
,,,,,,,,,,TE,Troy Fumagalli (30501593),Troy Fumagalli,30501593,TE/FLEX,2500,MIN@GB 10/29/2023 01:00PM ET,MIN,0
,,,,,,,,,,TE,Andrew DePaola (30501595),Andrew DePaola,30501595,TE/FLEX,2500,MIN@GB 10/29/2023 01:00PM ET,MIN,0
,,,,,,,,,,TE,Tucker Kraft (30501597),Tucker Kraft,30501597,TE/FLEX,2500,MIN@GB 10/29/2023 01:00PM ET,GB,0.42
,,,,,,,,,,TE,Ben Sims (30501599),Ben Sims,30501599,TE/FLEX,2500,MIN@GB 10/29/2023 01:00PM ET,GB,0.57
,,,,,,,,,,TE,Tyler Davis (30501601),Tyler Davis,30501601,TE/FLEX,2500,MIN@GB 10/29/2023 01:00PM ET,GB,0
,,,,,,,,,,DST,Vikings  (30501656),Vikings ,30501656,DST,2500,MIN@GB 10/29/2023 01:00PM ET,MIN,8.14
,,,,,,,,,,TE,Jimmy Graham (30501571),Jimmy Graham,30501571,TE/FLEX,2500,NO@IND 10/29/2023 01:00PM ET,NO,1.11
,,,,,,,,,,TE,J.P. Holtz (30501573),J.P. Holtz,30501573,TE/FLEX,2500,NO@IND 10/29/2023 01:00PM ET,NO,0
,,,,,,,,,,TE,Michael Jacobson (30501575),Michael Jacobson,30501575,TE/FLEX,2500,NO@IND 10/29/2023 01:00PM ET,NO,0
,,,,,,,,,,TE,Zach Wood (30501577),Zach Wood,30501577,TE/FLEX,2500,NO@IND 10/29/2023 01:00PM ET,NO,0
,,,,,,,,,,TE,Tommy Hudson (30501579),Tommy Hudson,30501579,TE/FLEX,2500,NO@IND 10/29/2023 01:00PM ET,NO,0
,,,,,,,,,,TE,Drew Ogletree (30501581),Drew Ogletree,30501581,TE/FLEX,2500,NO@IND 10/29/2023 01:00PM ET,IND,3.75
,,,,,,,,,,TE,Mo Alie-Cox (30501583),Mo Alie-Cox,30501583,TE/FLEX,2500,NO@IND 10/29/2023 01:00PM ET,IND,2.3
,,,,,,,,,,TE,Will Mallory (30501585),Will Mallory,30501585,TE/FLEX,2500,NO@IND 10/29/2023 01:00PM ET,IND,2.3
,,,,,,,,,,TE,Jelani Woods (30501587),Jelani Woods,30501587,TE/FLEX,2500,NO@IND 10/29/2023 01:00PM ET,IND,0
,,,,,,,,,,TE,Pharaoh Brown (30501557),Pharaoh Brown,30501557,TE/FLEX,2500,NE@MIA 10/29/2023 01:00PM ET,NE,3.53
,,,,,,,,,,TE,Matt Sokol (30501559),Matt Sokol,30501559,TE/FLEX,2500,NE@MIA 10/29/2023 01:00PM ET,NE,0
,,,,,,,,,,TE,Julian Hill (30501561),Julian Hill,30501561,TE/FLEX,2500,NE@MIA 10/29/2023 01:00PM ET,MIA,0
,,,,,,,,,,TE,Tyler Kroft (30501563),Tyler Kroft,30501563,TE/FLEX,2500,NE@MIA 10/29/2023 01:00PM ET,MIA,0
,,,,,,,,,,TE,Tanner Conner (30501565),Tanner Conner,30501565,TE/FLEX,2500,NE@MIA 10/29/2023 01:00PM ET,MIA,0
,,,,,,,,,,TE,Nick Bowers (30501567),Nick Bowers,30501567,TE/FLEX,2500,NE@MIA 10/29/2023 01:00PM ET,MIA,0
,,,,,,,,,,TE,Elijah Higgins (30501569),Elijah Higgins,30501569,TE/FLEX,2500,NE@MIA 10/29/2023 01:00PM ET,MIA,1
,,,,,,,,,,TE,C.J. Uzomah (30501539),C.J. Uzomah,30501539,TE/FLEX,2500,NYJ@NYG 10/29/2023 01:00PM ET,NYJ,2.03
,,,,,,,,,,TE,Jeremy Ruckert (30501541),Jeremy Ruckert,30501541,TE/FLEX,2500,NYJ@NYG 10/29/2023 01:00PM ET,NYJ,1.27
,,,,,,,,,,TE,Kenny Yeboah (30501543),Kenny Yeboah,30501543,TE/FLEX,2500,NYJ@NYG 10/29/2023 01:00PM ET,NYJ,0
,,,,,,,,,,TE,Zack Kuntz (30501545),Zack Kuntz,30501545,TE/FLEX,2500,NYJ@NYG 10/29/2023 01:00PM ET,NYJ,0
,,,,,,,,,,TE,Daniel Bellinger (30501547),Daniel Bellinger,30501547,TE/FLEX,2500,NYJ@NYG 10/29/2023 01:00PM ET,NYG,0.89
,,,,,,,,,,TE,Tommy Sweeney (30501549),Tommy Sweeney,30501549,TE/FLEX,2500,NYJ@NYG 10/29/2023 01:00PM ET,NYG,0
,,,,,,,,,,TE,Lawrence Cager (30501551),Lawrence Cager,30501551,TE/FLEX,2500,NYJ@NYG 10/29/2023 01:00PM ET,NYG,0.74
,,,,,,,,,,TE,Tyree Jackson (30501553),Tyree Jackson,30501553,TE/FLEX,2500,NYJ@NYG 10/29/2023 01:00PM ET,NYG,0
,,,,,,,,,,TE,Ryan Jones (30501555),Ryan Jones,30501555,TE/FLEX,2500,NYJ@NYG 10/29/2023 01:00PM ET,NYG,0
,,,,,,,,,,TE,Pat Freiermuth (30501419),Pat Freiermuth,30501419,TE/FLEX,2500,JAX@PIT 10/29/2023 01:00PM ET,PIT,6.32
,,,,,,,,,,TE,Brenton Strange (30501525),Brenton Strange,30501525,TE/FLEX,2500,JAX@PIT 10/29/2023 01:00PM ET,JAX,1.91
,,,,,,,,,,TE,Luke Farrell (30501527),Luke Farrell,30501527,TE/FLEX,2500,JAX@PIT 10/29/2023 01:00PM ET,JAX,1
,,,,,,,,,,TE,Leonard Taylor (30501529),Leonard Taylor,30501529,TE/FLEX,2500,JAX@PIT 10/29/2023 01:00PM ET,JAX,0
,,,,,,,,,,TE,Josh Pederson (30501531),Josh Pederson,30501531,TE/FLEX,2500,JAX@PIT 10/29/2023 01:00PM ET,JAX,0
,,,,,,,,,,TE,Darnell Washington (30501533),Darnell Washington,30501533,TE/FLEX,2500,JAX@PIT 10/29/2023 01:00PM ET,PIT,0.33
,,,,,,,,,,TE,Rodney Williams II (30501535),Rodney Williams II,30501535,TE/FLEX,2500,JAX@PIT 10/29/2023 01:00PM ET,PIT,0
,,,,,,,,,,TE,Noah Gindorff (30501537),Noah Gindorff,30501537,TE/FLEX,2500,JAX@PIT 10/29/2023 01:00PM ET,PIT,0
,,,,,,,,,,TE,Trevon Wesco (30501509),Trevon Wesco,30501509,TE/FLEX,2500,ATL@TEN 10/29/2023 01:00PM ET,TEN,0.52
,,,,,,,,,,TE,Josh Whyle (30501511),Josh Whyle,30501511,TE/FLEX,2500,ATL@TEN 10/29/2023 01:00PM ET,TEN,2.4
,,,,,,,,,,TE,Kevin Rader (30501513),Kevin Rader,30501513,TE/FLEX,2500,ATL@TEN 10/29/2023 01:00PM ET,TEN,0
,,,,,,,,,,TE,Thomas Odukoya (30501515),Thomas Odukoya,30501515,TE/FLEX,2500,ATL@TEN 10/29/2023 01:00PM ET,TEN,0
,,,,,,,,,,TE,MyCole Pruitt (30501517),MyCole Pruitt,30501517,TE/FLEX,2500,ATL@TEN 10/29/2023 01:00PM ET,ATL,1.01
,,,,,,,,,,TE,Tucker Fisk (30501519),Tucker Fisk,30501519,TE/FLEX,2500,ATL@TEN 10/29/2023 01:00PM ET,ATL,0
,,,,,,,,,,TE,John FitzPatrick (30501521),John FitzPatrick,30501521,TE/FLEX,2500,ATL@TEN 10/29/2023 01:00PM ET,ATL,0
,,,,,,,,,,TE,Feleipe Franks (30501523),Feleipe Franks,30501523,TE/FLEX,2500,ATL@TEN 10/29/2023 01:00PM ET,ATL,0
,,,,,,,,,,TE,John Bates (30501493),John Bates,30501493,TE/FLEX,2500,PHI@WAS 10/29/2023 01:00PM ET,WAS,2.33
,,,,,,,,,,TE,Cole Turner (30501495),Cole Turner,30501495,TE/FLEX,2500,PHI@WAS 10/29/2023 01:00PM ET,WAS,2.31
,,,,,,,,,,TE,Curtis Hodges (30501497),Curtis Hodges,30501497,TE/FLEX,2500,PHI@WAS 10/29/2023 01:00PM ET,WAS,0
,,,,,,,,,,TE,Armani Rogers (30501499),Armani Rogers,30501499,TE/FLEX,2500,PHI@WAS 10/29/2023 01:00PM ET,WAS,0
,,,,,,,,,,TE,Brandon Dillon (30501501),Brandon Dillon,30501501,TE/FLEX,2500,PHI@WAS 10/29/2023 01:00PM ET,WAS,0
,,,,,,,,,,TE,Jack Stoll (30501503),Jack Stoll,30501503,TE/FLEX,2500,PHI@WAS 10/29/2023 01:00PM ET,PHI,0.43
,,,,,,,,,,TE,Grant Calcaterra (30501505),Grant Calcaterra,30501505,TE/FLEX,2500,PHI@WAS 10/29/2023 01:00PM ET,PHI,0
,,,,,,,,,,TE,Albert Okwuegbunam (30501507),Albert Okwuegbunam,30501507,TE/FLEX,2500,PHI@WAS 10/29/2023 01:00PM ET,PHI,0
,,,,,,,,,,TE,Colby Parkinson (30501479),Colby Parkinson,30501479,TE/FLEX,2500,CLE@SEA 10/29/2023 04:05PM ET,SEA,3.98
,,,,,,,,,,TE,Brady Russell (30501481),Brady Russell,30501481,TE/FLEX,2500,CLE@SEA 10/29/2023 04:05PM ET,SEA,0
,,,,,,,,,,TE,Tyler Mabry (30501483),Tyler Mabry,30501483,TE/FLEX,2500,CLE@SEA 10/29/2023 04:05PM ET,SEA,0
,,,,,,,,,,TE,Harrison Bryant (30501485),Harrison Bryant,30501485,TE/FLEX,2500,CLE@SEA 10/29/2023 04:05PM ET,CLE,1.72
,,,,,,,,,,TE,Jordan Akins (30501487),Jordan Akins,30501487,TE/FLEX,2500,CLE@SEA 10/29/2023 04:05PM ET,CLE,0.83
,,,,,,,,,,TE,Devin Asiasi (30501489),Devin Asiasi,30501489,TE/FLEX,2500,CLE@SEA 10/29/2023 04:05PM ET,CLE,0
,,,,,,,,,,TE,Zaire Mitchell-Paden (30501491),Zaire Mitchell-Paden,30501491,TE/FLEX,2500,CLE@SEA 10/29/2023 04:05PM ET,CLE,0
,,,,,,,,,,TE,Will Dissly (30501635),Will Dissly,30501635,TE/FLEX,2500,CLE@SEA 10/29/2023 04:05PM ET,SEA,2.32
,,,,,,,,,,TE,Isaiah Likely (30501463),Isaiah Likely,30501463,TE/FLEX,2500,BAL@ARI 10/29/2023 04:25PM ET,BAL,0.89
,,,,,,,,,,TE,Charlie Kolar (30501465),Charlie Kolar,30501465,TE/FLEX,2500,BAL@ARI 10/29/2023 04:25PM ET,BAL,0
,,,,,,,,,,TE,Tyler Ott (30501467),Tyler Ott,30501467,TE/FLEX,2500,BAL@ARI 10/29/2023 04:25PM ET,BAL,0
,,,,,,,,,,TE,Travis Vokolek (30501469),Travis Vokolek,30501469,TE/FLEX,2500,BAL@ARI 10/29/2023 04:25PM ET,BAL,0
,,,,,,,,,,TE,Eric Tomlinson (30501471),Eric Tomlinson,30501471,TE/FLEX,2500,BAL@ARI 10/29/2023 04:25PM ET,BAL,0
,,,,,,,,,,TE,Geoff Swaim (30501473),Geoff Swaim,30501473,TE/FLEX,2500,BAL@ARI 10/29/2023 04:25PM ET,ARI,0.86
,,,,,,,,,,TE,Bernhard Seikovits (30501475),Bernhard Seikovits,30501475,TE/FLEX,2500,BAL@ARI 10/29/2023 04:25PM ET,ARI,0
,,,,,,,,,,TE,Blake Whiteheart (30501477),Blake Whiteheart,30501477,TE/FLEX,2500,BAL@ARI 10/29/2023 04:25PM ET,ARI,0
,,,,,,,,,,TE,Blake Bell (30501443),Blake Bell,30501443,TE/FLEX,2500,KC@DEN 10/29/2023 04:25PM ET,KC,1.41
,,,,,,,,,,TE,Jody Fortson (30501445),Jody Fortson,30501445,TE/FLEX,2500,KC@DEN 10/29/2023 04:25PM ET,KC,0
,,,,,,,,,,TE,James Winchester (30501447),James Winchester,30501447,TE/FLEX,2500,KC@DEN 10/29/2023 04:25PM ET,KC,0
,,,,,,,,,,TE,Gerrit Prince (30501449),Gerrit Prince,30501449,TE/FLEX,2500,KC@DEN 10/29/2023 04:25PM ET,KC,0
,,,,,,,,,,TE,Matt Bushman (30501451),Matt Bushman,30501451,TE/FLEX,2500,KC@DEN 10/29/2023 04:25PM ET,KC,0
,,,,,,,,,,TE,Chris Manhertz (30501453),Chris Manhertz,30501453,TE/FLEX,2500,KC@DEN 10/29/2023 04:25PM ET,DEN,0.29
,,,,,,,,,,TE,Nate Adkins (30501455),Nate Adkins,30501455,TE/FLEX,2500,KC@DEN 10/29/2023 04:25PM ET,DEN,1.24
,,,,,,,,,,TE,Greg Dulcich (30501457),Greg Dulcich,30501457,TE/FLEX,2500,KC@DEN 10/29/2023 04:25PM ET,DEN,2.75
,,,,,,,,,,TE,Mitchell Fraboni (30501459),Mitchell Fraboni,30501459,TE/FLEX,2500,KC@DEN 10/29/2023 04:25PM ET,DEN,0
,,,,,,,,,,TE,Lucas Krull (30501461),Lucas Krull,30501461,TE/FLEX,2500,KC@DEN 10/29/2023 04:25PM ET,DEN,0
,,,,,,,,,,TE,Charlie Woerner (30501423),Charlie Woerner,30501423,TE/FLEX,2500,CIN@SF 10/29/2023 04:25PM ET,SF,0
,,,,,,,,,,TE,Ross Dwelley (30501425),Ross Dwelley,30501425,TE/FLEX,2500,CIN@SF 10/29/2023 04:25PM ET,SF,0.31
,,,,,,,,,,TE,Brayden Willis (30501427),Brayden Willis,30501427,TE/FLEX,2500,CIN@SF 10/29/2023 04:25PM ET,SF,0
,,,,,,,,,,TE,Cameron Latu (30501429),Cameron Latu,30501429,TE/FLEX,2500,CIN@SF 10/29/2023 04:25PM ET,SF,0
,,,,,,,,,,TE,Jake Tonges (30501431),Jake Tonges,30501431,TE/FLEX,2500,CIN@SF 10/29/2023 04:25PM ET,SF,0
,,,,,,,,,,TE,Drew Sample (30501433),Drew Sample,30501433,TE/FLEX,2500,CIN@SF 10/29/2023 04:25PM ET,CIN,0.67
,,,,,,,,,,TE,Mitchell Wilcox (30501435),Mitchell Wilcox,30501435,TE/FLEX,2500,CIN@SF 10/29/2023 04:25PM ET,CIN,0.78
,,,,,,,,,,TE,Cal Adomitis (30501437),Cal Adomitis,30501437,TE/FLEX,2500,CIN@SF 10/29/2023 04:25PM ET,CIN,0
,,,,,,,,,,TE,Tanner Hudson (30501439),Tanner Hudson,30501439,TE/FLEX,2500,CIN@SF 10/29/2023 04:25PM ET,CIN,4.4
,,,,,,,,,,TE,Zach Gentry (30501441),Zach Gentry,30501441,TE/FLEX,2500,CIN@SF 10/29/2023 04:25PM ET,CIN,0
,,,,,,,,,,DST,Rams  (30501657),Rams ,30501657,DST,2400,LAR@DAL 10/29/2023 01:00PM ET,LAR,4.29
,,,,,,,,,,DST,Commanders  (30501658),Commanders ,30501658,DST,2300,PHI@WAS 10/29/2023 01:00PM ET,WAS,6
,,,,,,,,,,DST,Bengals  (30501659),Bengals ,30501659,DST,2200,CIN@SF 10/29/2023 04:25PM ET,CIN,9.5
,,,,,,,,,,DST,Cardinals  (30501660),Cardinals ,30501660,DST,2100,BAL@ARI 10/29/2023 04:25PM ET,ARI,6.14
,,,,,,,,,,DST,Patriots  (30501661),Patriots ,30501661,DST,2000,NE@MIA 10/29/2023 01:00PM ET,NE,4.57
,,,,,,,,,,DST,Broncos  (30501662),Broncos ,30501662,DST,2000,KC@DEN 10/29/2023 04:25PM ET,DEN,4.86
